County,City,ZIP Code
Alameda,Alameda,94501
Alameda,Albany,94706
Alameda,Berkeley,94701
Alameda,Berkeley,94702
Alameda,Berkeley,94703
Alameda,Berkeley,94704
Alameda,Berkeley,94705
Alameda,Berkeley,94707
Alameda,Berkeley,94708
Alameda,Berkeley,94709
Alameda,Berkeley,94710
Alameda,Berkeley,94720
Alameda,Dublin,94568
Alameda,Emeryville,94608
Alameda,Emeryville,94662
Alameda,Fremont,94536
Alameda,Fremont,94537
Alameda,Fremont,94538
Alameda,Fremont,94539
Alameda,Fremont,94555
Alameda,Hayward,94540
Alameda,Hayward,94541
Alameda,Hayward,94542
Alameda,Hayward,94543
Alameda,Hayward,94544
Alameda,Hayward,94545
Alameda,Livermore,94550
Alameda,Livermore,94551
Alameda,Newark,94560
Alameda,Oakland,94601
Alameda,Oakland,94602
Alameda,Oakland,94603
Alameda,Oakland,94604
Alameda,Oakland,94605
Alameda,Oakland,94606
Alameda,Oakland,94607
Alameda,Oakland,94609
Alameda,Oakland,94610
Alameda,Oakland,94611
Alameda,Oakland,94612
Alameda,Oakland,94613
Alameda,Oakland,94618
Alameda,Oakland,94619
Alameda,Oakland,94621
Alameda,Piedmont,94610
Alameda,Piedmont,94611
Alameda,Pleasanton,94566
Alameda,Pleasanton,94588
Alameda,San Leandro,94577
Alameda,San Leandro,94578
Alameda,San Leandro,94579
Alameda,Union City,94587
Alpine,None,96120
Amador,Amador City,95601
Amador,Ione,95640
Amador,Jackson,95642
Amador,Plymouth,95669
Amador,Sutter Creek,95685
Butte,Biggs,95917
Butte,Chico,95926
Butte,Chico,95928
Butte,Chico,95973
Butte,Gridley,95948
Butte,Oroville,95965
Butte,Oroville,95966
Butte,Paradise,95969
Calaveras,Angels Camp,95222
Colusa,Colusa,95932
Colusa,Williams,95987
Contra Costa,Antioch,94509
Contra Costa,Antioch,94531
Contra Costa,Brentwood,94513
Contra Costa,Clayton,94517
Contra Costa,Concord,94518
Contra Costa,Concord,94519
Contra Costa,Concord,94520
Contra Costa,Concord,94521
Contra Costa,Concord,94522
Contra Costa,Danville,94506
Contra Costa,El Cerrito,94530
Contra Costa,Hercules,94547
Contra Costa,Lafayette,94549
Contra Costa,Martinez,94553
Contra Costa,Moraga,94556
Contra Costa,Oakley,94561
Contra Costa,Orinda,94563
Contra Costa,Pinole,94564
Contra Costa,Pittsburg,94565
Contra Costa,Pleasant Hill,94523
Contra Costa,Richmond,94801
Contra Costa,Richmond,94804
Contra Costa,Richmond,94805
Contra Costa,Richmond,94806
Contra Costa,San Pablo,94806
Contra Costa,San Ramon,94582
Contra Costa,San Ramon,94583
Contra Costa,Walnut Creek,94595
Contra Costa,Walnut Creek,94596
Contra Costa,Walnut Creek,94597
Contra Costa,Walnut Creek,94598
Del Norte,Crescent City,95531
El Dorado,Placerville,95667
El Dorado,South Lake Tahoe,96150
El Dorado,South Lake Tahoe,96151
El Dorado,South Lake Tahoe,96154
El Dorado,South Lake Tahoe,96155
El Dorado,South Lake Tahoe,96157
El Dorado,South Lake Tahoe,96158
Fresno,Clovis,93611
Fresno,Clovis,93612
Fresno,Clovis,93619
Fresno,Coalinga,93210
Fresno,Firebaugh,93622
Fresno,Fowler,93625
Fresno,Fresno,93650
Fresno,Fresno,93701
Fresno,Fresno,93702
Fresno,Fresno,93703
Fresno,Fresno,93704
Fresno,Fresno,93705
Fresno,Fresno,93706
Fresno,Fresno,93707
Fresno,Fresno,93708
Fresno,Fresno,93710
Fresno,Fresno,93711
Fresno,Fresno,93720
Fresno,Fresno,93721
Fresno,Fresno,93722
Fresno,Fresno,93723
Fresno,Fresno,93724
Fresno,Fresno,93725
Fresno,Fresno,93726
Fresno,Fresno,93727
Fresno,Fresno,93728
Fresno,Fresno,93729
Fresno,Huron,93234
Fresno,Kerman,93630
Fresno,Kingsburg,93631
Fresno,Mendota,93640
Fresno,Orange Cove,93646
Fresno,Parlier,93648
Fresno,Reedley,93654
Fresno,Sanger,93657
Fresno,San Joaquin,93660
Fresno,Selma,93662
Glenn,Orland,95963
Glenn,Willows,95988
Humboldt,Arcata,95521
Humboldt,Blue Lake,95525
Humboldt,Eureka,95501
Humboldt,Eureka,95502
Humboldt,Eureka,95503
Humboldt,Ferndale,95536
Humboldt,Fortuna,95540
Humboldt,Rio Dell,95562
Humboldt,Trinidad,95570
Imperial,Brawley,92227
Imperial,Calexico,92231
Imperial,Calexico,92232
Imperial,El Centro,92243
Imperial,El Centro,92244
Imperial,Holtville,92250
Imperial,Imperial,92251
Imperial,Westmorland,92281
Inyo,Bishop,93514
Kern,Arvin,93203
Kern,Bakersfield,93301
Kern,Bakersfield,93302
Kern,Bakersfield,93303
Kern,Bakersfield,93304
Kern,Bakersfield,93305
Kern,Bakersfield,93306
Kern,Bakersfield,93307
Kern,Bakersfield,93308
Kern,Bakersfield,93309
Kern,Bakersfield,93311
Kern,Bakersfield,93312
Kern,Bakersfield,93313
Kern,Bakersfield,93314
Kern,California City,93504
Kern,California City,93505
Kern,Delano,93215
Kern,Delano,93216
Kern,Maricopa,93252
Kern,McFarland,93250
Kern,Ridgecrest,93555
Kern,Ridgecrest,93556
Kern,Shafter,93263
Kern,Taft,93268
Kern,Tehachapi,93561
Kern,Wasco,93280
Kings,Avenal,93204
Kings,Corcoran,93212
Kings,Hanford,93230
Kings,Hanford,93232
Kings,Lemoore,93245
Kings,Lemoore,93246
Lake,Clearlake,95422
Lake,Lakeport,95453
Lassen,Susanville,96130
Los Angeles,Agoura Hills,91301
Los Angeles,Alhambra,91801
Los Angeles,Alhambra,91802
Los Angeles,Alhambra,91803
Los Angeles,Arcadia,91006
Los Angeles,Arcadia,91007
Los Angeles,Artesia,90701
Los Angeles,Avalon,90704
Los Angeles,Azusa,91702
Los Angeles,Baldwin Park,91706
Los Angeles,Bell,90201
Los Angeles,Bellflower,90706
Los Angeles,Bell Gardens,90201
Los Angeles,Beverly Hills,90209
Los Angeles,Beverly Hills,90210
Los Angeles,Beverly Hills,90211
Los Angeles,Beverly Hills,90212
Los Angeles,Bradbury,91008
Los Angeles,Burbank,91501
Los Angeles,Burbank,91502
Los Angeles,Burbank,91503
Los Angeles,Burbank,91504
Los Angeles,Burbank,91505
Los Angeles,Burbank,91506
Los Angeles,Calabasas,91302
Los Angeles,Carson,90745
Los Angeles,Carson,90746
Los Angeles,Cerritos,90703
Los Angeles,Claremont,91711
Los Angeles,Commerce,90040
Los Angeles,Compton,90220
Los Angeles,Compton,90221
Los Angeles,Compton,90222
Los Angeles,Covina,91722
Los Angeles,Covina,91723
Los Angeles,Cudahy,90201
Los Angeles,Culver City,90230
Los Angeles,Culver City,90232
Los Angeles,Diamond Bar,91765
Los Angeles,Downey,90239
Los Angeles,Downey,90240
Los Angeles,Downey,90241
Los Angeles,Downey,90242
Los Angeles,Duarte,91008
Los Angeles,Duarte,91009
Los Angeles,Duarte,91010
Los Angeles,El Monte,91731
Los Angeles,El Monte,91732
Los Angeles,El Monte,91733
Los Angeles,El Segundo,90245
Los Angeles,Gardena,90247
Los Angeles,Gardena,90248
Los Angeles,Gardena,90249
Los Angeles,Glendale,91201
Los Angeles,Glendale,91202
Los Angeles,Glendale,91203
Los Angeles,Glendale,91204
Los Angeles,Glendale,91205
Los Angeles,Glendale,91206
Los Angeles,Glendale,91207
Los Angeles,Glendale,91208
Los Angeles,Glendora,91740
Los Angeles,Glendora,91741
Los Angeles,Hawaiian Gardens,90716
Los Angeles,Hawthorne,90250
Los Angeles,Hermosa Beach,90254
Los Angeles,Hidden Hills,91302
Los Angeles,Huntington Park,90255
Los Angeles,Industry,91715
Los Angeles,Industry,91716
Los Angeles,Industry,91744
Los Angeles,Industry,91745
Los Angeles,Industry,91746
Los Angeles,Inglewood,90301
Los Angeles,Inglewood,90302
Los Angeles,Inglewood,90303
Los Angeles,Inglewood,90304
Los Angeles,Inglewood,90305
Los Angeles,Irwindale,91706
Los Angeles,La Canada Flintridge,91011
Los Angeles,La Canada Flintridge,91012
Los Angeles,La Habra Heights,90631
Los Angeles,Lakewood,90712
Los Angeles,Lakewood,90713
Los Angeles,Lakewood,90714
Los Angeles,La Mirada,90638
Los Angeles,La Mirada,90639
Los Angeles,Lancaster,93534
Los Angeles,Lancaster,93535
Los Angeles,Lancaster,93536
Los Angeles,Lancaster,93539
Los Angeles,La Puente,91744
Los Angeles,La Puente,91746
Los Angeles,La Verne,91750
Los Angeles,Lawndale,90260
Los Angeles,Lomita,90717
Los Angeles,Long Beach,90801
Los Angeles,Long Beach,90802
Los Angeles,Long Beach,90803
Los Angeles,Long Beach,90804
Los Angeles,Long Beach,90805
Los Angeles,Long Beach,90806
Los Angeles,Long Beach,90807
Los Angeles,Long Beach,90808
Los Angeles,Long Beach,90810
Los Angeles,Long Beach,90813
Los Angeles,Long Beach,90814
Los Angeles,Long Beach,90815
Los Angeles,Long Beach,90822
Los Angeles,Long Beach,90831
Los Angeles,Long Beach,90840
Los Angeles,Los Angeles,90001
Los Angeles,Los Angeles,90002
Los Angeles,Los Angeles,90003
Los Angeles,Los Angeles,90004
Los Angeles,Los Angeles,90005
Los Angeles,Los Angeles,90006
Los Angeles,Los Angeles,90007
Los Angeles,Los Angeles,90008
Los Angeles,Los Angeles,90010
Los Angeles,Los Angeles,90011
Los Angeles,Los Angeles,90012
Los Angeles,Los Angeles,90013
Los Angeles,Los Angeles,90014
Los Angeles,Los Angeles,90015
Los Angeles,Los Angeles,90016
Los Angeles,Los Angeles,90017
Los Angeles,Los Angeles,90018
Los Angeles,Los Angeles,90019
Los Angeles,Los Angeles,90020
Los Angeles,Los Angeles,90021
Los Angeles,Los Angeles,90022
Los Angeles,Los Angeles,90023
Los Angeles,Los Angeles,90024
Los Angeles,Los Angeles,90025
Los Angeles,Los Angeles,90026
Los Angeles,Los Angeles,90027
Los Angeles,Los Angeles,90028
Los Angeles,Los Angeles,90029
Los Angeles,Los Angeles,90031
Los Angeles,Los Angeles,90032
Los Angeles,Los Angeles,90033
Los Angeles,Los Angeles,90034
Los Angeles,Los Angeles,90035
Los Angeles,Los Angeles,90036
Los Angeles,Los Angeles,90037
Los Angeles,Los Angeles,90038
Los Angeles,Los Angeles,90039
Los Angeles,Los Angeles,90041
Los Angeles,Los Angeles,90042
Los Angeles,Los Angeles,90043
Los Angeles,Los Angeles,90044
Los Angeles,Los Angeles,90045
Los Angeles,Los Angeles,90046
Los Angeles,Los Angeles,90047
Los Angeles,Los Angeles,90048
Los Angeles,Los Angeles,90049
Los Angeles,Los Angeles,90056
Los Angeles,Los Angeles,90057
Los Angeles,Los Angeles,90058
Los Angeles,Los Angeles,90059
Los Angeles,Los Angeles,90061
Los Angeles,Los Angeles,90062
Los Angeles,Los Angeles,90063
Los Angeles,Los Angeles,90064
Los Angeles,Los Angeles,90065
Los Angeles,Los Angeles,90066
Los Angeles,Los Angeles,90067
Los Angeles,Los Angeles,90068
Los Angeles,Los Angeles,90069
Los Angeles,Los Angeles,90071
Los Angeles,Los Angeles,90077
Los Angeles,Los Angeles,90089
Los Angeles,Los Angeles,90094
Los Angeles,Los Angeles,90095
Los Angeles,Lynwood,90262
Los Angeles,Malibu,90263
Los Angeles,Malibu,90264
Los Angeles,Malibu,90265
Los Angeles,Manhattan Beach,90266
Los Angeles,Maywood,90270
Los Angeles,Monrovia,91016
Los Angeles,Monrovia,91017
Los Angeles,Montebello,90640
Los Angeles,Monterey Park,91754
Los Angeles,Monterey Park,91755
Los Angeles,Monterey Park,91756
Los Angeles,Norwalk,90650
Los Angeles,Palmdale,93550
Los Angeles,Palmdale,93551
Los Angeles,Palmdale,93552
Los Angeles,Palos Verdes Estates,90274
Los Angeles,Paramount,90723
Los Angeles,Pasadena,91001
Los Angeles,Pasadena,91101
Los Angeles,Pasadena,91103
Los Angeles,Pasadena,91104
Los Angeles,Pasadena,91105
Los Angeles,Pasadena,91106
Los Angeles,Pasadena,91107
Los Angeles,Pico Rivera,90660
Los Angeles,Pomona,91766
Los Angeles,Pomona,91767
Los Angeles,Pomona,91768
Los Angeles,Pomona,91769
Los Angeles,Rancho Palos Verdes,90275
Los Angeles,Redondo Beach,90277
Los Angeles,Redondo Beach,90278
Los Angeles,Rolling Hills,90274
Los Angeles,Rolling Hills Estates,90274
Los Angeles,Rosemead,91770
Los Angeles,San Dimas,91773
Los Angeles,San Fernando,91340
Los Angeles,San Gabriel,91775
Los Angeles,San Gabriel,91776
Los Angeles,San Marino,91108
Los Angeles,Santa Clarita,91321
Los Angeles,Santa Clarita,91350
Los Angeles,Santa Clarita,91351
Los Angeles,Santa Clarita,91354
Los Angeles,Santa Clarita,91355
Los Angeles,Santa Clarita,91380
Los Angeles,Santa Clarita,91381
Los Angeles,Santa Clarita,91382
Los Angeles,Santa Clarita,91383
Los Angeles,Santa Clarita,91384
Los Angeles,Santa Clarita,91385
Los Angeles,Santa Clarita,91386
Los Angeles,Santa Clarita,91387
Los Angeles,Santa Fe Springs,90670
Los Angeles,Santa Monica,90401
Los Angeles,Santa Monica,90402
Los Angeles,Santa Monica,90403
Los Angeles,Santa Monica,90404
Los Angeles,Santa Monica,90405
Los Angeles,Sierra Madre,91024
Los Angeles,Signal Hill,90755
Los Angeles,South El Monte,91733
Los Angeles,South Gate,90280
Los Angeles,South Pasadena,91030
Los Angeles,South Pasadena,91031
Los Angeles,Temple City,91780
Los Angeles,Torrance,90501
Los Angeles,Torrance,90502
Los Angeles,Torrance,90503
Los Angeles,Torrance,90504
Los Angeles,Torrance,90505
Los Angeles,Vernon,90058
Los Angeles,Walnut,91789
Los Angeles,West Covina,91790
Los Angeles,West Covina,91791
Los Angeles,West Covina,91792
Los Angeles,West Hollywood,90046
Los Angeles,West Hollywood,90048
Los Angeles,West Hollywood,90069
Los Angeles,Westlake Village,91361
Los Angeles,Whittier,90601
Los Angeles,Whittier,90602
Los Angeles,Whittier,90603
Los Angeles,Whittier,90604
Los Angeles,Whittier,90605
Los Angeles,Whittier,90606
Madera,Chowchilla,93610
Madera,Madera,93637
Madera,Madera,93638
Madera,Madera,93639
Marin,Belvedere,94920
Marin,Corte Madera,94925
Marin,Fairfax,94930
Marin,Larkspur,94939
Marin,Mill Valley,94941
Marin,Mill Valley,94942
Marin,Novato,94945
Marin,Novato,94947
Marin,Novato,94948
Marin,Novato,94949
Marin,Ross,94957
Marin,San Anselmo,94960
Marin,San Rafael,94901
Marin,San Rafael,94903
Marin,Sausalito,94965
Marin,Sausalito,94966
Marin,Tiburon,94920
Mariposa,None,95338
Mendocino,Fort Bragg,95437
Mendocino,Point Arena,95468
Mendocino,Ukiah,95482
Mendocino,Willits,95490
Merced,Atwater,95301
Merced,Dos Palos,93620
Merced,Gustine,95322
Merced,Livingston,95334
Merced,Los Banos,93635
Merced,Merced,95340
Merced,Merced,95341
Merced,Merced,95343
Merced,Merced,95344
Merced,Merced,95348
Modoc,Alturas,96101
Mono,Mammoth Lakes,93546
Monterey,Carmel-by-the-Sea,93921
Monterey,Carmel-by-the-Sea,93923
Monterey,Del Rey Oaks,93940
Monterey,Gonzales,93926
Monterey,Greenfield,93927
Monterey,King City,93930
Monterey,Marina,93933
Monterey,Monterey,93940
Monterey,Monterey,93943
Monterey,Pacific Grove,93950
Monterey,Salinas,93901
Monterey,Salinas,93902
Monterey,Salinas,93905
Monterey,Salinas,93906
Monterey,Salinas,93907
Monterey,Sand City,93955
Monterey,Seaside,93955
Monterey,Soledad,93960
Napa,American Canyon,94503
Napa,Calistoga,94515
Napa,Napa,94558
Napa,Napa,94559
Napa,St. Helena,94574
Napa,Yountville,94599
Nevada,Grass Valley,95945
Nevada,Grass Valley,95949
Nevada,Nevada City,95959
Nevada,Truckee,96160
Nevada,Truckee,96161
Nevada,Truckee,96162
Orange,Aliso Viejo,92656
Orange,Anaheim,92801
Orange,Anaheim,92802
Orange,Anaheim,92804
Orange,Anaheim,92805
Orange,Anaheim,92806
Orange,Anaheim,92807
Orange,Anaheim,92808
Orange,Brea,92821
Orange,Brea,92822
Orange,Brea,92823
Orange,Buena Park,90620
Orange,Buena Park,90621
Orange,Buena Park,90622
Orange,Buena Park,90623
Orange,Buena Park,90624
Orange,Costa Mesa,92626
Orange,Costa Mesa,92627
Orange,Costa Mesa,92628
Orange,Cypress,90630
Orange,Dana Point,92624
Orange,Dana Point,92629
Orange,Fountain Valley,92708
Orange,Fullerton,92831
Orange,Fullerton,92832
Orange,Fullerton,92833
Orange,Fullerton,92834
Orange,Fullerton,92835
Orange,Fullerton,92836
Orange,Fullerton,92837
Orange,Fullerton,92838
Orange,Garden Grove,92840
Orange,Garden Grove,92841
Orange,Garden Grove,92843
Orange,Garden Grove,92844
Orange,Garden Grove,92845
Orange,Huntington Beach,92646
Orange,Huntington Beach,92647
Orange,Huntington Beach,92648
Orange,Huntington Beach,92649
Orange,Irvine,92602
Orange,Irvine,92603
Orange,Irvine,92604
Orange,Irvine,92606
Orange,Irvine,92612
Orange,Irvine,92614
Orange,Irvine,92617
Orange,Irvine,92618
Orange,Irvine,92620
Orange,La Habra,90631
Orange,La Habra,90632
Orange,La Habra,90633
Orange,La Palma,90623
Orange,Laguna Beach,92651
Orange,Laguna Beach,92652
Orange,Laguna Hills,92653
Orange,Laguna Niguel,92607
Orange,Laguna Niguel,92677
Orange,Laguna Woods,92637
Orange,Lake Forest,92609
Orange,Lake Forest,92610
Orange,Lake Forest,92630
Orange,Los Alamitos,90720
Orange,Mission Viejo,92675
Orange,Mission Viejo,92676
Orange,Mission Viejo,92691
Orange,Mission Viejo,92692
Orange,Newport Beach,92625
Orange,Newport Beach,92657
Orange,Newport Beach,92658
Orange,Newport Beach,92660
Orange,Newport Beach,92661
Orange,Newport Beach,92662
Orange,Newport Beach,92663
Orange,Orange,92856
Orange,Orange,92857
Orange,Orange,92865
Orange,Orange,92866
Orange,Orange,92867
Orange,Orange,92868
Orange,Orange,92869
Orange,Placentia,92870
Orange,Placentia,92871
Orange,Rancho Santa Margarita,92688
Orange,San Clemente,92672
Orange,San Clemente,92673
Orange,San Clemente,92674
Orange,San Juan Capistrano,92675
Orange,San Juan Capistrano,92693
Orange,Santa Ana,92701
Orange,Santa Ana,92702
Orange,Santa Ana,92703
Orange,Santa Ana,92704
Orange,Santa Ana,92705
Orange,Santa Ana,92706
Orange,Santa Ana,92707
Orange,Santa Ana,92711
Orange,Santa Ana,92712
Orange,Seal Beach,90740
Orange,Stanton,90680
Orange,Tustin,92780
Orange,Tustin,92782
Orange,Villa Park,92861
Orange,Westminster,92683
Orange,Westminster,92684
Orange,Yorba Linda,92885
Orange,Yorba Linda,92886
Orange,Yorba Linda,92887
Placer,Auburn,95602
Placer,Auburn,95603
Placer,Colfax,95713
Placer,Lincoln,95648
Placer,Loomis,95650
Placer,Rocklin,95677
Placer,Roseville,95661
Placer,Roseville,95678
Placer,Roseville,95747
Plumas,Portola,96122
Riverside,Banning,92220
Riverside,Beaumont,92223
Riverside,Blythe,92225
Riverside,Calimesa,92320
Riverside,Canyon Lake,92587
Riverside,Cathedral City,92234
Riverside,Cathedral City,92235
Riverside,Coachella,92236
Riverside,Corona,92877
Riverside,Corona,92878
Riverside,Corona,92879
Riverside,Corona,92880
Riverside,Corona,92881
Riverside,Corona,92882
Riverside,Corona,92883
Riverside,Desert Hot Springs,92240
Riverside,Desert Hot Springs,92241
Riverside,Eastvale,91752
Riverside,Hemet,92543
Riverside,Hemet,92544
Riverside,Hemet,92545
Riverside,Indian Wells,92210
Riverside,Indio,92201
Riverside,Indio,92203
Riverside,Jurupa Valley,91752
Riverside,La Quinta,92247
Riverside,La Quinta,92253
Riverside,Lake Elsinore,92530
Riverside,Lake Elsinore,92532
Riverside,Menifee,92584
Riverside,Menifee,92585
Riverside,Menifee,92586
Riverside,Moreno Valley,92551
Riverside,Moreno Valley,92553
Riverside,Moreno Valley,92555
Riverside,Moreno Valley,92557
Riverside,Murrieta,92562
Riverside,Murrieta,92563
Riverside,Norco,92860
Riverside,Palm Desert,92210
Riverside,Palm Desert,92211
Riverside,Palm Springs,92262
Riverside,Palm Springs,92263
Riverside,Palm Springs,92264
Riverside,Perris,92570
Riverside,Perris,92571
Riverside,Rancho Mirage,92270
Riverside,Riverside,92501
Riverside,Riverside,92502
Riverside,Riverside,92503
Riverside,Riverside,92504
Riverside,Riverside,92505
Riverside,Riverside,92506
Riverside,Riverside,92507
Riverside,Riverside,92508
Riverside,Riverside,92509
Riverside,San Jacinto,92582
Riverside,San Jacinto,92583
Riverside,Temecula,92589
Riverside,Temecula,92590
Riverside,Temecula,92591
Riverside,Temecula,92592
Riverside,Wildomar,92595
Sacramento,Citrus Heights,95610
Sacramento,Citrus Heights,95621
Sacramento,Elk Grove,95624
Sacramento,Elk Grove,95757
Sacramento,Elk Grove,95758
Sacramento,Elk Grove,95759
Sacramento,Folsom,95630
Sacramento,Folsom,95763
Sacramento,Galt,95632
Sacramento,Isleton,95641
Sacramento,Rancho Cordova,95670
Sacramento,Rancho Cordova,95741
Sacramento,Rancho Cordova,95742
Sacramento,Sacramento,94203
Sacramento,Sacramento,94204
Sacramento,Sacramento,94205
Sacramento,Sacramento,94206
Sacramento,Sacramento,94207
Sacramento,Sacramento,94208
Sacramento,Sacramento,94209
Sacramento,Sacramento,94211
Sacramento,Sacramento,94229
Sacramento,Sacramento,94230
Sacramento,Sacramento,94232
Sacramento,Sacramento,94234
Sacramento,Sacramento,94235
Sacramento,Sacramento,94236
Sacramento,Sacramento,94237
Sacramento,Sacramento,94239
Sacramento,Sacramento,94240
Sacramento,Sacramento,94244
Sacramento,Sacramento,94245
Sacramento,Sacramento,94246
Sacramento,Sacramento,94247
Sacramento,Sacramento,94248
Sacramento,Sacramento,94249
Sacramento,Sacramento,94250
Sacramento,Sacramento,94252
Sacramento,Sacramento,94254
Sacramento,Sacramento,94256
Sacramento,Sacramento,94257
Sacramento,Sacramento,94258
Sacramento,Sacramento,94259
Sacramento,Sacramento,94261
Sacramento,Sacramento,94262
Sacramento,Sacramento,94263
Sacramento,Sacramento,94267
Sacramento,Sacramento,94268
Sacramento,Sacramento,94269
Sacramento,Sacramento,94271
Sacramento,Sacramento,94273
Sacramento,Sacramento,94274
Sacramento,Sacramento,94277
Sacramento,Sacramento,94278
Sacramento,Sacramento,94279
Sacramento,Sacramento,94280
Sacramento,Sacramento,94282
Sacramento,Sacramento,94283
Sacramento,Sacramento,94284
Sacramento,Sacramento,94285
Sacramento,Sacramento,94286
Sacramento,Sacramento,94287
Sacramento,Sacramento,94288
Sacramento,Sacramento,94289
Sacramento,Sacramento,94290
Sacramento,Sacramento,94291
Sacramento,Sacramento,94293
Sacramento,Sacramento,94294
Sacramento,Sacramento,94295
Sacramento,Sacramento,94296
Sacramento,Sacramento,94297
Sacramento,Sacramento,94298
Sacramento,Sacramento,94299
Sacramento,Sacramento,95811
Sacramento,Sacramento,95812
Sacramento,Sacramento,95813
Sacramento,Sacramento,95814
Sacramento,Sacramento,95815
Sacramento,Sacramento,95816
Sacramento,Sacramento,95817
Sacramento,Sacramento,95818
Sacramento,Sacramento,95819
Sacramento,Sacramento,95820
Sacramento,Sacramento,95821
Sacramento,Sacramento,95822
Sacramento,Sacramento,95823
Sacramento,Sacramento,95824
Sacramento,Sacramento,95825
Sacramento,Sacramento,95826
Sacramento,Sacramento,95827
Sacramento,Sacramento,95828
Sacramento,Sacramento,95829
Sacramento,Sacramento,95830
Sacramento,Sacramento,95831
Sacramento,Sacramento,95832
Sacramento,Sacramento,95833
Sacramento,Sacramento,95834
Sacramento,Sacramento,95835
Sacramento,Sacramento,95836
Sacramento,Sacramento,95837
Sacramento,Sacramento,95838
Sacramento,Sacramento,95840
Sacramento,Sacramento,95841
Sacramento,Sacramento,95842
Sacramento,Sacramento,95843
Sacramento,Sacramento,95851
Sacramento,Sacramento,95852
Sacramento,Sacramento,95853
Sacramento,Sacramento,95860
Sacramento,Sacramento,95864
Sacramento,Sacramento,95865
Sacramento,Sacramento,95866
Sacramento,Sacramento,95867
San Benito,Hollister,95023
San Benito,Hollister,95024
San Benito,San Juan Bautista,95045
San Bernardino,Adelanto,92301
San Bernardino,Apple Valley,92307
San Bernardino,Apple Valley,92308
San Bernardino,Barstow,92311
San Bernardino,Big Bear Lake,92315
San Bernardino,Chino,91708
San Bernardino,Chino,91710
San Bernardino,Chino Hills,91709
San Bernardino,Colton,92324
San Bernardino,Fontana,92335
San Bernardino,Fontana,92336
San Bernardino,Fontana,92337
San Bernardino,Grand Terrace,92313
San Bernardino,Hesperia,92340
San Bernardino,Hesperia,92345
San Bernardino,Highland,92346
San Bernardino,Loma Linda,92350
San Bernardino,Loma Linda,92354
San Bernardino,Montclair,91763
San Bernardino,Needles,92363
San Bernardino,Ontario,91758
San Bernardino,Ontario,91761
San Bernardino,Ontario,91762
San Bernardino,Ontario,91764
San Bernardino,Rancho Cucamonga,91701
San Bernardino,Rancho Cucamonga,91730
San Bernardino,Rancho Cucamonga,91737
San Bernardino,Rancho Cucamonga,91739
San Bernardino,Redlands,92373
San Bernardino,Redlands,92374
San Bernardino,Redlands,92375
San Bernardino,Rialto,92376
San Bernardino,Rialto,92377
San Bernardino,San Bernardino,92401
San Bernardino,San Bernardino,92404
San Bernardino,San Bernardino,92405
San Bernardino,San Bernardino,92407
San Bernardino,San Bernardino,92408
San Bernardino,San Bernardino,92410
San Bernardino,San Bernardino,92411
San Bernardino,Twentynine Palms,92277
San Bernardino,Upland,91784
San Bernardino,Upland,91785
San Bernardino,Upland,91786
San Bernardino,Victorville,92392
San Bernardino,Victorville,92393
San Bernardino,Victorville,92394
San Bernardino,Victorville,92395
San Bernardino,Yucaipa,92399
San Bernardino,Yucca Valley,92284
San Bernardino,Yucca Valley,92285
San Bernardino,Yucca Valley,92286
San Diego,Carlsbad,92008
San Diego,Carlsbad,92009
San Diego,Carlsbad,92010
San Diego,Carlsbad,92011
San Diego,Carlsbad,92013
San Diego,Carlsbad,92018
San Diego,Chula Vista,91909
San Diego,Chula Vista,91910
San Diego,Chula Vista,91911
San Diego,Chula Vista,91913
San Diego,Chula Vista,91914
San Diego,Chula Vista,91915
San Diego,Coronado,92118
San Diego,Del Mar,92014
San Diego,El Cajon,92019
San Diego,El Cajon,92020
San Diego,El Cajon,92021
San Diego,Encinitas,92023
San Diego,Encinitas,92024
San Diego,Escondido,92025
San Diego,Escondido,92026
San Diego,Escondido,92027
San Diego,Escondido,92029
San Diego,Escondido,92046
San Diego,Imperial Beach,91932
San Diego,Imperial Beach,91933
San Diego,La Mesa,91941
San Diego,La Mesa,91942
San Diego,La Mesa,91943
San Diego,La Mesa,91944
San Diego,Lemon Grove,91945
San Diego,Lemon Grove,91946
San Diego,National City,91950
San Diego,National City,91951
San Diego,Oceanside,92049
San Diego,Oceanside,92051
San Diego,Oceanside,92052
San Diego,Oceanside,92054
San Diego,Oceanside,92055
San Diego,Oceanside,92056
San Diego,Oceanside,92057
San Diego,Oceanside,92058
San Diego,Poway,92064
San Diego,San Diego,92101
San Diego,San Diego,92102
San Diego,San Diego,92103
San Diego,San Diego,92104
San Diego,San Diego,92105
San Diego,San Diego,92106
San Diego,San Diego,92107
San Diego,San Diego,92108
San Diego,San Diego,92109
San Diego,San Diego,92110
San Diego,San Diego,92111
San Diego,San Diego,92112
San Diego,San Diego,92113
San Diego,San Diego,92114
San Diego,San Diego,92115
San Diego,San Diego,92116
San Diego,San Diego,92117
San Diego,San Diego,92119
San Diego,San Diego,92120
San Diego,San Diego,92121
San Diego,San Diego,92122
San Diego,San Diego,92123
San Diego,San Diego,92124
San Diego,San Diego,92126
San Diego,San Diego,92127
San Diego,San Diego,92128
San Diego,San Diego,92129
San Diego,San Diego,92130
San Diego,San Diego,92131
San Diego,San Diego,92132
San Diego,San Diego,92133
San Diego,San Diego,92134
San Diego,San Diego,92135
San Diego,San Diego,92136
San Diego,San Diego,92137
San Diego,San Diego,92138
San Diego,San Diego,92139
San Diego,San Diego,92140
San Diego,San Diego,92142
San Diego,San Diego,92143
San Diego,San Diego,92145
San Diego,San Diego,92147
San Diego,San Diego,92149
San Diego,San Diego,92150
San Diego,San Diego,92152
San Diego,San Diego,92153
San Diego,San Diego,92154
San Diego,San Diego,92155
San Diego,San Diego,92158
San Diego,San Diego,92159
San Diego,San Diego,92160
San Diego,San Diego,92161
San Diego,San Diego,92162
San Diego,San Diego,92163
San Diego,San Diego,92164
San Diego,San Diego,92165
San Diego,San Diego,92166
San Diego,San Diego,92167
San Diego,San Diego,92168
San Diego,San Diego,92169
San Diego,San Diego,92170
San Diego,San Diego,92171
San Diego,San Diego,92172
San Diego,San Diego,92173
San Diego,San Diego,92174
San Diego,San Diego,92175
San Diego,San Diego,92176
San Diego,San Diego,92177
San Diego,San Diego,92178
San Diego,San Diego,92179
San Diego,San Diego,92182
San Diego,San Diego,92184
San Diego,San Diego,92186
San Diego,San Diego,92187
San Diego,San Diego,92191
San Diego,San Diego,92192
San Diego,San Diego,92193
San Diego,San Diego,92195
San Diego,San Diego,92196
San Diego,San Diego,92197
San Diego,San Diego,92198
San Diego,San Diego,92199
San Diego,San Marcos,92069
San Diego,San Marcos,92078
San Diego,San Marcos,92079
San Diego,Santee,92071
San Diego,Santee,92072
San Diego,Solana Beach,92075
San Diego,Vista,92081
San Diego,Vista,92083
San Diego,Vista,92084
San Diego,Vista,92085
San Francisco,San Francisco,94102
San Francisco,San Francisco,94103
San Francisco,San Francisco,94104
San Francisco,San Francisco,94105
San Francisco,San Francisco,94107
San Francisco,San Francisco,94108
San Francisco,San Francisco,94109
San Francisco,San Francisco,94110
San Francisco,San Francisco,94111
San Francisco,San Francisco,94112
San Francisco,San Francisco,94114
San Francisco,San Francisco,94115
San Francisco,San Francisco,94116
San Francisco,San Francisco,94117
San Francisco,San Francisco,94118
San Francisco,San Francisco,94119
San Francisco,San Francisco,94120
San Francisco,San Francisco,94121
San Francisco,San Francisco,94122
San Francisco,San Francisco,94123
San Francisco,San Francisco,94124
San Francisco,San Francisco,94125
San Francisco,San Francisco,94126
San Francisco,San Francisco,94127
San Francisco,San Francisco,94128
San Francisco,San Francisco,94129
San Francisco,San Francisco,94130
San Francisco,San Francisco,94131
San Francisco,San Francisco,94132
San Francisco,San Francisco,94133
San Francisco,San Francisco,94134
San Francisco,San Francisco,94137
San Francisco,San Francisco,94139
San Francisco,San Francisco,94140
San Francisco,San Francisco,94141
San Francisco,San Francisco,94142
San Francisco,San Francisco,94143
San Francisco,San Francisco,94144
San Francisco,San Francisco,94145
San Francisco,San Francisco,94146
San Francisco,San Francisco,94147
San Francisco,San Francisco,94151
San Francisco,San Francisco,94158
San Francisco,San Francisco,94159
San Francisco,San Francisco,94160
San Francisco,San Francisco,94161
San Francisco,San Francisco,94163
San Francisco,San Francisco,94164
San Francisco,San Francisco,94172
San Francisco,San Francisco,94177
San Francisco,San Francisco,94188
San Joaquin,Escalon,95320
San Joaquin,Lathrop,95330
San Joaquin,Lodi,95240
San Joaquin,Lodi,95241
San Joaquin,Lodi,95242
San Joaquin,Manteca,95336
San Joaquin,Manteca,95337
San Joaquin,Ripon,95366
San Joaquin,Stockton,95201
San Joaquin,Stockton,95202
San Joaquin,Stockton,95203
San Joaquin,Stockton,95204
San Joaquin,Stockton,95205
San Joaquin,Stockton,95206
San Joaquin,Stockton,95207
San Joaquin,Stockton,95208
San Joaquin,Stockton,95209
San Joaquin,Stockton,95210
San Joaquin,Stockton,95211
San Joaquin,Stockton,95212
San Joaquin,Stockton,95213
San Joaquin,Stockton,95215
San Joaquin,Stockton,95219
San Joaquin,Tracy,95304
San Joaquin,Tracy,95376
San Joaquin,Tracy,95377
San Joaquin,Tracy,95391
San Luis Obispo,Arroyo Grande,93420
San Luis Obispo,Arroyo Grande,93421
San Luis Obispo,Atascadero,93422
San Luis Obispo,Atascadero,93423
San Luis Obispo,Grover Beach,93433
San Luis Obispo,Morro Bay,93442
San Luis Obispo,Morro Bay,93443
San Luis Obispo,Paso Robles,93446
San Luis Obispo,Pismo Beach,93448
San Luis Obispo,Pismo Beach,93449
San Luis Obispo,San Luis Obispo,93401
San Luis Obispo,San Luis Obispo,93403
San Luis Obispo,San Luis Obispo,93405
San Luis Obispo,San Luis Obispo,93406
San Luis Obispo,San Luis Obispo,93407
San Luis Obispo,San Luis Obispo,93408
San Luis Obispo,San Luis Obispo,93409
San Mateo,Atherton,94027
San Mateo,Belmont,94002
San Mateo,Brisbane,94005
San Mateo,Burlingame,94010
San Mateo,Burlingame,94011
San Mateo,Colma,94014
San Mateo,Daly City,94013
San Mateo,Daly City,94014
San Mateo,Daly City,94015
San Mateo,East Palo Alto,94303
San Mateo,Foster City,94404
San Mateo,Half Moon Bay,94019
San Mateo,Hillsborough,94010
San Mateo,Menlo Park,94025
San Mateo,Menlo Park,94026
San Mateo,Millbrae,94030
San Mateo,Pacifica,94044
San Mateo,Portola Valley,94028
San Mateo,Redwood City,94061
San Mateo,Redwood City,94062
San Mateo,Redwood City,94063
San Mateo,San Bruno,94066
San Mateo,San Carlos,94070
San Mateo,San Mateo,94401
San Mateo,San Mateo,94402
San Mateo,San Mateo,94403
San Mateo,San Mateo,94404
San Mateo,South San Francisco,94080
San Mateo,South San Francisco,94083
San Mateo,Woodside,94062
Santa Barbara,Buellton,93427
Santa Barbara,Carpinteria,93013
Santa Barbara,Goleta,93116
Santa Barbara,Goleta,93117
Santa Barbara,Guadalupe,93434
Santa Barbara,Lompoc,93436
Santa Barbara,Lompoc,93437
Santa Barbara,Lompoc,93438
Santa Barbara,Santa Barbara,93101
Santa Barbara,Santa Barbara,93102
Santa Barbara,Santa Barbara,93103
Santa Barbara,Santa Barbara,93105
Santa Barbara,Santa Barbara,93106
Santa Barbara,Santa Barbara,93107
Santa Barbara,Santa Barbara,93108
Santa Barbara,Santa Barbara,93109
Santa Barbara,Santa Barbara,93110
Santa Barbara,Santa Barbara,93111
Santa Barbara,Santa Barbara,93120
Santa Barbara,Santa Barbara,93121
Santa Barbara,Santa Barbara,93130
Santa Barbara,Santa Barbara,93140
Santa Barbara,Santa Barbara,93150
Santa Barbara,Santa Barbara,93160
Santa Barbara,Santa Barbara,93190
Santa Barbara,Santa Maria,93454
Santa Barbara,Santa Maria,93455
Santa Barbara,Santa Maria,93456
Santa Barbara,Santa Maria,93457
Santa Barbara,Santa Maria,93458
Santa Barbara,Solvang,93463
Santa Barbara,Solvang,93464
Santa Clara,Campbell,95008
Santa Clara,Campbell,95009
Santa Clara,Cupertino,95014
Santa Clara,Cupertino,95015
Santa Clara,Gilroy,95020
Santa Clara,Gilroy,95021
Santa Clara,Los Altos,94022
Santa Clara,Los Altos,94023
Santa Clara,Los Altos,94024
Santa Clara,Los Altos Hills,94022
Santa Clara,Los Gatos,95030
Santa Clara,Los Gatos,95031
Santa Clara,Los Gatos,95032
Santa Clara,Los Gatos,95033
Santa Clara,Milpitas,95035
Santa Clara,Milpitas,95036
Santa Clara,Monte Sereno,95030
Santa Clara,Morgan Hill,95037
Santa Clara,Morgan Hill,95038
Santa Clara,Mountain View,94035
Santa Clara,Mountain View,94039
Santa Clara,Mountain View,94040
Santa Clara,Mountain View,94041
Santa Clara,Mountain View,94042
Santa Clara,Mountain View,94043
Santa Clara,Palo Alto,94301
Santa Clara,Palo Alto,94302
Santa Clara,Palo Alto,94303
Santa Clara,Palo Alto,94304
Santa Clara,Palo Alto,94305
Santa Clara,Palo Alto,94306
Santa Clara,San Jose,95002
Santa Clara,San Jose,95008
Santa Clara,San Jose,95013
Santa Clara,San Jose,95050
Santa Clara,San Jose,95051
Santa Clara,San Jose,95052
Santa Clara,San Jose,95053
Santa Clara,San Jose,95054
Santa Clara,San Jose,95070
Santa Clara,San Jose,95101
Santa Clara,San Jose,95103
Santa Clara,San Jose,95106
Santa Clara,San Jose,95108
Santa Clara,San Jose,95109
Santa Clara,San Jose,95110
Santa Clara,San Jose,95111
Santa Clara,San Jose,95112
Santa Clara,San Jose,95113
Santa Clara,San Jose,95115
Santa Clara,San Jose,95116
Santa Clara,San Jose,95117
Santa Clara,San Jose,95118
Santa Clara,San Jose,95119
Santa Clara,San Jose,95120
Santa Clara,San Jose,95121
Santa Clara,San Jose,95122
Santa Clara,San Jose,95123
Santa Clara,San Jose,95124
Santa Clara,San Jose,95125
Santa Clara,San Jose,95126
Santa Clara,San Jose,95127
Santa Clara,San Jose,95128
Santa Clara,San Jose,95129
Santa Clara,San Jose,95130
Santa Clara,San Jose,95131
Santa Clara,San Jose,95132
Santa Clara,San Jose,95133
Santa Clara,San Jose,95134
Santa Clara,San Jose,95135
Santa Clara,San Jose,95136
Santa Clara,San Jose,95138
Santa Clara,San Jose,95139
Santa Clara,San Jose,95140
Santa Clara,San Jose,95141
Santa Clara,San Jose,95148
Santa Clara,San Jose,95150
Santa Clara,San Jose,95151
Santa Clara,San Jose,95152
Santa Clara,San Jose,95153
Santa Clara,San Jose,95154
Santa Clara,San Jose,95155
Santa Clara,San Jose,95156
Santa Clara,San Jose,95157
Santa Clara,San Jose,95158
Santa Clara,San Jose,95159
Santa Clara,San Jose,95160
Santa Clara,San Jose,95161
Santa Clara,San Jose,95164
Santa Clara,San Jose,95170
Santa Clara,San Jose,95172
Santa Clara,San Jose,95173
Santa Clara,San Jose,95190
Santa Clara,San Jose,95191
Santa Clara,San Jose,95192
Santa Clara,San Jose,95193
Santa Clara,San Jose,95194
Santa Clara,San Jose,95196
Santa Clara,Santa Clara,95050
Santa Clara,Santa Clara,95051
Santa Clara,Santa Clara,95052
Santa Clara,Santa Clara,95053
Santa Clara,Santa Clara,95054
Santa Clara,Saratoga,95070
Santa Clara,Saratoga,95071
Santa Clara,Sunnyvale,94085
Santa Clara,Sunnyvale,94086
Santa Clara,Sunnyvale,94087
Santa Clara,Sunnyvale,94088
Santa Clara,Sunnyvale,94089
Santa Cruz,Capitola,95010
Santa Cruz,Santa Cruz,95060
Santa Cruz,Santa Cruz,95061
Santa Cruz,Santa Cruz,95062
Santa Cruz,Santa Cruz,95063
Santa Cruz,Santa Cruz,95064
Santa Cruz,Santa Cruz,95065
Santa Cruz,Santa Cruz,95066
Santa Cruz,Santa Cruz,95067
Santa Cruz,Scotts Valley,95066
Santa Cruz,Watsonville,95076
Santa Cruz,Watsonville,95077
Shasta,Anderson,96007
Shasta,Redding,96001
Shasta,Redding,96002
Shasta,Redding,96003
Shasta,Redding,96049
Shasta,Redding,96099
Shasta,Shasta Lake,96019
Sierra,Loyalton,96118
Siskiyou,Dorris,96023
Siskiyou,Dunsmuir,96025
Siskiyou,Etna,96027
Siskiyou,Fort Jones,96032
Siskiyou,Montague,96064
Siskiyou,Mount Shasta,96067
Siskiyou,Tulelake,96134
Siskiyou,Weed,96094
Siskiyou,Yreka,96097
Solano,Benicia,94510
Solano,Dixon,95620
Solano,Fairfield,94533
Solano,Fairfield,94534
Solano,Rio Vista,94571
Solano,Suisun City,94585
Solano,Vacaville,95687
Solano,Vacaville,95688
Solano,Vacaville,95696
Solano,Vallejo,94589
Solano,Vallejo,94590
Solano,Vallejo,94591
Solano,Vallejo,94592
Sonoma,Cloverdale,95425
Sonoma,Cotati,94926
Sonoma,Healdsburg,95448
Sonoma,Petaluma,94952
Sonoma,Petaluma,94953
Sonoma,Petaluma,94954
Sonoma,Petaluma,94975
Sonoma,Rohnert Park,94927
Sonoma,Santa Rosa,95401
Sonoma,Santa Rosa,95402
Sonoma,Santa Rosa,95403
Sonoma,Santa Rosa,95404
Sonoma,Santa Rosa,95405
Sonoma,Santa Rosa,95406
Sonoma,Santa Rosa,95407
Sonoma,Santa Rosa,95409
Sonoma,Sebastopol,95472
Sonoma,Sonoma,95476
Sonoma,Windsor,95492
Stanislaus,Ceres,95307
Stanislaus,Hughson,95326
Stanislaus,Modesto,95350
Stanislaus,Modesto,95351
Stanislaus,Modesto,95352
Stanislaus,Modesto,95353
Stanislaus,Modesto,95354
Stanislaus,Modesto,95355
Stanislaus,Modesto,95356
Stanislaus,Modesto,95357
Stanislaus,Newman,95360
Stanislaus,Oakdale,95361
Stanislaus,Patterson,95363
Stanislaus,Riverbank,95367
Stanislaus,Turlock,95380
Stanislaus,Turlock,95381
Stanislaus,Turlock,95382
Stanislaus,Waterford,95386
Sutter,Live Oak,95953
Sutter,Yuba City,95991
Sutter,Yuba City,95992
Sutter,Yuba City,95993
Tehama,Corning,96021
Tehama,Red Bluff,96080
Tehama,Tehama,96090
Trinity,None,96091
Tulare,Dinuba,93618
Tulare,Exeter,93221
Tulare,Farmersville,93223
Tulare,Lindsay,93247
Tulare,Porterville,93257
Tulare,Porterville,93258
Tulare,Tulare,93274
Tulare,Tulare,93275
Tulare,Visalia,93277
Tulare,Visalia,93278
Tulare,Visalia,93279
Tulare,Visalia,93290
Tulare,Visalia,93291
Tulare,Visalia,93292
Tulare,Woodlake,93286
Tuolumne,Sonora,95370
Ventura,Camarillo,93010
Ventura,Camarillo,93011
Ventura,Camarillo,93012
Ventura,Fillmore,93015
Ventura,Moorpark,93020
Ventura,Moorpark,93021
Ventura,Ojai,93023
Ventura,Ojai,93024
Ventura,Oxnard,93030
Ventura,Oxnard,93031
Ventura,Oxnard,93032
Ventura,Oxnard,93033
Ventura,Oxnard,93034
Ventura,Oxnard,93035
Ventura,Oxnard,93036
Ventura,Port Hueneme,93041
Ventura,Port Hueneme,93043
Ventura,Port Hueneme,93044
Ventura,San Buenaventura,93001
Ventura,San Buenaventura,93002
Ventura,San Buenaventura,93003
Ventura,San Buenaventura,93004
Ventura,San Buenaventura,93005
Ventura,San Buenaventura,93006
Ventura,San Buenaventura,93007
Ventura,Santa Paula,93060
Ventura,Santa Paula,93061
Ventura,Simi Valley,93062
Ventura,Simi Valley,93063
Ventura,Simi Valley,93065
Ventura,Simi Valley,93094
Ventura,Simi Valley,93099
Ventura,Thousand Oaks,91319
Ventura,Thousand Oaks,91320
Ventura,Thousand Oaks,91358
Ventura,Thousand Oaks,91359
Ventura,Thousand Oaks,91360
Ventura,Thousand Oaks,91362
Yolo,Davis,95616
Yolo,Davis,95617
Yolo,Davis,95618
Yolo,West Sacramento,95605
Yolo,West Sacramento,95691
Yolo,Winters,95694
Yolo,Woodland,95695
Yolo,Woodland,95776
Yuba,Marysville,95901
Yuba,Wheatland,95692
