Name,Full_Address,Street_Address,City,Zip,State,Country,Timezone,Phone_1,Email,Website,Domain,First_category,Second_category,Claimed_google_my_business,Reviews_count,Average_rating,Business Status,Hours,Saturday,Sunday,Monday,Tuesday,Wednesday,Thursday,Friday,Latitude,Longitude,GMB_URL,Google_Knowledge_URL,Image_URL,Favicon,Review_URL,Phone From WEBSITE,Facebook URL,Twitter URL,Instagram URL,Youtube URL
Bobby Sprocket Bike Shop,1529 Meriden-Waterbury Turnpike  Milldale  CT 06467  United States,1529 Meriden-Waterbury Turnpike,Milldale,6467,Connecticut,US,America/New_York,18604262124,bobbysprocket@gmail.com,http://www.bobbysprocket.com/,bobbysprocket.com,Bicycle store, ,Yes,60,4.4,open,"Friday, 10 AM-5 PM; Saturday, 9 AM-1 PM; Sunday, Closed; Monday, Closed; Tuesday, 10 AM-5 PM; Wednesday, 10 AM-5 PM; Thursday, 10 AM-5 PM; ",9 AM-1 PM,Closed,Closed,10 AM-5 PM,10 AM-5 PM,10 AM-5 PM,10 AM-5 PM,Lat 41.5646609,Lng -72.89735329999999,https://www.google.com/maps/place/?q=place_id:ChIJ16KDBgjI54kRCcHctIBvRXo,https://www.google.com/search?kgmid=/g/1tfkm64k,https://lh5.googleusercontent.com/p/AF1QipNg-wv82XYccPrdrenR_PiajRVsbJTR9CaCgQvH,"https://t1.gstatic.com/faviconV2?client=SOCIAL&type=FAVICON&fallback_opts=TYPE,SIZE,URL&url=http://www.bobbysprocket.com/&size=48","https://search.google.com/local/reviews?placeid=ChIJ16KDBgjI54kRCcHctIBvRXo&q=bicycle+shop+near+Naugatuck+borough,+Connecticut,+USA&authuser=0&hl=en",,https://www.facebook.com/Bobby-Sprocket-Bike-Shop-411078432322548/, ,https://instagram.com/bobbysprocket?utm_source=ig_profile_share&igshid=r0xs0y4nr3vx,
AirLine Cycles East Hampton,55 Main St  East Hampton  CT 06424  United States,55 Main St,East Hampton,6424,Connecticut,US,America/New_York,18603655496,brian@airlinecycles.com,http://www.airlinecycles.com/,airlinecycles.com,Bicycle store,Bicycle club,Yes,150,5,open,"Friday, 11 AM-6 PM; Saturday, 10 AM-4 PM; Sunday, Closed; Monday, Closed; Tuesday, 11 AM-6 PM; Wednesday, 11 AM-6 PM; Thursday, 11 AM-6 PM; ",10 AM-4 PM,Closed,Closed,11 AM-6 PM,11 AM-6 PM,11 AM-6 PM,11 AM-6 PM,Lat 41.577164499999995,Lng -72.5034052,https://www.google.com/maps/place/?q=place_id:ChIJg19voBZG5okRnWn6TxEXlcE,https://www.google.com/search?kgmid=/g/11cmt4d219,https://lh5.googleusercontent.com/p/AF1QipPBec7PZfOgGeXmDAnkUkeFh8VcOxzPko1s63ro,"https://t1.gstatic.com/faviconV2?client=SOCIAL&type=FAVICON&fallback_opts=TYPE,SIZE,URL&url=http://www.airlinecycles.com/&size=48","https://search.google.com/local/reviews?placeid=ChIJg19voBZG5okRnWn6TxEXlcE&q=bicycle+shop+near+New+London,+Connecticut,+USA&authuser=0&hl=en",,https://www.facebook.com/airlinecycles/, ,,
Mobile Bicycle Repair and Service  LLC,48 Holmes Rd  East Lyme  CT 06333  United States,48 Holmes Rd,East Lyme,6333,Connecticut,US,America/New_York,18608109576,craig.granbybike@gmail.com,http://mobilebicyclerepairandservice.com/,mobilebicyclerepairandservice.com,Bicycle repair shop, ,Yes,6,5,open,"Friday, 4-8 PM; Saturday, 9 AM-6 PM; Sunday, 9 AM-5 PM; Monday, Closed; Tuesday, Closed; Wednesday, Closed; Thursday, Closed; ",9 AM-6 PM,9 AM-5 PM,Closed,Closed,Closed,Closed,4-8 PM,Lat 41.4379381,Lng -72.249468,https://www.google.com/maps/place/?q=place_id:ChIJVXhTw5IB54kRqCxywkJUnD0,https://www.google.com/search?kgmid=/g/11qgkcn0n4,https://lh5.googleusercontent.com/p/CIHM0ogKEICAgICP6dySLA,"https://t1.gstatic.com/faviconV2?client=SOCIAL&type=FAVICON&fallback_opts=TYPE,SIZE,URL&url=http://mobilebicyclerepairandservice.com/&size=48","https://search.google.com/local/reviews?placeid=ChIJVXhTw5IB54kRqCxywkJUnD0&q=bicycle+shop+near+New+London,+Connecticut,+USA&authuser=0&hl=en",8608109576, , ,,
Easton Cycle Works,28 Burr St  Easton  CT 06612  United States,28 Burr St,Easton,6612,Connecticut,US,America/New_York,12037072332,eastoncycleworks@gmail.com,http://eastoncycleworks.com/,eastoncycleworks.com,Bicycle repair shop, ,Yes,30,5,open, ,,,,,,,,Lat 41.217920199999995,Lng -73.3071022,https://www.google.com/maps/place/?q=place_id:ChIJJ_eBYXcF6IkRpDN1LaMCGmk,https://www.google.com/search?kgmid=/g/11qykwvq5c,https://lh5.googleusercontent.com/p/AF1QipPW9yrY4ULekD88T3meXkAmVqb5EtCoZpwW5LRQ,"https://t1.gstatic.com/faviconV2?client=SOCIAL&type=FAVICON&fallback_opts=TYPE,SIZE,URL&url=http://eastoncycleworks.com/&size=48","https://search.google.com/local/reviews?placeid=ChIJJ_eBYXcF6IkRpDN1LaMCGmk&q=bicycle+shop+near+Ansonia,+Connecticut,+USA&authuser=0&hl=en",2037072332,https://www.facebook.com/Eastoncycleworks/, ,https://www.instagram.com/eastoncycleworks/,
Benidorm Bikes,247 Albany Turnpike  Canton  CT 06019  United States,247 Albany Turnpike,Canton,6019,Connecticut,US,America/New_York,18606938891,info@benidormbikes.com,https://www.benidormbikes.com/,benidormbikes.com,Bicycle store,Ski shop,Yes,283,4.8,open,"Friday, 10 AM-6 PM; Saturday, 10 AM-5 PM; Sunday, Closed; Monday, Closed; Tuesday, 10 AM-6 PM; Wednesday, 10 AM-6 PM; Thursday, 10 AM-6 PM; ",10 AM-5 PM,Closed,Closed,10 AM-6 PM,10 AM-6 PM,10 AM-6 PM,10 AM-6 PM,Lat 41.828327099999996,Lng -72.8998246,https://www.google.com/maps/place/?q=place_id:ChIJJRTNQiCm54kR-NqEoHbZwF4,https://www.google.com/search?kgmid=/g/1vn_z_55,https://lh5.googleusercontent.com/p/AF1QipNwgZCaz1dl8fTYN4rAtH48Vcevaumeorj9MR6J,"https://t1.gstatic.com/faviconV2?client=SOCIAL&type=FAVICON&fallback_opts=TYPE,SIZE,URL&url=https://www.benidormbikes.com/&size=48","https://search.google.com/local/reviews?placeid=ChIJJRTNQiCm54kR-NqEoHbZwF4&q=bicycle+shop+near+Naugatuck+borough,+Connecticut,+USA&authuser=0&hl=en",1-860-693-8891,https://www.facebook.com/benidormbikes/, ,https://www.instagram.com/benidormbikes/,
Bicycles East,331 New London Turnpike  Glastonbury  CT 06033  United States,331 New London Turnpike,Glastonbury,6033,Connecticut,US,America/New_York,18606590114,info@bicycleseast.com,http://bicycleseast.com/,bicycleseast.com,Bicycle store, ,Yes,164,4.9,open,"Friday, 11 AM-6 PM; Saturday, 10 AM-5 PM; Sunday, Closed; Monday, Closed; Tuesday, 11 AM-6 PM; Wednesday, 11 AM-6 PM; Thursday, 11 AM-6:03 PM; ",10 AM-5 PM,Closed,Closed,11 AM-6 PM,11 AM-6 PM,11 AM-6:03 PM,11 AM-6 PM,Lat 41.7097473,Lng -72.6029709,https://www.google.com/maps/place/?q=place_id:ChIJl1R2jiFQ5okRBTlmTlJ4yLo,https://www.google.com/search?kgmid=/g/1tddbwgn,https://lh5.googleusercontent.com/p/AF1QipMqIm6Cf-UJ0ghMzNBm8ztgjI6BfwJkxFNaW568,"https://t1.gstatic.com/faviconV2?client=SOCIAL&type=FAVICON&fallback_opts=TYPE,SIZE,URL&url=http://bicycleseast.com/&size=48","https://search.google.com/local/reviews?placeid=ChIJl1R2jiFQ5okRBTlmTlJ4yLo&q=bicycle+shop+near+Naugatuck+borough,+Connecticut,+USA&authuser=0&hl=en",8606590114,https://www.facebook.com/BicyclesEastCT,https://twitter.com/bicycleseastCT,https://www.instagram.com/bicycleseastct/,https://www.youtube.com/user/bicycleseast
CB Sportif,1554 Post Rd E  Westport  CT 06880  United States,1554 Post Rd E,Westport,6880,Connecticut,US,America/New_York,12035863030,info@cycleologybikes.com,http://www.cbsportif.com/,cbsportif.com,Bicycle repair shop,,Yes,77,4.6,open,"Friday, 10 AM-6 PM; Saturday, 10 AM-5 PM; Sunday, 10 AM-5 PM; Monday, 10 AM-6 PM; Tuesday, 10 AM-5 PM; Wednesday, 10 AM-5 PM; Thursday, 10 AM-6 PM; ",10 AM-5 PM,10 AM-5 PM,10 AM-6 PM,10 AM-5 PM,10 AM-5 PM,10 AM-6 PM,10 AM-6 PM,Lat 41.1381739,Lng -73.3102452,https://www.google.com/maps/place/?q=place_id:ChIJB13qR3QQ6IkRFdWBg4Pw6AI,https://www.google.com/search?kgmid=/g/11b5qx2_1x,https://lh5.googleusercontent.com/p/AF1QipPt-R0AAYXSQc64vF-ItMPEgOXvBGwm264sOOjp,"https://t1.gstatic.com/faviconV2?client=SOCIAL&type=FAVICON&fallback_opts=TYPE,SIZE,URL&url=http://www.cbsportif.com/&size=48","https://search.google.com/local/reviews?placeid=ChIJB13qR3QQ6IkRFdWBg4Pw6AI&q=bicycle+shop+near+Ansonia,+Connecticut,+USA&authuser=0&hl=en",(203) 586-3030 | (203) 292-6557,https://www.facebook.com/cycleologybikes/, ,https://www.instagram.com/cycleology_bike_ski/,
eZane's,330 E Main St  Branford  CT 06405  United States,330 E Main St,Branford,6405,Connecticut,US,America/New_York,12034882453,info@ezanes.com,http://ezanes.com/,ezanes.com,Bicycle store, ,No,,,open,"Saturday, 10 AM-5 PM; Sunday, Closed; Monday, 10:30 AM-6 PM; Tuesday, 10 AM-5 PM; Wednesday, 10 AM-5 PM; Thursday, 10 AM-5 PM; Friday, 10 AM-5 PM; ",10 AM-5 PM,Closed,10:30 AM-6 PM,10 AM-5 PM,10 AM-5 PM,10 AM-5 PM,10 AM-5 PM,Lat 41.2934838,Lng -72.7853975,https://www.google.com/maps/place/?q=place_id:ChIJAXPcQDfU54kRv7lwFemDU_U,https://www.google.com/search?kgmid=/g/11c48phqwp,https://lh5.googleusercontent.com/p/fWCDyYjYnz8oNyYhw06HTw,"https://t1.gstatic.com/faviconV2?client=SOCIAL&type=FAVICON&fallback_opts=TYPE,SIZE,URL&url=http://ezanes.com/&size=48", ,, , ,,
Go New Haven,608 Whitney Ave  New Haven  CT 06511  United States,608 Whitney Ave,New Haven,6511,Connecticut,US,America/New_York,18772874337,info@gonhgo.org,https://www.gonhgo.org/commuters,gonhgo.org,Bicycle store, ,No,,,open,"Saturday, 9 AM-3 AM; Sunday, Closed; Monday, 7 AM-6 PM; Tuesday, 7 AM-6 PM; Wednesday, 7 AM-6 PM; Thursday, 7 AM-6 PM; Friday, 7 AM-6 PM; ",9 AM-3 AM,Closed,7 AM-6 PM,7 AM-6 PM,7 AM-6 PM,7 AM-6 PM,7 AM-6 PM,Lat 41.3272543,Lng -72.9157422,https://www.google.com/maps/place/?q=place_id:ChIJq6oacOnZ54kR84_YEsifNfE,https://www.google.com/search?kgmid=/g/11vyr5wj2v,https://lh5.googleusercontent.com/p/Fdwb5yDIhl6cfEJcUHFO_A,"https://t1.gstatic.com/faviconV2?client=SOCIAL&type=FAVICON&fallback_opts=TYPE,SIZE,URL&url=https://www.gonhgo.org/commuters&size=48", ,,http://www.facebook.com/goNHgo,http://www.twitter.com/goNHgo,https://www.instagram.com/gonewhavengo/,
Ridgefield Bicycle Company,88 Danbury Rd  Ridgefield  CT 06877  United States,88 Danbury Rd,Ridgefield,6877,Connecticut,US,America/New_York,12034380489,info@ridgefieldbicycle.com,http://www.ridgefieldbicycle.com/,ridgefieldbicycle.com,Bicycle store,Bicycle club,Yes,78,4.7,open,"Friday, 10 AM-6 PM; Saturday, 9 AM-5 PM; Sunday, 11 AM-4 PM; Monday, Closed; Tuesday, 10 AM-6 PM; Wednesday, 10 AM-6 PM; Thursday, 10 AM-7 PM; ",9 AM-5 PM,11 AM-4 PM,Closed,10 AM-6 PM,10 AM-6 PM,10 AM-7 PM,10 AM-6 PM,Lat 41.2911049,Lng -73.49358629999999,https://www.google.com/maps/place/?q=place_id:ChIJz_nYYS-qwokRr7zkp7XwYzU,https://www.google.com/search?kgmid=/g/1260f4_yc,https://lh5.googleusercontent.com/p/AF1QipO_Q2lNe_jqbHFYAPvTVx8VnluJyfGvqtiVMO4j,"https://t1.gstatic.com/faviconV2?client=SOCIAL&type=FAVICON&fallback_opts=TYPE,SIZE,URL&url=http://www.ridgefieldbicycle.com/&size=48","https://search.google.com/local/reviews?placeid=ChIJz_nYYS-qwokRr7zkp7XwYzU&q=bicycle+shop+near+North+Salem,+New+York,+USA&authuser=0&hl=en",+1-203-438-0489 | 1-203-438-0489,https://www.facebook.com/RidgefieldBicycleCompany, ,https://www.instagram.com/ridgefieldbicycleco/,
Smart Cycles,303 Strawberry Hill Ave  Norwalk  CT 06851  United States,303 Strawberry Hill Ave,Norwalk,6851,Connecticut,US,America/New_York,12038319144,info@smartcycles.com,http://www.smartcycles.com/,smartcycles.com,Bicycle store, ,Yes,61,4.2,open,"Friday, 10:30 AM-6 PM; Saturday, 10 AM-4 PM; Sunday, Closed; Monday, Closed; Tuesday, 10:30 AM-6 PM; Wednesday, 10:30 AM-6 PM; Thursday, 12-7 PM; ",10 AM-4 PM,Closed,Closed,10:30 AM-6 PM,10:30 AM-6 PM,12-7 PM,10:30 AM-6 PM,Lat 41.125351099999996,Lng -73.3913838,https://www.google.com/maps/place/?q=place_id:ChIJdemayWsc6IkRM7iuZUVYeXg,https://www.google.com/search?kgmid=/g/1tgz1mh6,https://lh5.googleusercontent.com/p/AF1QipMaMiSLRyJnuwOPyuUDoDsGXV--ex2urnPbthPP,"https://t1.gstatic.com/faviconV2?client=SOCIAL&type=FAVICON&fallback_opts=TYPE,SIZE,URL&url=http://www.smartcycles.com/&size=48","https://search.google.com/local/reviews?placeid=ChIJdemayWsc6IkRM7iuZUVYeXg&q=bicycle+shop+near+Naugatuck+borough,+Connecticut,+USA&authuser=0&hl=en",,https://www.facebook.com/smartcyclesn, ,,
Spark Cycleworks,8 Commerce Dr  North Branford  CT 06471  United States,8 Commerce Dr,North Branford,6471,Connecticut,US,America/New_York,18005579598,info@sparkcycleworks.com,http://sparkcycleworks.com/,sparkcycleworks.com,Bicycle store,Bicycle repair shop,Yes,52,4.7,open,"Friday, 10 AM-5 PM; Saturday, Closed; Sunday, Closed; Monday, Closed; Tuesday, 10 AM-5 PM; Wednesday, 10 AM-5 PM; Thursday, 10 AM-5 PM; ",Closed,Closed,Closed,10 AM-5 PM,10 AM-5 PM,10 AM-5 PM,10 AM-5 PM,Lat 41.3244247,Lng -72.7744214,https://www.google.com/maps/place/?q=place_id:ChIJOyGBwqLV54kR-E4cDzAT-5A,https://www.google.com/search?kgmid=/g/11h0m7nzmb,https://lh5.googleusercontent.com/p/AF1QipNmozl7ZQL_-q-IRnisYyAG6zj-boFXCPm-Vd0,"https://t1.gstatic.com/faviconV2?client=SOCIAL&type=FAVICON&fallback_opts=TYPE,SIZE,URL&url=http://sparkcycleworks.com/&size=48","https://search.google.com/local/reviews?placeid=ChIJOyGBwqLV54kR-E4cDzAT-5A&q=bicycle+shop+near+Ansonia,+Connecticut,+USA&authuser=0&hl=en",, , ,,
Wayfarer Bicycle,120 Ocean Ave  New London  CT 06320  United States,120 Ocean Ave,New London,6320,Connecticut,US,America/New_York,18604438250,info@wayfarerbicycle.com,http://www.wayfarerbicycle.com/,wayfarerbicycle.com,Bicycle store,Bicycle repair shop,Yes,113,5,open,"Friday, 10 AM-6 PM; Saturday, 10 AM-4 PM; Sunday, Closed; Monday, Closed; Tuesday, 10 AM-6 PM; Wednesday, 10 AM-6 PM; Thursday, 10 AM-6 PM; ",10 AM-4 PM,Closed,Closed,10 AM-6 PM,10 AM-6 PM,10 AM-6 PM,10 AM-6 PM,Lat 41.3445293,Lng -72.107745,https://www.google.com/maps/place/?q=place_id:ChIJp6GvZUUO5okRLs96zP3dVtI,https://www.google.com/search?kgmid=/g/1tlgyzrh,https://lh5.googleusercontent.com/p/AF1QipOez06XJlT_ykkdbpIF0NwqcgkSTbbVdOOJjO7V,"https://t1.gstatic.com/faviconV2?client=SOCIAL&type=FAVICON&fallback_opts=TYPE,SIZE,URL&url=http://www.wayfarerbicycle.com/&size=48","https://search.google.com/local/reviews?placeid=ChIJp6GvZUUO5okRLs96zP3dVtI&q=bicycle+shop+near+New+London,+Connecticut,+USA&authuser=0&hl=en",,http://www.facebook.com/wayfarerbicycle,http://twitter.com/intent/follow?source=followbutton&variant=1.0&screen_name=wayfarerbicycle,http://www.instagram.com/wayfarerbicycle/,
Cycling Concepts,2343 Main St  Glastonbury  CT 06033  United States,2343 Main St,Glastonbury,6033,Connecticut,US,America/New_York,18606333444,keith@cyclingconcepts.com,http://www.cyclingconcepts.com/,cyclingconcepts.com,Bicycle store, ,Yes,94,4.6,open,"Saturday, 10 AM-5 PM; Sunday, Closed; Monday, Closed; Tuesday, 10 AM-6 PM; Wednesday, 10 AM-6 PM; Thursday, 10 AM-6 PM; Friday, 10 AM-6 PM; ",10 AM-5 PM,Closed,Closed,10 AM-6 PM,10 AM-6 PM,10 AM-6 PM,10 AM-6 PM,Lat 41.7120457,Lng -72.6087764,https://www.google.com/maps/place/?q=place_id:ChIJrwIgMY9R5okRI621tVLC9dA,https://www.google.com/search?kgmid=/g/1trxl99b,https://lh5.googleusercontent.com/p/AF1QipMCIKCnkL4TrMkXL3IvcQDzMVnCIgwuSU9gOwcf,"https://t1.gstatic.com/faviconV2?client=SOCIAL&type=FAVICON&fallback_opts=TYPE,SIZE,URL&url=http://www.cyclingconcepts.com/&size=48","https://search.google.com/local/reviews?placeid=ChIJrwIgMY9R5okRI621tVLC9dA&q=bicycle+shop+near+Jewett+borough,+Connecticut,+USA&authuser=0&hl=en",18606333444,https://www.facebook.com/cyclingconcepts.ct/, ,https://www.instagram.com/cyclingconcepts/,
The Bike Shop,14 Tolland Turnpike  Willington  CT 06279  United States,14 Tolland Turnpike,Willington,6279,Connecticut,US,America/New_York,18602817888,nate@bikesboards.net,https://www.mtbct.com/,mtbct.com,Bicycle store, ,Yes,45,4.9,open,"Friday, 12-4 PM; Saturday, 12-4 PM; Sunday, Closed; Monday, Closed; Tuesday, Closed; Wednesday, 12-4 PM; Thursday, 12-4 PM; ",12-4 PM,Closed,Closed,Closed,12-4 PM,12-4 PM,12-4 PM,Lat 41.880519199999995,Lng -72.3044638,https://www.google.com/maps/place/?q=place_id:ChIJWS0S-9lX5okRzFTggFAfLtA,https://www.google.com/search?kgmid=/g/1tctspyc,https://lh5.googleusercontent.com/p/AF1QipO7YXF1wq4yRgnIWiF6Mpg0ABfnzOk-MgEOgnLY,"https://t1.gstatic.com/faviconV2?client=SOCIAL&type=FAVICON&fallback_opts=TYPE,SIZE,URL&url=https://www.mtbct.com/&size=48","https://search.google.com/local/reviews?placeid=ChIJWS0S-9lX5okRzFTggFAfLtA&q=bicycle+shop+near+Naugatuck+borough,+Connecticut,+USA&authuser=0&hl=en",8602817888,https://www.facebook.com/profile.php?id=100090412816461&mibextid=LQQJ4d, ,https://www.instagram.com/thebikeshopmtbct/,
Niantic Bay Bicycles,8 Methodist St  Niantic  CT 06357  United States,8 Methodist St,Niantic,6357,Connecticut,US,America/New_York,18606910757,nianticbaybicycles@sbcglobal.net,https://www.nianticbaybicycles.com/,nianticbaybicycles.com,Bicycle store, ,Yes,58,5,open,"Friday, 10 AM-6 PM; Saturday, 10 AM-5 PM; Sunday, Closed; Monday, Closed; Tuesday, 10 AM-6 PM; Wednesday, 10 AM-6 PM; Thursday, 10 AM-6 PM; ",10 AM-5 PM,Closed,Closed,10 AM-6 PM,10 AM-6 PM,10 AM-6 PM,10 AM-6 PM,Lat 41.323414799999995,Lng -72.195455,https://www.google.com/maps/place/?q=place_id:ChIJ95ddqI4Q5okRFiD3ffyG_CU,https://www.google.com/search?kgmid=/g/1tkf1_ks,https://lh5.googleusercontent.com/p/AF1QipNm2WGKelwVuDiJPEPADdX2gouSqq35I4pI8QnO,"https://t1.gstatic.com/faviconV2?client=SOCIAL&type=FAVICON&fallback_opts=TYPE,SIZE,URL&url=https://www.nianticbaybicycles.com/&size=48","https://search.google.com/local/reviews?placeid=ChIJ95ddqI4Q5okRFiD3ffyG_CU&q=bicycle+shop+near+New+London,+Connecticut,+USA&authuser=0&hl=en",,https://www.facebook.com/nianticbaybicycles/?fref=ts,https://twitter.com/NianticBayBicyc,,
eZanes,182 Cedar St  Branford  CT 06405  United States,182 Cedar St,Branford,6405,Connecticut,US,America/New_York,18887352453,orders@zanes.com,http://search.ezanes.com/ContactUS.aspx,search.ezanes.com,Bicycle store, ,No,,,open, ,,,,,,,,Lat 41.290735399999996,Lng -72.8199125,https://www.google.com/maps/place/?q=place_id:ChIJ9xYxxYnW54kRc_qRtZrqmio,https://www.google.com/search?kgmid=/g/11ghr1hbkn,https://lh5.googleusercontent.com/p/Jf570O9uTFBu8oSErZKTDg,"https://t1.gstatic.com/faviconV2?client=SOCIAL&type=FAVICON&fallback_opts=TYPE,SIZE,URL&url=http://search.ezanes.com/ContactUS.aspx&size=48", ,, , ,,
Pedal Power,4 Essex Plaza  Essex  CT 06426  United States,4 Essex Plaza,Essex,6426,Connecticut,US,America/New_York,18603473776,salesessex@pedalpowerct.com,http://pedalpowerct.com/contact/pedal-power-essex-ct-pg492.htm,pedalpowerct.com,Bicycle repair shop,Bicycle rental service,Yes,57,4.6,open,"Friday, 11 AM-6 PM; Saturday, 10 AM-5 PM; Sunday, Closed; Monday, Closed; Tuesday, 11 AM-6 PM; Wednesday, 11 AM-6 PM; Thursday, 11 AM-6 PM; ",10 AM-5 PM,Closed,Closed,11 AM-6 PM,11 AM-6 PM,11 AM-6 PM,11 AM-6 PM,Lat 41.35295,Lng -72.407431,https://www.google.com/maps/place/?q=place_id:ChIJrQ-U_Lk85okRL2RXeKY4_DA,https://www.google.com/search?kgmid=/g/11b5pjbg5b,https://lh5.googleusercontent.com/p/AF1QipNXHPQcLN3tRuBAPYrVQbwV01V7aPePZXtPCkHd,"https://t1.gstatic.com/faviconV2?client=SOCIAL&type=FAVICON&fallback_opts=TYPE,SIZE,URL&url=http://pedalpowerct.com/contact/pedal-power-essex-ct-pg492.htm&size=48","https://search.google.com/local/reviews?placeid=ChIJrQ-U_Lk85okRL2RXeKY4_DA&q=bicycle+shop+near+New+London,+Connecticut,+USA&authuser=0&hl=en",8603473776 | +18603473776,https://www.facebook.com/pedalpowerctessex/, ,https://www.instagram.com/pedalpowerct/?hl=en,
Pedal Power,359 Main St  Middletown  CT 06457  United States,359 Main St,Middletown,6457,Connecticut,US,America/New_York,18603473776,salesmtown@pedalpowerct.com,http://pedalpowerct.com/contact/pedal-power-middletown-ct-pg491.htm,pedalpowerct.com,Bicycle repair shop,Bicycle rental service,Yes,242,4.9,open,"Saturday, 10 AM-5 PM; Sunday, 12-4 PM; Monday, Closed; Tuesday, 11 AM-6 PM; Wednesday, 11 AM-6 PM; Thursday, 11 AM-6 PM; Friday, 11 AM-6 PM; ",10 AM-5 PM,12-4 PM,Closed,11 AM-6 PM,11 AM-6 PM,11 AM-6 PM,11 AM-6 PM,Lat 41.561042,Lng -72.650429,https://www.google.com/maps/place/?q=place_id:ChIJNXm2lcz35okRoAdK0E6c0ig,https://www.google.com/search?kgmid=/g/1tgny7dm,https://lh5.googleusercontent.com/p/AF1QipPYBMSdLTpxL2Sd7X8ggyHgca2hYtVMlgSx_yzI,"https://t1.gstatic.com/faviconV2?client=SOCIAL&type=FAVICON&fallback_opts=TYPE,SIZE,URL&url=http://pedalpowerct.com/contact/pedal-power-middletown-ct-pg491.htm&size=48","https://search.google.com/local/reviews?placeid=ChIJNXm2lcz35okRoAdK0E6c0ig&q=bicycle+shop+near+Jewett+borough,+Connecticut,+USA&authuser=0&hl=en",8603473776 | +18603473776,https://www.facebook.com/pedalpowerct/, ,https://www.instagram.com/pedalpowerct/?hl=en,
Service Cycle - Mobile Bicycle Service,Appointment Only  155 Flat Iron Rd  Guilford  CT 06437  United States,Appointment Only,Guilford,6437,Connecticut,US,America/New_York,12035332373,servicecyclect@gmail.com,http://www.servicecycle.net/,servicecycle.net,Bicycle repair shop,Bicycle club,Yes,16,5,open,"Saturday, 10 AM-4 PM; Sunday, Closed; Monday, 9 AM-6 PM; Tuesday, 9 AM-6 PM; Wednesday, 9 AM-6 PM; Thursday, 9 AM-6 PM; Friday, 9 AM-6 PM; ",10 AM-4 PM,Closed,9 AM-6 PM,9 AM-6 PM,9 AM-6 PM,9 AM-6 PM,9 AM-6 PM,Lat 41.3419266,Lng -72.73745679999999,https://www.google.com/maps/place/?q=place_id:ChIJ9dKHZbDT54kR0XLmaz4ZI7k,https://www.google.com/search?kgmid=/g/11jmy3b9dc,https://lh5.googleusercontent.com/p/AF1QipMgVOPWUhrZsBsmuOGLrz9dF2s4gMJucdgyghVM,"https://t1.gstatic.com/faviconV2?client=SOCIAL&type=FAVICON&fallback_opts=TYPE,SIZE,URL&url=http://www.servicecycle.net/&size=48","https://search.google.com/local/reviews?placeid=ChIJ9dKHZbDT54kR0XLmaz4ZI7k&q=bicycle+shop+near+Jewett+borough,+Connecticut,+USA&authuser=0&hl=en",203-533-2373, , ,https://instagram.com/servicecycle/,
Tony's Bikes & Sports,108 Broad St  Milford  CT 06460  United States,108 Broad St,Milford,6460,Connecticut,US,America/New_York,12038785380,tonysbikes@yahoo.com,http://tonysbikes.com/,tonysbikes.com,Bicycle store, ,Yes,196,4.8,open,"Friday, 11 AM-6 PM; Saturday, 10 AM-5 PM; Sunday, Closed; Monday, Closed; Tuesday, 11 AM-6 PM; Wednesday, 11 AM-6 PM; Thursday, 11 AM-6 PM; ",10 AM-5 PM,Closed,Closed,11 AM-6 PM,11 AM-6 PM,11 AM-6 PM,11 AM-6 PM,Lat 41.2207953,Lng -73.05896849999999,https://www.google.com/maps/place/?q=place_id:ChIJN-leG5h06IkR7V-4mccKzrc,https://www.google.com/search?kgmid=/g/1tkp0ts1,https://lh5.googleusercontent.com/p/AF1QipN-1XnuYXuVnRPshqAuipgHaZBa2wjM8RylPSxt,"https://t1.gstatic.com/faviconV2?client=SOCIAL&type=FAVICON&fallback_opts=TYPE,SIZE,URL&url=http://tonysbikes.com/&size=48","https://search.google.com/local/reviews?placeid=ChIJN-leG5h06IkR7V-4mccKzrc&q=bicycle+shop+near+Naugatuck+borough,+Connecticut,+USA&authuser=0&hl=en",2038785380,https://www.facebook.com/tonysbikes/,https://twitter.com/tonysbikes,https://www.instagram.com/tonysbikes/,https://www.youtube.com/user/tonysbikes/
Signature Cycles,14 Railroad Ave  Greenwich  CT 06830  United States,14 Railroad Ave,Greenwich,6830,Connecticut,US,America/New_York,12034850500,,http://www.signaturecycles.com/,signaturecycles.com,Bicycle store, ,Yes,68,4.8,open,"Friday, 10 AM-6 PM; Saturday, 11 AM-4 PM; Sunday, Closed; Monday, Closed; Tuesday, 10 AM-6 PM; Wednesday, 10 AM-6 PM; Thursday, 10 AM-6 PM; ",11 AM-4 PM,Closed,Closed,10 AM-6 PM,10 AM-6 PM,10 AM-6 PM,10 AM-6 PM,Lat 41.0215234,Lng -73.6260168,https://www.google.com/maps/place/?q=place_id:ChIJfVECb0yYwokRXysC2HHdm0w,https://www.google.com/search?kgmid=/g/1tg_bdxq,https://lh5.googleusercontent.com/p/AF1QipMpeBI_3en99XPSmDzDK5zaUkcB-kHNyRkaDJHr,"https://t1.gstatic.com/faviconV2?client=SOCIAL&type=FAVICON&fallback_opts=TYPE,SIZE,URL&url=http://www.signaturecycles.com/&size=48","https://search.google.com/local/reviews?placeid=ChIJfVECb0yYwokRXysC2HHdm0w&q=bicycle+shop+near+Greenwich,+New+York,+USA&authuser=0&hl=en",,https://facebook.com/signaturecyclesgreenwich,https://twitter.com/signaturecycles,https://www.instagram.com/signaturecycles/?hl=en-gb,
Intuit Bike Fit LLC,157 Pleasant View Rd  Thomaston  CT 06787  United States,157 Pleasant View Rd,Thomaston,6787,Connecticut,US,America/New_York,18602830050,,,,Bicycle repair shop, ,No,3,5,open, ,,,,,,,,Lat 41.661469,Lng -73.0935531,https://www.google.com/maps/place/?q=place_id:ChIJiRtVWIuV54kRhv6X4LZZ8ZE,https://www.google.com/search?kgmid=/g/11gfhh7j97, , ,"https://search.google.com/local/reviews?placeid=ChIJiRtVWIuV54kRhv6X4LZZ8ZE&q=bicycle+shop+near+Jewett+borough,+Connecticut,+USA&authuser=0&hl=en", , , , , 
Goatville Cyclesmith LLC,17 Hine Pl  New Haven  CT 06511  United States,17 Hine Pl,New Haven,6511,Connecticut,US,America/New_York,12039079526,,,,Bicycle repair shop,Bicycle Shop,Yes,6,4.3,open,"Saturday, 10 AM-2 PM; Sunday, Closed; Monday, 10 AM-6 PM; Tuesday, 10 AM-6 PM; Wednesday, 10 AM-6 PM; Thursday, 10 AM-6 PM; Friday, 10 AM-6 PM; ",10 AM-2 PM,Closed,10 AM-6 PM,10 AM-6 PM,10 AM-6 PM,10 AM-6 PM,10 AM-6 PM,Lat 41.3158907,Lng -72.9115613,https://www.google.com/maps/place/?q=place_id:ChIJu37GL8XZ54kR2TY2F9x99Go,https://www.google.com/search?kgmid=/g/11fm_78zw9,https://lh5.googleusercontent.com/p/FGb3ozShatjVHH_GP1rGhQ, ,"https://search.google.com/local/reviews?placeid=ChIJu37GL8XZ54kR2TY2F9x99Go&q=bicycle+shop+near+Jewett+borough,+Connecticut,+USA&authuser=0&hl=en", , , , , 
Fly E - Bike,210 W Main St  Stamford  CT 06902  United States,210 W Main St,Stamford,6902,Connecticut,US,America/New_York,,,,,Bicycle store, ,No,,,open, ,,,,,,,,Lat 41.0499042,Lng -73.5481697,https://www.google.com/maps/place/?q=place_id:ChIJGRA30PyhwokRUKmICrEVf_0,https://www.google.com/search?kgmid=/g/11l65z57sl,https://lh5.googleusercontent.com/p/NUqBztqi1X26ZNFdeSOWJg, , , , , , , 
Dave's Bicycles,22 Bayview Ave #19  Stonington  CT 06378  United States,22 Bayview Ave #19,Stonington,6378,Connecticut,US,America/New_York,18603191986,,,,Bicycle store, ,No,4,4.8,open, ,,,,,,,,Lat 41.337863399999996,Lng -71.8985434,https://www.google.com/maps/place/?q=place_id:ChIJPatydtbj5YkRTN82s3mfZEo,https://www.google.com/search?kgmid=/g/11hcfs7gyz,https://lh5.googleusercontent.com/p/CIHM0ogKEICAgIDE0pmr0AE, ,"https://search.google.com/local/reviews?placeid=ChIJPatydtbj5YkRTN82s3mfZEo&q=bicycle+shop+near+Jewett+borough,+Connecticut,+USA&authuser=0&hl=en", , , , , 
Western New England Greenway,9 Bridge St  Kent  CT 06757  United States,9 Bridge St,Kent,6757,Connecticut,US,America/New_York,18609271742,,,,Bicycle store, ,No,,,open,"Friday, 9 AM-6 PM; Saturday, 9 AM-6 PM; Sunday, 10 AM-4 PM; Monday, 9 AM-6 PM; Tuesday, 9 AM-6 PM; Wednesday, 9 AM-6 PM; Thursday, 9 AM-6 PM; ",9 AM-6 PM,10 AM-4 PM,9 AM-6 PM,9 AM-6 PM,9 AM-6 PM,9 AM-6 PM,9 AM-6 PM,Lat 41.7245274,Lng -73.4782992,https://www.google.com/maps/place/?q=place_id:ChIJXw5uSe9h3YkRpi7EVoY8KXg,https://www.google.com/search?kgmid=/g/11c6q78v8s,https://lh5.googleusercontent.com/p/5VwAvJikr31DtSrmI7jfcA, , , , , , , 
Electric eng,29 Hoyt St  Stamford  CT 06905  United States,29 Hoyt St,Stamford,6905,Connecticut,US,America/New_York,,,,,Electric bicycle store, ,No,,,open, ,,,,,,,,Lat 41.0606067,Lng -73.53960409999999,https://www.google.com/maps/place/?q=place_id:ChIJZcKLagChwokRqq92zoQrn2M,https://www.google.com/search?kgmid=/g/11w5b3sfdk,https://lh5.googleusercontent.com/p/gOWbj_m6dIUsQ8E3FtMZmA, , , , , , , 
Primo Cycle Works,390 Reservoir Ave  Meriden  CT 06451  United States,390 Reservoir Ave,Meriden,6451,Connecticut,US,America/New_York,14753749867,,http://primocycleworks.com/,primocycleworks.com,Bicycle repair shop, ,Yes,7,4.4,open,"Saturday, 8 AM-4 PM; Sunday, 8 AM-4 PM; Monday, Closed; Tuesday, 6-8 PM; Wednesday, Closed; Thursday, 6-8 PM; Friday, Closed; ",8 AM-4 PM,8 AM-4 PM,Closed,6-8 PM,Closed,6-8 PM,Closed,Lat 41.5480618,Lng -72.8280855,https://www.google.com/maps/place/?q=place_id:ChIJ8yHTkxzJ54kRzaJspg0recE,https://www.google.com/search?kgmid=/g/11pzyp53jz,https://lh5.googleusercontent.com/p/AF1QipMyMYsRLrhYm-FruhaOqpk9EY5FjxUzaEOB57QP,"https://t1.gstatic.com/faviconV2?client=SOCIAL&type=FAVICON&fallback_opts=TYPE,SIZE,URL&url=http://primocycleworks.com/&size=48","https://search.google.com/local/reviews?placeid=ChIJ8yHTkxzJ54kRzaJspg0recE&q=bicycle+shop+near+Jewett+borough,+Connecticut,+USA&authuser=0&hl=en",, , , , 
BiCi Co.,616 New Park Ave  West Hartford  CT 06110  United States,616 New Park Ave,West Hartford,6110,Connecticut,US,America/New_York,18605953211,,http://bicico.org/,bicico.org,Bicycle repair shop, ,Yes,13,5,open,"Friday, 12-6 PM; Saturday, 10 AM-6 PM; Sunday, Closed; Monday, Closed; Tuesday, 12-6 PM; Wednesday, 12-6 PM; Thursday, 12-6 PM; ",10 AM-6 PM,Closed,Closed,12-6 PM,12-6 PM,12-6 PM,12-6 PM,Lat 41.7325592,Lng -72.7239656,https://www.google.com/maps/place/?q=place_id:ChIJa5CyaaKt54kR30llaFLFdRk,https://www.google.com/search?kgmid=/g/11sx10rzxn,https://lh5.googleusercontent.com/p/AF1QipMVLP2WitrTKYVHKe_d6U5ydEH3gK6s7ZZYh7-z,"https://t1.gstatic.com/faviconV2?client=SOCIAL&type=FAVICON&fallback_opts=TYPE,SIZE,URL&url=http://bicico.org/&size=48","https://search.google.com/local/reviews?placeid=ChIJa5CyaaKt54kR30llaFLFdRk&q=bicycle+shop+near+Hartford,+Connecticut,+USA&authuser=0&hl=en",860-269-0004 | 860-595-3211,https://www.facebook.com/BiCiCoHartford/,http://twitter.com/goodlayers,https://www.instagram.com/bici_gram/,
Huntington Cycles,131 Huntington St  Shelton  CT 06484  United States,131 Huntington St,Shelton,6484,Connecticut,US,America/New_York,12037512818,,http://huntingtoncycles.com/,huntingtoncycles.com,Bicycle repair shop, ,Yes,15,5,open,"Friday, 5-8 PM; Saturday, 9 AM-5 PM; Sunday, 9 AM-5 PM; Monday, 5-8 PM; Tuesday, 5-8 PM; Wednesday, Closed; Thursday, 5-8 PM; ",9 AM-5 PM,9 AM-5 PM,5-8 PM,5-8 PM,Closed,5-8 PM,5-8 PM,Lat 41.2916502,Lng -73.1445396,https://www.google.com/maps/place/?q=place_id:ChIJDTq18DwL6IkRyEmXB7hSaNI,https://www.google.com/search?kgmid=/g/11ydr_fxh7,https://lh5.googleusercontent.com/p/LqMRk8qI5SwWYEPYJLWhjw,"https://t1.gstatic.com/faviconV2?client=SOCIAL&type=FAVICON&fallback_opts=TYPE,SIZE,URL&url=http://huntingtoncycles.com/&size=48","https://search.google.com/local/reviews?placeid=ChIJDTq18DwL6IkRyEmXB7hSaNI&q=bicycle+shop+near+Ansonia,+Connecticut,+USA&authuser=0&hl=en",+1 203-751-2818,https://www.facebook.com/profile.php?id=100066773262235, ,https://www.instagram.com/69tr6r/,
REI Bike Shop,1417 New Britain Ave  West Hartford  CT 06110  United States,1417 New Britain Ave,West Hartford,6110,Connecticut,US,America/New_York,18603130128,,https://www.rei.com/stores/west-hartford/bike-shop,rei.com,Bicycle repair shop,Bicycle Shop,Yes,10,4.3,open,"Friday, 10 AM-7 PM; Saturday, 10 AM-7 PM; Sunday, 11 AM-6 PM; Monday, 10 AM-7 PM; Tuesday, 10 AM-7 PM; Wednesday, 10 AM-7 PM; Thursday, 10 AM-7 PM; ",10 AM-7 PM,11 AM-6 PM,10 AM-7 PM,10 AM-7 PM,10 AM-7 PM,10 AM-7 PM,10 AM-7 PM,Lat 41.726157699999995,Lng -72.7571139,https://www.google.com/maps/place/?q=place_id:ChIJg039CFit54kRD0qNImEZics,https://www.google.com/search?kgmid=/g/11fmc2dcx6,https://lh5.googleusercontent.com/p/CIHM0ogKEICAgICLxd_VgAE,"https://t1.gstatic.com/faviconV2?client=SOCIAL&type=FAVICON&fallback_opts=TYPE,SIZE,URL&url=https://www.rei.com/stores/west-hartford/bike-shop&size=48","https://search.google.com/local/reviews?placeid=ChIJg039CFit54kRD0qNImEZics&q=bicycle+shop+near+Ansonia,+Connecticut,+USA&authuser=0&hl=en",+18603130128 | (860) 313-0128 | 2037830945 | 2038381938 | 4012755250,https://www.facebook.com/REI/, ,https://www.instagram.com/rei/,https://www.youtube.com/user/reifindout/
Brumell's Cycling & Fitness,21 Burlington Rd  Harwinton  CT 06791  United States,21 Burlington Rd,Harwinton,6791,Connecticut,US,America/New_York,18606010855,,http://brumellscycling.com/,brumellscycling.com,Bicycle repair shop,Fitness equipment wholesaler,Yes,35,4.7,open,"Saturday, 9 AM-7 PM; Sunday, 9 AM-1 PM; Monday, Closed; Tuesday, 10 AM-7 PM; Wednesday, 11:30 AM-2:30 PM; Thursday, 11:30 AM-2:30 PM; Friday, 10 AM-7 PM; ",9 AM-7 PM,9 AM-1 PM,Closed,10 AM-7 PM,11:30 AM-2:30 PM,11:30 AM-2:30 PM,10 AM-7 PM,Lat 41.7717475,Lng -73.0585251,https://www.google.com/maps/place/?q=place_id:ChIJh3WxwpCY54kRc6K9y27MEEM,https://www.google.com/search?kgmid=/g/1tn4z5ps,https://lh5.googleusercontent.com/p/AF1QipNo-N8equ8pvneGeP4IAZGqk95eOknInbA3Py3Q,"https://t1.gstatic.com/faviconV2?client=SOCIAL&type=FAVICON&fallback_opts=TYPE,SIZE,URL&url=http://brumellscycling.com/&size=48","https://search.google.com/local/reviews?placeid=ChIJh3WxwpCY54kRc6K9y27MEEM&q=bicycle+shop+near+Bantam+borough,+Connecticut,+USA&authuser=0&hl=en",8606010855, , ,,https://www.youtube.com/watch?v=GO7T5fHEshs&t=22s
CYCL CRFT,85 Mill Plain Rd a1  Fairfield  CT 06824  United States,85 Mill Plain Rd a1,Fairfield,6824,Connecticut,US,America/New_York,12034489753,,https://www.cyclcrft.com/,cyclcrft.com,Bicycle repair shop,Bicycle Shop,Yes,39,5,open,"Saturday, 10 AM-3 PM; Sunday, Closed; Monday, Closed; Tuesday, 10 AM-3 PM; Wednesday, 10 AM-3 PM; Thursday, 10 AM-6 PM; Friday, 10 AM-3 PM; ",10 AM-3 PM,Closed,Closed,10 AM-3 PM,10 AM-3 PM,10 AM-6 PM,10 AM-3 PM,Lat 41.141909,Lng -73.26553539999999,https://www.google.com/maps/place/?q=place_id:ChIJKbR4pJkR6IkRlfy-QoKyShA,https://www.google.com/search?kgmid=/g/11l72w66xr,https://lh5.googleusercontent.com/p/AF1QipNF_PIvH7SXH8LXPx95aN_ViV_BngEbuw6204o,"https://t1.gstatic.com/faviconV2?client=SOCIAL&type=FAVICON&fallback_opts=TYPE,SIZE,URL&url=https://www.cyclcrft.com/&size=48","https://search.google.com/local/reviews?placeid=ChIJKbR4pJkR6IkRlfy-QoKyShA&q=bicycle+shop+near+Bantam+borough,+Connecticut,+USA&authuser=0&hl=en",203-448-9753,https://www.facebook.com/cyclcrft, ,https://www.instagram.com/cyclcrft/,
Watertown Cycle Center,1376 Main St  Watertown  CT 06795  United States,1376 Main St,Watertown,6795,Connecticut,US,America/New_York,18602749950,,http://watertown-center.jany.io/,watertown-center.jany.io,Bicycle repair shop,Store,No,47,4.3,open,"Friday, 10 AM-5:30 PM; Saturday, 10 AM-2 PM; Sunday, Closed; Monday, 10 AM-5:30 PM; Tuesday, 10 AM-5:30 PM; Wednesday, 10 AM-5:30 PM; Thursday, 10 AM-5:30 PM; ",10 AM-2 PM,Closed,10 AM-5:30 PM,10 AM-5:30 PM,10 AM-5:30 PM,10 AM-5:30 PM,10 AM-5:30 PM,Lat 41.5903211,Lng -73.1032228,https://www.google.com/maps/place/?q=place_id:ChIJoenPlrzq54kR9Q4Fu3D_knQ,https://www.google.com/search?kgmid=/g/1tsyqtkl,https://lh5.googleusercontent.com/p/CIHM0ogKEICAgID45aaVJA,"https://t1.gstatic.com/faviconV2?client=SOCIAL&type=FAVICON&fallback_opts=TYPE,SIZE,URL&url=http://watertown-center.jany.io/&size=48","https://search.google.com/local/reviews?placeid=ChIJoenPlrzq54kR9Q4Fu3D_knQ&q=bicycle+shop+near+Naugatuck+borough,+Connecticut,+USA&authuser=0&hl=en",(860) 274-9950, , ,,
CT Electric Bike Company,1030 S Main St  Cheshire  CT 06410  United States,1030 S Main St,Cheshire,6410,Connecticut,US,America/New_York,12036769432,,https://ctelectricbikecompany.com/,ctelectricbikecompany.com,Bicycle repair shop, ,No,2,4,open, ,,,,,,,,Lat 41.4762148,Lng -72.9059171,https://www.google.com/maps/place/?q=place_id:ChIJrYsM4U7F54kRQouo3xmSpHQ,https://www.google.com/search?kgmid=/g/11l77_fgxv,https://lh5.googleusercontent.com/p/cN8Ncggy95BP4dbZFSXDzw,"https://t1.gstatic.com/faviconV2?client=SOCIAL&type=FAVICON&fallback_opts=TYPE,SIZE,URL&url=https://ctelectricbikecompany.com/&size=48","https://search.google.com/local/reviews?placeid=ChIJrYsM4U7F54kRQouo3xmSpHQ&q=bicycle+shop+near+Naugatuck+borough,+Connecticut,+USA&authuser=0&hl=en",, , ,,
Pedal Power,520 Hartford Turnpike SUITE J  Vernon  CT 06066  United States,520 Hartford Turnpike SUITE J,Vernon,6066,Connecticut,US,America/New_York,18608586350,,https://loomcitycycles.com/,loomcitycycles.com,Bicycle repair shop,Bicycle rental service,No,115,4.7,open,"Saturday, 10 AM-5 PM; Sunday, Closed; Monday, Closed; Tuesday, 11 AM-6 PM; Wednesday, 11 AM-6 PM; Thursday, 11 AM-6 PM; Friday, 11 AM-6 PM; ",10 AM-5 PM,Closed,Closed,11 AM-6 PM,11 AM-6 PM,11 AM-6 PM,11 AM-6 PM,Lat 41.8304895,Lng -72.4754221,https://www.google.com/maps/place/?q=place_id:ChIJX-KtAM335okRUBAwpgrDKnU,https://www.google.com/search?kgmid=/g/11xgszc36,https://lh5.googleusercontent.com/p/CIHM0ogKEICAgID42O4p,"https://t1.gstatic.com/faviconV2?client=SOCIAL&type=FAVICON&fallback_opts=TYPE,SIZE,URL&url=https://loomcitycycles.com/&size=48","https://search.google.com/local/reviews?placeid=ChIJX-KtAM335okRUBAwpgrDKnU&q=bicycle+shop+near+Jewett+borough,+Connecticut,+USA&authuser=0&hl=en",, , ,,
Bradley Street Bicycle Co-op,138 Bradley St  New Haven  CT 06511  United States,138 Bradley St,New Haven,6511,Connecticut,US,America/New_York,12038483400,,https://bsbcco.notion.site/Home-762c4e4417e2437b9027c11f60ad531d,bsbcco.notion.site,Bicycle repair shop, ,Yes,114,4.9,open,"Saturday, Closed; Sunday, Closed; Monday, Closed; Tuesday, 4-8 PM; Wednesday, Closed; Thursday, 4-8 PM; Friday, Closed; ",Closed,Closed,Closed,4-8 PM,Closed,4-8 PM,Closed,Lat 41.3117924,Lng -72.91678019999999,https://www.google.com/maps/place/?q=place_id:ChIJ-zd2K8nZ54kRSlgErAJ6ojU,https://www.google.com/search?kgmid=/g/11bwn6lvrg,https://lh5.googleusercontent.com/p/CIHM0ogKEICAgICE89iQQw,"https://t1.gstatic.com/faviconV2?client=SOCIAL&type=FAVICON&fallback_opts=TYPE,SIZE,URL&url=https://bsbcco.notion.site/Home-762c4e4417e2437b9027c11f60ad531d&size=48","https://search.google.com/local/reviews?placeid=ChIJ-zd2K8nZ54kRSlgErAJ6ojU&q=bicycle+shop+near+New+Haven,+New+York,+USA&authuser=0&hl=en",, , ,,
Pacific Cycling & Triathlon,984 High Ridge Rd  Stamford  CT 06905  United States,984 High Ridge Rd,Stamford,6905,Connecticut,US,America/New_York,12035048960,,http://www.pacificsbr.com/,pacificsbr.com,Bicycle store,Bicycle repair shop,Yes,349,4.9,open,"Friday, 10 AM-6 PM; Saturday, 10 AM-6 PM; Sunday, Closed; Monday, 10 AM-7 PM; Tuesday, 10 AM-7 PM; Wednesday, 10 AM-7 PM; Thursday, 10 AM-7 PM; ",10 AM-6 PM,Closed,10 AM-7 PM,10 AM-7 PM,10 AM-7 PM,10 AM-7 PM,10 AM-6 PM,Lat 41.104982799999995,Lng -73.5488244,https://www.google.com/maps/place/?q=place_id:ChIJ_1jbIOChwokRw0B1O6HwIAs,https://www.google.com/search?kgmid=/g/1tk23w2h,https://lh5.googleusercontent.com/p/CIHM0ogKEICAgIDk8IHGnQE,"https://t1.gstatic.com/faviconV2?client=SOCIAL&type=FAVICON&fallback_opts=TYPE,SIZE,URL&url=http://www.pacificsbr.com/&size=48","https://search.google.com/local/reviews?placeid=ChIJ_1jbIOChwokRw0B1O6HwIAs&q=bicycle+shop+near+Pound+Ridge,+New+York,+USA&authuser=0&hl=en",1-203-504-8960,https://www.facebook.com/PacificSwimBikeRun,https://twitter.com/pacificsbr,https://www.instagram.com/pacificsbr/,
Covered Bridge Electric Bike in Kent,25 N Main St  Kent  CT 06757  United States,25 N Main St,Kent,6757,Connecticut,US,America/New_York,18602483010,,https://www.coveredbridgeebike.com/,coveredbridgeebike.com,Bicycle store,Bicycle repair shop,Yes,2,5,open,"Saturday, 10 AM-5 PM; Sunday, 10 AM-5 PM; Monday, Closed; Tuesday, Closed; Wednesday, 10 AM-5 PM; Thursday, 10 AM-5 PM; Friday, 10 AM-5 PM; ",10 AM-5 PM,10 AM-5 PM,Closed,Closed,10 AM-5 PM,10 AM-5 PM,10 AM-5 PM,Lat 41.7263959,Lng -73.4763474,https://www.google.com/maps/place/?q=place_id:ChIJ1XRaltRh3YkRUGgiy1JvSvU,https://www.google.com/search?kgmid=/g/11t27t2xkh,https://lh5.googleusercontent.com/p/AF1QipMphRjw5IJq1231_aLy3ZIQH06jmHSpQluDS-FZ,"https://t1.gstatic.com/faviconV2?client=SOCIAL&type=FAVICON&fallback_opts=TYPE,SIZE,URL&url=https://www.coveredbridgeebike.com/&size=48","https://search.google.com/local/reviews?placeid=ChIJ1XRaltRh3YkRUGgiy1JvSvU&q=bicycle+shop+near+Jewett+borough,+Connecticut,+USA&authuser=0&hl=en",, , ,,
Cutting Edge,945 Farmington Ave  Berlin  CT 06037  United States,945 Farmington Ave,Berlin,6037,Connecticut,US,America/New_York,18608283428,,https://www.cuttingedgect.com/,cuttingedgect.com,Bicycle store,Bicycle repair shop,Yes,262,4.8,open,"Friday, 10 AM-7 PM; Saturday, 10 AM-5 PM; Sunday, 11 AM-5 PM; Monday, 10 AM-7 PM; Tuesday, 10 AM-7 PM; Wednesday, 10 AM-7 PM; Thursday, 10 AM-7 PM; ",10 AM-5 PM,11 AM-5 PM,10 AM-7 PM,10 AM-7 PM,10 AM-7 PM,10 AM-7 PM,10 AM-7 PM,Lat 41.6330185,Lng -72.76277569999999,https://www.google.com/maps/place/?q=place_id:ChIJ2Uu8p4O054kRYFLFcl1c-FE,https://www.google.com/search?kgmid=/g/1v9412f9,https://lh5.googleusercontent.com/p/CIHM0ogKEICAgIC41YPXUw,"https://t1.gstatic.com/faviconV2?client=SOCIAL&type=FAVICON&fallback_opts=TYPE,SIZE,URL&url=https://www.cuttingedgect.com/&size=48","https://search.google.com/local/reviews?placeid=ChIJ2Uu8p4O054kRYFLFcl1c-FE&q=bicycle+shop+near+Ansonia,+Connecticut,+USA&authuser=0&hl=en",,https://www.facebook.com/CuttingEdgeSnowSkateBike/, ,https://www.instagram.com/cuttingedge_ct/,
Morrissey Cycles,151 Boston Post Rd  Old Lyme  CT 06371  United States,151 Boston Post Rd,Old Lyme,6371,Connecticut,US,America/New_York,18604341700,,http://www.morrisseycycles.com/,morrisseycycles.com,Bicycle store, ,Yes,34,4.9,open,"Friday, 9:30 AM-5 PM; Saturday, 9:30 AM-3 PM; Sunday, Closed; Monday, Closed; Tuesday, 9:30 AM-5 PM; Wednesday, 9:30 AM-5 PM; Thursday, 9:30 AM-5 PM; ",9:30 AM-3 PM,Closed,Closed,9:30 AM-5 PM,9:30 AM-5 PM,9:30 AM-5 PM,9:30 AM-5 PM,Lat 41.3465055,Lng -72.30199929999999,https://www.google.com/maps/place/?q=place_id:ChIJ3xsNEL4X5okROQLsHGN7pxw,https://www.google.com/search?kgmid=/g/11dzx68htv,https://lh5.googleusercontent.com/p/CIHM0ogKEICAgICquNykUg,"https://t1.gstatic.com/faviconV2?client=SOCIAL&type=FAVICON&fallback_opts=TYPE,SIZE,URL&url=http://www.morrisseycycles.com/&size=48","https://search.google.com/local/reviews?placeid=ChIJ3xsNEL4X5okROQLsHGN7pxw&q=bicycle+shop+near+New+London,+Connecticut,+USA&authuser=0&hl=en",,https://www.facebook.com/morrisseycyclesCT, ,https://www.instagram.com/morrisseycyclesct/,https://www.youtube.com/channel/UCOvmxhdYrN89hp6t231ii6g
Bax Cycles (formerly Dave's Cycle),78 Valley Rd  Cos Cob  CT 06807  United States,78 Valley Rd,Cos Cob,6807,Connecticut,US,America/New_York,12036617736,,http://baxcycles.com/,baxcycles.com,Bicycle store,Bicycle rental service,Yes,89,4.8,open,"Friday, 10:30 AM-5:30 PM; Saturday, 10:30 AM-5:30 PM; Sunday, Closed; Monday, Closed; Tuesday, 10:30 AM-5:30 PM; Wednesday, 10:30 AM-5:30 PM; Thursday, 10:30 AM-5:30 PM; ",10:30 AM-5:30 PM,Closed,Closed,10:30 AM-5:30 PM,10:30 AM-5:30 PM,10:30 AM-5:30 PM,10:30 AM-5:30 PM,Lat 41.0440367,Lng -73.59186,https://www.google.com/maps/place/?q=place_id:ChIJ51hGsIqZwokR24SGkojqAJU,https://www.google.com/search?kgmid=/g/11q499mz9w,https://lh5.googleusercontent.com/p/AF1QipPEXs0VvmhlHS7-4FpS17tSYxbMxUYTpNw-jBsA,"https://t1.gstatic.com/faviconV2?client=SOCIAL&type=FAVICON&fallback_opts=TYPE,SIZE,URL&url=http://baxcycles.com/&size=48","https://search.google.com/local/reviews?placeid=ChIJ51hGsIqZwokR24SGkojqAJU&q=bicycle+shop+near+Hawthorne,+New+York,+USA&authuser=0&hl=en",1-203-661-7736,https://www.facebook.com/Bax-Cycles-100728332612372/, ,,
Mystic Cycle Centre,25 Stonington Rd  Mystic  CT 06355  United States,25 Stonington Rd,Mystic,6355,Connecticut,US,America/New_York,18605727433,,http://www.mysticcyclecentre.com/,mysticcyclecentre.com,Bicycle store, ,Yes,118,4.7,open,"Friday, 11 AM-5 PM; Saturday, 11 AM-5 PM; Sunday, 11 AM-5 PM; Monday, Closed; Tuesday, 11 AM-5 PM; Wednesday, 11 AM-5 PM; Thursday, 11 AM-7 PM; ",11 AM-5 PM,11 AM-5 PM,Closed,11 AM-5 PM,11 AM-5 PM,11 AM-7 PM,11 AM-5 PM,Lat 41.3468647,Lng -71.9532754,https://www.google.com/maps/place/?q=place_id:ChIJ5wfnn_8J5okRQ6X2EKXAk4k,https://www.google.com/search?kgmid=/g/1tc_0jsh,https://lh5.googleusercontent.com/p/CIHM0ogKEICAgICkrayF_AE,"https://t1.gstatic.com/faviconV2?client=SOCIAL&type=FAVICON&fallback_opts=TYPE,SIZE,URL&url=http://www.mysticcyclecentre.com/&size=48","https://search.google.com/local/reviews?placeid=ChIJ5wfnn_8J5okRQ6X2EKXAk4k&q=bicycle+shop+near+Naugatuck+borough,+Connecticut,+USA&authuser=0&hl=en",18605727433,https://www.facebook.com/mysticcyclect/, ,https://www.instagram.com/mysticcyclecentre/,
Trek Bicycle Fairfield,2266 Black Rock Tpke  Fairfield  CT 06825  United States,2266 Black Rock Tpke,Fairfield,6825,Connecticut,US,America/New_York,12038599509,,https://www.trekbikes.com/us/en_US/retail/fairfield/?y_source=1_NTE4NTU4NTQtNzE1LWxvY2F0aW9uLndlYnNpdGU%3D,trekbikes.com,Bicycle store,Bicycle repair shop,Yes,204,4.9,open,"Friday, 10 AM-6 PM; Saturday, 10 AM-6 PM; Sunday, 12-5 PM; Monday, 10 AM-6 PM; Tuesday, 10 AM-6 PM; Wednesday, 10 AM-6 PM; Thursday, 10 AM-6 PM; ",10 AM-6 PM,12-5 PM,10 AM-6 PM,10 AM-6 PM,10 AM-6 PM,10 AM-6 PM,10 AM-6 PM,Lat 41.183291499999996,Lng -73.2535992,https://www.google.com/maps/place/?q=place_id:ChIJ7Yj8Pd0P6IkRcGT5qhu5dPQ,https://www.google.com/search?kgmid=/g/11t9kz0t1z,https://lh5.googleusercontent.com/p/AF1QipPTkXZR7rnRvGnuOEs5TDCrLQwrlEIVM9Oi_Zg6,"https://t1.gstatic.com/faviconV2?client=SOCIAL&type=FAVICON&fallback_opts=TYPE,SIZE,URL&url=https://www.trekbikes.com/us/en_US/retail/fairfield/?y_source=1_NTE4NTU4NTQtNzE1LWxvY2F0aW9uLndlYnNpdGU%3D&size=48","https://search.google.com/local/reviews?placeid=ChIJ7Yj8Pd0P6IkRcGT5qhu5dPQ&q=bicycle+shop+near+Ansonia,+Connecticut,+USA&authuser=0&hl=en",,https://www.facebook.com/TrekBicycle,https://twitter.com/trekbikes,https://instagram.com/trekbikes/,https://www.youtube.com/user/trekbikesusa
Hightail Electric Bikes,27A Station Rd  Brookfield  CT 06804  United States,27A Station Rd,Brookfield,6804,Connecticut,US,America/New_York,12038850442,,https://hightailebikes.com/pages/contact-us,hightailebikes.com,Bicycle store, ,No,,,open,"Saturday, 12-12:01 AM; Sunday, 12-12:01 AM; Monday, 12-12:01 AM; Tuesday, 12-12:01 AM; Wednesday, 12-12:01 AM; Thursday, 12-12:01 AM; Friday, 12-12:01 AM; ",12-12:01 AM,12-12:01 AM,12-12:01 AM,12-12:01 AM,12-12:01 AM,12-12:01 AM,12-12:01 AM,Lat 41.482118199999995,Lng -73.4119896,https://www.google.com/maps/place/?q=place_id:ChIJAQBwqM7554kR-bDoK5v8LRE,https://www.google.com/search?kgmid=/g/11s0sk_ztj,https://lh5.googleusercontent.com/p/1lMPIru1QclFOK3CR6xiRg,"https://t1.gstatic.com/faviconV2?client=SOCIAL&type=FAVICON&fallback_opts=TYPE,SIZE,URL&url=https://hightailebikes.com/pages/contact-us&size=48", ,,https://www.facebook.com/HightailGreg, ,,
Storrs Center Cycle,1132 Storrs Rd  Storrs  CT 06268  United States,1132 Storrs Rd,Storrs,6268,Connecticut,US,America/New_York,18604295300,,http://www.storrscentercycle.com/,storrscentercycle.com,Bicycle store,Used bicycle shop,Yes,84,4.8,open,"Friday, 10 AM-6 PM; Saturday, 10 AM-5 PM; Sunday, Closed; Monday, Closed; Tuesday, 10 AM-6 PM; Wednesday, 10 AM-6 PM; Thursday, 10 AM-6 PM; ",10 AM-5 PM,Closed,Closed,10 AM-6 PM,10 AM-6 PM,10 AM-6 PM,10 AM-6 PM,Lat 41.7967282,Lng -72.2367881,https://www.google.com/maps/place/?q=place_id:ChIJaywWGR6K5okR2FznxyjerVI,https://www.google.com/search?kgmid=/g/1tj92kw_,https://lh5.googleusercontent.com/p/AF1QipMHcsQg8Yt1nvqGwVPtHtlOaQ-JLafDJ5JdWIL5,"https://t1.gstatic.com/faviconV2?client=SOCIAL&type=FAVICON&fallback_opts=TYPE,SIZE,URL&url=http://www.storrscentercycle.com/&size=48","https://search.google.com/local/reviews?placeid=ChIJaywWGR6K5okR2FznxyjerVI&q=bicycle+shop+near+Ansonia,+Connecticut,+USA&authuser=0&hl=en",,https://www.facebook.com/StorrsCenterCycle, ,http://instagram.com/storrscentercycle,
New Canaan Bicycles,96 Park St  New Canaan  CT 06840  United States,96 Park St,New Canaan,6840,Connecticut,US,America/New_York,18666292453,,http://www.newcanaanbicycles.com/,newcanaanbicycles.com,Bicycle store,Bicycle rental service,Yes,60,4.5,open,"Friday, 10 AM-5 PM; Saturday, 10 AM-5 PM; Sunday, Closed; Monday, 10 AM-5 PM; Tuesday, 10 AM-5 PM; Wednesday, 10 AM-5 PM; Thursday, 10 AM-5 PM; ",10 AM-5 PM,Closed,10 AM-5 PM,10 AM-5 PM,10 AM-5 PM,10 AM-5 PM,10 AM-5 PM,Lat 41.1460876,Lng -73.49449779999999,https://www.google.com/maps/place/?q=place_id:ChIJbfzUQqmhwokRNSiIoL-91WI,https://www.google.com/search?kgmid=/g/1thksmj2,https://lh5.googleusercontent.com/p/AF1QipP6LCtajpwg0boqnoa8SI8huamTtV_VYngPqzpa,"https://t1.gstatic.com/faviconV2?client=SOCIAL&type=FAVICON&fallback_opts=TYPE,SIZE,URL&url=http://www.newcanaanbicycles.com/&size=48","https://search.google.com/local/reviews?placeid=ChIJbfzUQqmhwokRNSiIoL-91WI&q=bicycle+shop+near+Pound+Ridge,+New+York,+USA&authuser=0&hl=en",18666292453,https://www.facebook.com/NewCanaanBicycles/, ,,
Cycle Dynamics,971 Post Rd E  Westport  CT 06880  United States,971 Post Rd E,Westport,6880,Connecticut,US,America/New_York,12032263790,,http://cycledynamics.com/,cycledynamics.com,Bicycle store, ,Yes,51,4.7,open,"Friday, 12-6 PM; Saturday, 10 AM-5 PM; Sunday, 12-4 PM; Monday, Closed; Tuesday, 12-6 PM; Wednesday, 12-6 PM; Thursday, 12-6 PM; ",10 AM-5 PM,12-4 PM,Closed,12-6 PM,12-6 PM,12-6 PM,12-6 PM,Lat 41.1388284,Lng -73.3315002,https://www.google.com/maps/place/?q=place_id:ChIJCY4_OQQb6IkR-dO_Hy8owp8,https://www.google.com/search?kgmid=/g/1tglnydg,https://lh5.googleusercontent.com/p/AF1QipP34KNFuGtGsb0EkvvxD0LltqQR8pUDDb104J8,"https://t1.gstatic.com/faviconV2?client=SOCIAL&type=FAVICON&fallback_opts=TYPE,SIZE,URL&url=http://cycledynamics.com/&size=48","https://search.google.com/local/reviews?placeid=ChIJCY4_OQQb6IkR-dO_Hy8owp8&q=bicycle+shop+near+Naugatuck+borough,+Connecticut,+USA&authuser=0&hl=en",,https://www.facebook.com/cycledynamics,https://twitter.com/cyedye,https://www.instagram.com/cycledynamicswestport/,
D'Aniello's Amity Bicycles,18 Selden St  Woodbridge  CT 06525  United States,18 Selden St,Woodbridge,6525,Connecticut,US,America/New_York,12033876734,,http://www.amitybicycles.com/,amitybicycles.com,Bicycle store,Bicycle repair shop,Yes,71,4.9,open,"Friday, 10 AM-6 PM; Saturday, 10 AM-5 PM; Sunday, Closed; Monday, Closed; Tuesday, 10 AM-6 PM; Wednesday, 10 AM-6 PM; Thursday, 10 AM-6 PM; ",10 AM-5 PM,Closed,Closed,10 AM-6 PM,10 AM-6 PM,10 AM-6 PM,10 AM-6 PM,Lat 41.3394757,Lng -72.982916,https://www.google.com/maps/place/?q=place_id:ChIJDXnnTk_Z54kR6eKUKbhmb90,https://www.google.com/search?kgmid=/g/1tklrl9y,https://lh5.googleusercontent.com/p/CIHM0ogKEICAgICErIvYwwE,"https://t1.gstatic.com/faviconV2?client=SOCIAL&type=FAVICON&fallback_opts=TYPE,SIZE,URL&url=http://www.amitybicycles.com/&size=48","https://search.google.com/local/reviews?placeid=ChIJDXnnTk_Z54kR6eKUKbhmb90&q=bicycle+shop+near+Naugatuck+borough,+Connecticut,+USA&authuser=0&hl=en",2033876734,https://www.facebook.com/amitybikes/, ,https://www.instagram.com/amity_bicycles/?hl=en,
Central Wheel Bicycle Shop,62 Farmington Ave  Farmington  CT 06032  United States,62 Farmington Ave,Farmington,6032,Connecticut,US,America/New_York,18606777010,,http://www.centralwheel.com/,centralwheel.com,Bicycle store,Bicycle club,Yes,85,4.7,open,"Friday, 10 AM-6 PM; Saturday, 10 AM-5 PM; Sunday, Closed; Monday, Closed; Tuesday, 10 AM-6 PM; Wednesday, 10 AM-6 PM; Thursday, 10 AM-7 PM; ",10 AM-5 PM,Closed,Closed,10 AM-6 PM,10 AM-6 PM,10 AM-7 PM,10 AM-6 PM,Lat 41.7438748,Lng -72.7849091,https://www.google.com/maps/place/?q=place_id:ChIJeR7EGsmt54kRy0ytK2BkuR4,https://www.google.com/search?kgmid=/g/1tfdzws3,https://lh5.googleusercontent.com/p/AF1QipNTC7BwZre-C4nuv1X-3tr8wWBoU_pO04YwTsve,"https://t1.gstatic.com/faviconV2?client=SOCIAL&type=FAVICON&fallback_opts=TYPE,SIZE,URL&url=http://www.centralwheel.com/&size=48","https://search.google.com/local/reviews?placeid=ChIJeR7EGsmt54kRy0ytK2BkuR4&q=bicycle+shop+near+Naugatuck+borough,+Connecticut,+USA&authuser=0&hl=en",860-677-7010,https://www.facebook.com/sharer/sharer.php?u=https%3A%2F%2Fcentralwheel.com%2Fpf%2Ftune-up-w-hydraulic-brakes-and-mechanical-shifting%2F, ,https://www.instagram.com/centralwheel,
Cobble Classic,95 Front St  Putnam  CT 06260  United States,95 Front St,Putnam,6260,Connecticut,US,America/New_York,18609280011,,http://cobbleclassic.com/,cobbleclassic.com,Bicycle store, ,Yes,99,4.7,open,"Saturday, 10 AM-4 PM; Sunday, 10 AM-4 PM; Monday, 10 AM-6 PM; Tuesday, 10 AM-6 PM; Wednesday, 10 AM-6 PM; Thursday, 10 AM-6 PM; Friday, 10 AM-6 PM; ",10 AM-4 PM,10 AM-4 PM,10 AM-6 PM,10 AM-6 PM,10 AM-6 PM,10 AM-6 PM,10 AM-6 PM,Lat 41.9159864,Lng -71.90646459999999,https://www.google.com/maps/place/?q=place_id:ChIJF5FJQqwn5IkRVmayXdVPvjc,https://www.google.com/search?kgmid=/g/1tcwxr79,https://lh5.googleusercontent.com/p/CIHM0ogKEICAgICRjKex4AE,"https://t1.gstatic.com/faviconV2?client=SOCIAL&type=FAVICON&fallback_opts=TYPE,SIZE,URL&url=http://cobbleclassic.com/&size=48","https://search.google.com/local/reviews?placeid=ChIJF5FJQqwn5IkRVmayXdVPvjc&q=bicycle+shop+near+Danielson+borough,+Connecticut,+USA&authuser=0&hl=en",, , ,,
The Bicycle Cellar,532 Hopmeadow St  Simsbury  CT 06070  United States,532 Hopmeadow St,Simsbury,6070,Connecticut,US,America/New_York,18606581311,,https://www.thebicyclecellar.net/,thebicyclecellar.net,Bicycle store,Bicycle repair shop,Yes,297,5,open,"Saturday, 9 AM-5 PM; Sunday, Closed; Monday, 10 AM-6 PM; Tuesday, 10 AM-6 PM; Wednesday, 10 AM-6 PM; Thursday, 10 AM-6 PM; Friday, 10 AM-6 PM; ",9 AM-5 PM,Closed,10 AM-6 PM,10 AM-6 PM,10 AM-6 PM,10 AM-6 PM,10 AM-6 PM,Lat 41.861407,Lng -72.80976919999999,https://www.google.com/maps/place/?q=place_id:ChIJFXaP__mp54kRIsbRZVjX8OU,https://www.google.com/search?kgmid=/g/1tykwd_x,https://lh5.googleusercontent.com/p/AF1QipOD4HSjtC2GDtz-IgyqsAea_Sz8Sf0A5XWchCRG,"https://t1.gstatic.com/faviconV2?client=SOCIAL&type=FAVICON&fallback_opts=TYPE,SIZE,URL&url=https://www.thebicyclecellar.net/&size=48","https://search.google.com/local/reviews?placeid=ChIJFXaP__mp54kRIsbRZVjX8OU&q=bicycle+shop+near+Theresa,+New+York,+USA&authuser=0&hl=en",18606581311, , ,,
Suburban Sports,25 Webster Square Rd  Berlin  CT 06037  United States,25 Webster Square Rd,Berlin,6037,Connecticut,US,America/New_York,18007995927,,https://suburbanskiandbike.com/,suburbanskiandbike.com,Bicycle store,Bicycle repair shop,Yes,146,4.5,open,"Saturday, 9 AM-5 PM; Sunday, 11 AM-5 PM; Monday, 10 AM-6 PM; Tuesday, 10 AM-6 PM; Wednesday, 10 AM-6 PM; Thursday, 10 AM-8 PM; Friday, 10 AM-6 PM; ",9 AM-5 PM,11 AM-5 PM,10 AM-6 PM,10 AM-6 PM,10 AM-6 PM,10 AM-8 PM,10 AM-6 PM,Lat 41.626864399999995,Lng -72.7490554,https://www.google.com/maps/place/?q=place_id:ChIJG6uo8oK054kRE6XereSZIoM,https://www.google.com/search?kgmid=/g/1xpwkthd,https://lh5.googleusercontent.com/p/CIHM0ogKEICAgIC8lcaDswE,"https://t1.gstatic.com/faviconV2?client=SOCIAL&type=FAVICON&fallback_opts=TYPE,SIZE,URL&url=https://suburbanskiandbike.com/&size=48","https://search.google.com/local/reviews?placeid=ChIJG6uo8oK054kRE6XereSZIoM&q=bicycle+shop+near+Jewett+borough,+Connecticut,+USA&authuser=0&hl=en",,https://www.facebook.com/suburbanskiandbike, ,https://www.instagram.com/suburbanskiandbike/,
Cheshire Cycle & Repair,3550 Whitney Ave  Hamden  CT 06518  United States,3550 Whitney Ave,Hamden,6518,Connecticut,US,America/New_York,12038915320,,http://www.cheshirecycle.com/,cheshirecycle.com,Bicycle store,Bicycle rental service,Yes,84,4.6,open,"Friday, 10 AM-6 PM; Saturday, 10 AM-4 PM; Sunday, Closed; Monday, Closed; Tuesday, 10 AM-5 PM; Wednesday, 10 AM-6 PM; Thursday, 10 AM-6 PM; ",10 AM-4 PM,Closed,Closed,10 AM-5 PM,10 AM-6 PM,10 AM-6 PM,10 AM-6 PM,Lat 41.4225612,Lng -72.9056241,https://www.google.com/maps/place/?q=place_id:ChIJhb-56g_G54kRDZmZP9NNYwg,https://www.google.com/search?kgmid=/g/1tngr9w0,https://lh5.googleusercontent.com/p/CIHM0ogKEICAgID4ro2XWw,"https://t1.gstatic.com/faviconV2?client=SOCIAL&type=FAVICON&fallback_opts=TYPE,SIZE,URL&url=http://www.cheshirecycle.com/&size=48","https://search.google.com/local/reviews?placeid=ChIJhb-56g_G54kRDZmZP9NNYwg&q=bicycle+shop+near+Naugatuck+borough,+Connecticut,+USA&authuser=0&hl=en",,https://www.facebook.com/media/set/?set=a.1207069612640163.1073741836.112075242139611&type=3,https://twitter.com/cheshirecycle,http://instagram.com/cheshirecycle,
Bicycle Center,612 Federal Rd  Brookfield  CT 06804  United States,612 Federal Rd,Brookfield,6804,Connecticut,US,America/New_York,12037757083,,http://www.brookfieldbike.com/,brookfieldbike.com,Bicycle store,Bicycle repair shop,Yes,150,4.9,open,"Friday, 10 AM-6 PM; Saturday, 10 AM-5 PM; Sunday, 11 AM-3 PM; Monday, 10 AM-6 PM; Tuesday, 10 AM-7 PM; Wednesday, 10 AM-6 PM; Thursday, 10 AM-6 PM; ",10 AM-5 PM,11 AM-3 PM,10 AM-6 PM,10 AM-7 PM,10 AM-6 PM,10 AM-6 PM,10 AM-6 PM,Lat 41.4684293,Lng -73.41043669999999,https://www.google.com/maps/place/?q=place_id:ChIJj39OurH554kRJMW4QCoiEf8,https://www.google.com/search?kgmid=/g/1tl0ycm0,https://lh5.googleusercontent.com/p/CIHM0ogKEICAgID45s2ffQ,"https://t1.gstatic.com/faviconV2?client=SOCIAL&type=FAVICON&fallback_opts=TYPE,SIZE,URL&url=http://www.brookfieldbike.com/&size=48","https://search.google.com/local/reviews?placeid=ChIJj39OurH554kRJMW4QCoiEf8&q=bicycle+shop+near+Naugatuck+borough,+Connecticut,+USA&authuser=0&hl=en",12037757083,https://www.facebook.com/BrookfieldBike/,https://twitter.com/brookfieldbike,,
True Cyclery,True Cyclery  138 Bradley St  New Haven  CT 06511  United States,138 Bradley St,New Haven,6511,Connecticut,US,America/New_York,12035331090,,http://www.truecyclery.com/,truecyclery.com,Bicycle store,Bicycle repair shop,Yes,29,5,open,"Friday, 9 AM-5 PM; Saturday, Closed; Sunday, Closed; Monday, 9 AM-5 PM; Tuesday, 9 AM-5 PM; Wednesday, 9 AM-5 PM; Thursday, 9 AM-5 PM; ",Closed,Closed,9 AM-5 PM,9 AM-5 PM,9 AM-5 PM,9 AM-5 PM,9 AM-5 PM,Lat 41.3118103,Lng -72.91668299999999,https://www.google.com/maps/place/?q=place_id:ChIJj3PxLMnZ54kRXb_s3J1Ylm8,https://www.google.com/search?kgmid=/g/11clyb70hr,https://lh5.googleusercontent.com/p/AF1QipOCyqVyAIKzqx-tcNt6hY7YOu7SaMrjMLy8rn8D,"https://t1.gstatic.com/faviconV2?client=SOCIAL&type=FAVICON&fallback_opts=TYPE,SIZE,URL&url=http://www.truecyclery.com/&size=48","https://search.google.com/local/reviews?placeid=ChIJj3PxLMnZ54kRXb_s3J1Ylm8&q=bicycle+shop+near+Naugatuck+borough,+Connecticut,+USA&authuser=0&hl=en",, , ,,
n+ Mercedes-EQ Formula E Team eBikes,488 Colman St  New London  CT 06320  United States,488 Colman St,New London,6320,Connecticut,US,America/New_York,13235151033,,http://new-london.local.nplusbikes.com/?utm_source=googlebusinessprofile&utm_medium=organic&utm_campaign=locafy,local.nplusbikes.com,Bicycle store,Mercedes-Benz dealer,Yes,,,open, ,,,,,,,,Lat 41.362400799999996,Lng -72.1173152,https://www.google.com/maps/place/?q=place_id:ChIJk1vGBfcP5okRsAg-Q3tZdyI,https://www.google.com/search?kgmid=/g/11nxck2cry, ,"https://t1.gstatic.com/faviconV2?client=SOCIAL&type=FAVICON&fallback_opts=TYPE,SIZE,URL&url=http://new-london.local.nplusbikes.com/?utm_source=googlebusinessprofile&utm_medium=organic&utm_campaign=locafy&size=48", ,, , , , 
Danny's Cycles,1950 Boston Post Rd  Darien  CT 06820  United States,1950 Boston Post Rd,Darien,6820,Connecticut,US,America/New_York,12033550002,,http://www.dannyscycles.com/,dannyscycles.com,Bicycle store,Bicycle rental service,Yes,292,4.9,open,"Saturday, 10 AM-6 PM; Sunday, 9 AM-3 PM; Monday, Closed; Tuesday, 10 AM-6 PM; Wednesday, 10 AM-6 PM; Thursday, 10 AM-6 PM; Friday, 10 AM-6 PM; ",10 AM-6 PM,9 AM-3 PM,Closed,10 AM-6 PM,10 AM-6 PM,10 AM-6 PM,10 AM-6 PM,Lat 41.0605559,Lng -73.4860317,https://www.google.com/maps/place/?q=place_id:ChIJK4PyD8WhwokRvSRzNxVia-0,https://www.google.com/search?kgmid=/g/1tdcy03x,https://lh5.googleusercontent.com/p/CIHM0ogKEICAgIDElq7VUQ,"https://t1.gstatic.com/faviconV2?client=SOCIAL&type=FAVICON&fallback_opts=TYPE,SIZE,URL&url=http://www.dannyscycles.com/&size=48","https://search.google.com/local/reviews?placeid=ChIJK4PyD8WhwokRvSRzNxVia-0&q=bicycle+shop+near+Darien,+New+York,+USA&authuser=0&hl=en",,https://www.facebook.com/dannys.cycles,https://twitter.com/DannysCycles,,
Manchester Cycle Shop,178 Middle Turnpike W  Manchester  CT 06040  United States,178 Middle Turnpike W,Manchester,6040,Connecticut,US,America/New_York,18606492098,,http://www.manchestercycle.com/,manchestercycle.com,Bicycle store, ,Yes,98,4.4,open,"Friday, 9:30 AM-5 PM; Saturday, 9:30 AM-5 PM; Sunday, Closed; Monday, 9:30 AM-5 PM; Tuesday, 9:30 AM-5 PM; Wednesday, 9:30 AM-5 PM; Thursday, 9:30 AM-5 PM; ",9:30 AM-5 PM,Closed,9:30 AM-5 PM,9:30 AM-5 PM,9:30 AM-5 PM,9:30 AM-5 PM,9:30 AM-5 PM,Lat 41.7821929,Lng -72.5316495,https://www.google.com/maps/place/?q=place_id:ChIJk68icHpX5okRlKmeCPc3qAM,https://www.google.com/search?kgmid=/g/1tfg438v,https://lh5.googleusercontent.com/p/CIHM0ogKEICAgICE5uPC7wE,"https://t1.gstatic.com/faviconV2?client=SOCIAL&type=FAVICON&fallback_opts=TYPE,SIZE,URL&url=http://www.manchestercycle.com/&size=48","https://search.google.com/local/reviews?placeid=ChIJk68icHpX5okRlKmeCPc3qAM&q=bicycle+shop+near+Manchester,+Iowa,+USA&authuser=0&hl=en",,https://www.facebook.com/ManchesterCycle/, ,,
Biker's Edge,99 Main St  Bristol  CT 06010  United States,99 Main St,Bristol,6010,Connecticut,US,America/New_York,18605827770,,https://bikersedge.com/,bikersedge.com,Bicycle store,Bicycle repair shop,Yes,351,4.9,open,"Friday, 11 AM-6 PM; Saturday, 10 AM-5 PM; Sunday, Closed; Monday, 11 AM-6 PM; Tuesday, 11 AM-6 PM; Wednesday, 11 AM-6 PM; Thursday, 11 AM-6 PM; ",10 AM-5 PM,Closed,11 AM-6 PM,11 AM-6 PM,11 AM-6 PM,11 AM-6 PM,11 AM-6 PM,Lat 41.670256599999995,Lng -72.9436709,https://www.google.com/maps/place/?q=place_id:ChIJkTd5CFu654kRQ16RBLx0bek,https://www.google.com/search?kgmid=/g/1tj4chxj,https://lh5.googleusercontent.com/p/AF1QipORYnTe_wBYMB_h0LE_SQ6qVi_SHjNuhwx2Knpx,"https://t1.gstatic.com/faviconV2?client=SOCIAL&type=FAVICON&fallback_opts=TYPE,SIZE,URL&url=https://bikersedge.com/&size=48","https://search.google.com/local/reviews?placeid=ChIJkTd5CFu654kRQ16RBLx0bek&q=bicycle+shop+near+Naugatuck+borough,+Connecticut,+USA&authuser=0&hl=en",(860) 582-7770 | (860) 496-7770,https://www.facebook.com/bikersedge, ,https://www.instagram.com/bikersedge/,
Ti-Trikes  Inc,40 River Rd  Barkhamsted  CT 06063  United States,40 River Rd,Barkhamsted,6063,Connecticut,US,America/New_York,18609091515,,http://www.ti-trikes.com/,ti-trikes.com,Bicycle store, ,Yes,6,5,open,"Saturday, Closed; Sunday, Closed; Monday, 9 AM-4 PM; Tuesday, 9 AM-4 PM; Wednesday, 9 AM-4 PM; Thursday, 9 AM-4 PM; Friday, 9 AM-4 PM; ",Closed,Closed,9 AM-4 PM,9 AM-4 PM,9 AM-4 PM,9 AM-4 PM,9 AM-4 PM,Lat 41.902284,Lng -72.988475,https://www.google.com/maps/place/?q=place_id:ChIJLd9-sxKp54kRhmcIkdNNUmc,https://www.google.com/search?kgmid=/g/11ghr1njt2,https://lh5.googleusercontent.com/p/CIHM0ogKEICAgIC-1rW7wQE,"https://t1.gstatic.com/faviconV2?client=SOCIAL&type=FAVICON&fallback_opts=TYPE,SIZE,URL&url=http://www.ti-trikes.com/&size=48","https://search.google.com/local/reviews?placeid=ChIJLd9-sxKp54kRhmcIkdNNUmc&q=bicycle+shop+near+Jewett+borough,+Connecticut,+USA&authuser=0&hl=en",, , ,,
River Bicycles,138 Hamilton Ave  Greenwich  CT 06830  United States,138 Hamilton Ave,Greenwich,6830,Connecticut,US,America/New_York,12035321718,,https://riverbicycles.com/,riverbicycles.com,Bicycle store,Bicycle rental service,Yes,158,4.9,open,"Friday, 10 AM-6 PM; Saturday, 10 AM-5 PM; Sunday, Closed; Monday, 11 AM-5 PM; Tuesday, 10 AM-6 PM; Wednesday, 10 AM-6 PM; Thursday, 10 AM-6 PM; ",10 AM-5 PM,Closed,11 AM-5 PM,10 AM-6 PM,10 AM-6 PM,10 AM-6 PM,10 AM-6 PM,Lat 41.0191103,Lng -73.6387125,https://www.google.com/maps/place/?q=place_id:ChIJM7-ECI6XwokRg2SfsPJb3yI,https://www.google.com/search?kgmid=/g/1thpxrvv,https://lh5.googleusercontent.com/p/CIHM0ogKEICAgID4w5m4OQ,"https://t1.gstatic.com/faviconV2?client=SOCIAL&type=FAVICON&fallback_opts=TYPE,SIZE,URL&url=https://riverbicycles.com/&size=48","https://search.google.com/local/reviews?placeid=ChIJM7-ECI6XwokRg2SfsPJb3yI&q=bicycle+shop+near+Harrison+village,+New+York,+USA&authuser=0&hl=en",2035321718,https://www.facebook.com/RiverBicycles/, ,https://www.instagram.com/p/DKCu3KMxhc1/,
RidgeLine Bicycles,177 W Main St  Avon  CT 06001  United States,177 W Main St,Avon,6001,Connecticut,US,America/New_York,18606768800,,https://www.ridgelinebicycles.com/,ridgelinebicycles.com,Bicycle store,Outdoor sports store,Yes,91,4.9,open,"Friday, 10 AM-6 PM; Saturday, 10 AM-5 PM; Sunday, Closed; Monday, 10 AM-6 PM; Tuesday, 10 AM-6 PM; Wednesday, 10 AM-6 PM; Thursday, 10 AM-6 PM; ",10 AM-5 PM,Closed,10 AM-6 PM,10 AM-6 PM,10 AM-6 PM,10 AM-6 PM,10 AM-6 PM,Lat 41.811174099999995,Lng -72.8466815,https://www.google.com/maps/place/?q=place_id:ChIJmTgCjiap54kRCaSTWFfJG-k,https://www.google.com/search?kgmid=/g/11cfbtnfq,https://lh5.googleusercontent.com/p/CIHM0ogKEICAgIDE67qx6wE,"https://t1.gstatic.com/faviconV2?client=SOCIAL&type=FAVICON&fallback_opts=TYPE,SIZE,URL&url=https://www.ridgelinebicycles.com/&size=48","https://search.google.com/local/reviews?placeid=ChIJmTgCjiap54kRCaSTWFfJG-k&q=bicycle+shop+near+Ansonia,+Connecticut,+USA&authuser=0&hl=en",18606768800,https://www.facebook.com/ridgelinebicycles, ,https://www.instagram.com/explore/locations/25630862/ridgeline-bikes-of-avon,
Zane's Cycles,330 E Main St  Branford  CT 06405  United States,330 E Main St,Branford,6405,Connecticut,US,America/New_York,12034883244,,http://zanes.com/,zanes.com,Bicycle store,Bicycle rack,Yes,601,4.9,open,"Friday, 10 AM-6:30 PM; Saturday, 9:30 AM-5 PM; Sunday, 12-4 PM; Monday, 10 AM-6:30 PM; Tuesday, 10 AM-6:30 PM; Wednesday, 10 AM-6:30 PM; Thursday, 10 AM-6:30 PM; ",9:30 AM-5 PM,12-4 PM,10 AM-6:30 PM,10 AM-6:30 PM,10 AM-6:30 PM,10 AM-6:30 PM,10 AM-6:30 PM,Lat 41.2934676,Lng -72.7854325,https://www.google.com/maps/place/?q=place_id:ChIJNYCz1zDU54kR92re1sWbnv8,https://www.google.com/search?kgmid=/g/1v3lq_4j,https://lh5.googleusercontent.com/p/CIHM0ogKEICAgIDe04C50QE,"https://t1.gstatic.com/faviconV2?client=SOCIAL&type=FAVICON&fallback_opts=TYPE,SIZE,URL&url=http://zanes.com/&size=48","https://search.google.com/local/reviews?placeid=ChIJNYCz1zDU54kR92re1sWbnv8&q=bicycle+shop+near+Naugatuck+borough,+Connecticut,+USA&authuser=0&hl=en",1-203-488-3244,http://facebook.com/zanescycles, ,http://instagram.com/zanescycles,https://www.youtube.com/user/ZanesCycles/
Total Training & Endurance,772 Post Rd E  Westport  CT 06880  United States,772 Post Rd E,Westport,6880,Connecticut,US,America/New_York,12035578004,,http://www.ttendurance.com/,ttendurance.com,Bicycle store,Bicycle repair shop,Yes,14,4.9,open,"Friday, 6 AM-5 PM; Saturday, 7 AM-4 PM; Sunday, 8 AM-2 PM; Monday, 9 AM-1 PM; Tuesday, 6 AM-1 PM | 5-8 PM; Wednesday, 6 AM-7 PM; Thursday, 6 AM-1 PM | 5-8 PM; ",7 AM-4 PM,8 AM-2 PM,9 AM-1 PM,6 AM-1 PM | 5-8 PM,6 AM-7 PM,6 AM-1 PM | 5-8 PM,6 AM-5 PM,Lat 41.137389399999996,Lng -73.3388445,https://www.google.com/maps/place/?q=place_id:ChIJoZTp2Asb6IkRsxA_17ZkGeg,https://www.google.com/search?kgmid=/g/1pw3x37nk,https://lh5.googleusercontent.com/p/CIHM0ogKEICAgICrrMDKWA,"https://t1.gstatic.com/faviconV2?client=SOCIAL&type=FAVICON&fallback_opts=TYPE,SIZE,URL&url=http://www.ttendurance.com/&size=48","https://search.google.com/local/reviews?placeid=ChIJoZTp2Asb6IkRsxA_17ZkGeg&q=bicycle+shop+near+Ansonia,+Connecticut,+USA&authuser=0&hl=en",,http://www.facebook.com/TARGETRAINING,http://twitter.com/targetraining,,
Bikers Edge 2,427 Winsted Rd  Torrington  CT 06790  United States,427 Winsted Rd,Torrington,6790,Connecticut,US,America/New_York,18604967770,,https://bikersedge.com/,bikersedge.com,Bicycle store,Bicycle repair shop,Yes,266,5,open,"Friday, 11 AM-6 PM; Saturday, 10 AM-5 PM; Sunday, Closed; Monday, 11 AM-6 PM; Tuesday, 11 AM-6 PM; Wednesday, 11 AM-6 PM; Thursday, 11 AM-6 PM; ",10 AM-5 PM,Closed,11 AM-6 PM,11 AM-6 PM,11 AM-6 PM,11 AM-6 PM,11 AM-6 PM,Lat 41.826051899999996,Lng -73.1139232,https://www.google.com/maps/place/?q=place_id:ChIJp1HjI8eY54kRp45pZ0xgJF0,https://www.google.com/search?kgmid=/g/1tcym1rs,https://lh5.googleusercontent.com/p/zPtqEQz-mJVcNiWmWuV_sw,"https://t1.gstatic.com/faviconV2?client=SOCIAL&type=FAVICON&fallback_opts=TYPE,SIZE,URL&url=https://bikersedge.com/&size=48",https://search.google.com/local/reviews?placeid=ChIJp1HjI8eY54kRp45pZ0xgJF0&q=Bikers+Edge+2&authuser=0&hl=en,(860) 582-7770 | (860) 496-7770,https://www.facebook.com/bikersedge, ,https://www.instagram.com/bikersedge/,
Real Good Cycles,106 W Stafford Rd  Stafford Springs  CT 06076  United States,106 W Stafford Rd,Stafford Springs,6076,Connecticut,US,America/New_York,18609185098,,http://www.realgoodcycles.com/,realgoodcycles.com,Bicycle store, ,Yes,21,4.6,open,"Saturday, Closed; Sunday, Closed; Monday, 9 AM-4 PM; Tuesday, 9 AM-4 PM; Wednesday, 9 AM-4 PM; Thursday, 9 AM-4 PM; Friday, Closed; ",Closed,Closed,9 AM-4 PM,9 AM-4 PM,9 AM-4 PM,9 AM-4 PM,Closed,Lat 41.9712198,Lng -72.3350775,https://www.google.com/maps/place/?q=place_id:ChIJpQPpkLGT5okR7JIORXMqhNQ,https://www.google.com/search?kgmid=/g/11jxtg7cbf,https://lh5.googleusercontent.com/p/CIHM0ogKEICAgICz1ZzByQE,"https://t1.gstatic.com/faviconV2?client=SOCIAL&type=FAVICON&fallback_opts=TYPE,SIZE,URL&url=http://www.realgoodcycles.com/&size=48","https://search.google.com/local/reviews?placeid=ChIJpQPpkLGT5okR7JIORXMqhNQ&q=bicycle+shop+near+Jewett+borough,+Connecticut,+USA&authuser=0&hl=en",, , ,,
Covered Bridge Electric Bike,421 Sharon-Goshen Turnpike  West Cornwall  CT 06796  United States,421 Sharon-Goshen Turnpike,West Cornwall,6796,Connecticut,US,America/New_York,18602483010,,https://coveredbridgeebike.com/,coveredbridgeebike.com,Bicycle store,Bicycle rental service,Yes,228,5,open,"Friday, 10 AM-5 PM; Saturday, 10 AM-5 PM; Sunday, 10 AM-5 PM; Monday, Closed; Tuesday, Closed; Wednesday, 10 AM-5 PM; Thursday, 10 AM-5 PM; ",10 AM-5 PM,10 AM-5 PM,Closed,Closed,10 AM-5 PM,10 AM-5 PM,10 AM-5 PM,Lat 41.871438999999995,Lng -73.36271839999999,https://www.google.com/maps/place/?q=place_id:ChIJPxXSX7WF54kRdNTPhdD3CH0,https://www.google.com/search?kgmid=/g/11hdq9ypt7,https://lh5.googleusercontent.com/p/AF1QipMvJwFss4xY7aUEGT4Lq4F66ZjswToZv6QNMrY5,"https://t1.gstatic.com/faviconV2?client=SOCIAL&type=FAVICON&fallback_opts=TYPE,SIZE,URL&url=https://coveredbridgeebike.com/&size=48","https://search.google.com/local/reviews?placeid=ChIJPxXSX7WF54kRdNTPhdD3CH0&q=bicycle+shop+near+Naugatuck+borough,+Connecticut,+USA&authuser=0&hl=en",, , ,,
Berkshire Bike and Board Bloomfield,38 Tunxis Ave  Bloomfield  CT 06002  United States,38 Tunxis Ave,Bloomfield,6002,Connecticut,US,America/New_York,18602429884,,http://www.berkshirebikeandboard.com/,berkshirebikeandboard.com,Bicycle store,Bicycle repair shop,Yes,296,4.7,open,"Friday, 10 AM-6 PM; Saturday, 10 AM-5 PM; Sunday, Closed; Monday, Closed; Tuesday, 10 AM-6 PM; Wednesday, 10 AM-6 PM; Thursday, 10 AM-6 PM; ",10 AM-5 PM,Closed,Closed,10 AM-6 PM,10 AM-6 PM,10 AM-6 PM,10 AM-6 PM,Lat 41.8367964,Lng -72.7370777,https://www.google.com/maps/place/?q=place_id:ChIJs5yU4Ouq54kRts0NNhZunss,https://www.google.com/search?kgmid=/g/1tfh5pnb,https://lh5.googleusercontent.com/p/CIHM0ogKEICAgID4u4KRkAE,"https://t1.gstatic.com/faviconV2?client=SOCIAL&type=FAVICON&fallback_opts=TYPE,SIZE,URL&url=http://www.berkshirebikeandboard.com/&size=48","https://search.google.com/local/reviews?placeid=ChIJs5yU4Ouq54kRts0NNhZunss&q=bicycle+shop+near+Ansonia,+Connecticut,+USA&authuser=0&hl=en",1-413-528-5555 | +1-518-660-7117 | +1-413-445-8888 | +1-860-242-9884,https://www.facebook.com/berkshirebikeandboardma/, ,https://www.instagram.com/berkshirebikeandboard/,https://www.youtube.com/channel/UCipOjv45UFxpZxIFrYnjiSQ
BiCi Co.,97 Park St  Hartford  CT 06106  United States,97 Park St,Hartford,6106,Connecticut,US,America/New_York,18602690004,,http://www.bicico.org/,bicico.org,Bicycle store, ,Yes,72,4.4,open,"Friday, 12-6 PM; Saturday, 10 AM-6 PM; Sunday, Closed; Monday, Closed; Tuesday, 12-6 PM; Wednesday, 12-7:30 PM; Thursday, 12-6 PM; ",10 AM-6 PM,Closed,Closed,12-6 PM,12-7:30 PM,12-6 PM,12-6 PM,Lat 41.7571794,Lng -72.67795699999999,https://www.google.com/maps/place/?q=place_id:ChIJswE9RmxT5okRcI23_j08anA,https://www.google.com/search?kgmid=/g/11cp7fqwvj,https://lh5.googleusercontent.com/p/AF1QipOrsfPxe4urZjzYbGmk8Lz32aJYiDSN_KkWVi8p,"https://t1.gstatic.com/faviconV2?client=SOCIAL&type=FAVICON&fallback_opts=TYPE,SIZE,URL&url=http://www.bicico.org/&size=48","https://search.google.com/local/reviews?placeid=ChIJswE9RmxT5okRcI23_j08anA&q=bicycle+shop+near+Naugatuck+borough,+Connecticut,+USA&authuser=0&hl=en",860-269-0004 | 860-595-3211,https://www.facebook.com/BiCiCoHartford/,http://twitter.com/goodlayers,https://www.instagram.com/bici_gram/,
CFMcycles LLC,21 Bread and Milk St  Coventry  CT 06238  United States,21 Bread and Milk St,Coventry,6238,Connecticut,US,America/New_York,18603772086,,http://www.cfmcycles.com/,cfmcycles.com,Bicycle store,Bicycle repair shop,Yes,31,4.9,open,"Saturday, 9 AM-12 PM; Sunday, Closed; Monday, Closed; Tuesday, 12-3 PM; Wednesday, 12-5 PM; Thursday, 12-6 PM; Friday, 12-6 PM; ",9 AM-12 PM,Closed,Closed,12-3 PM,12-5 PM,12-6 PM,12-6 PM,Lat 41.7986715,Lng -72.39381689999999,https://www.google.com/maps/place/?q=place_id:ChIJSwqNsmVf5okRsa01LfEDNjA,https://www.google.com/search?kgmid=/g/11bwd22ytf,https://lh5.googleusercontent.com/p/CIHM0ogKEICAgIC87e-0fg,"https://t1.gstatic.com/faviconV2?client=SOCIAL&type=FAVICON&fallback_opts=TYPE,SIZE,URL&url=http://www.cfmcycles.com/&size=48","https://search.google.com/local/reviews?placeid=ChIJSwqNsmVf5okRsa01LfEDNjA&q=bicycle+shop+near+Danielson+borough,+Connecticut,+USA&authuser=0&hl=en",8602685262,//www.facebook.com/CfMcycles/, ,//instagram.com/cfmcycles,
Body Over Bike,136 Simsbury Rd  Avon  CT 06001  United States,136 Simsbury Rd,Avon,6001,Connecticut,US,America/New_York,18607268944,,http://bodyoverbike.com/,bodyoverbike.com,Bicycle store, ,No,6,3.7,open,"Saturday, Closed; Sunday, Closed; Monday, 9:30 AM-4 PM; Tuesday, 9:30 AM-4 PM; Wednesday, 9:30 AM-4 PM; Thursday, 9:30 AM-4 PM; Friday, 9:30 AM-4 PM; ",Closed,Closed,9:30 AM-4 PM,9:30 AM-4 PM,9:30 AM-4 PM,9:30 AM-4 PM,9:30 AM-4 PM,Lat 41.8189861,Lng -72.8293628,https://www.google.com/maps/place/?q=place_id:ChIJTzdS3BSp54kRmpsXTza32n8,https://www.google.com/search?kgmid=/g/11dzwk7g23,https://lh5.googleusercontent.com/p/q5Boyw12izJustgkKLU4cQ,"https://t1.gstatic.com/faviconV2?client=SOCIAL&type=FAVICON&fallback_opts=TYPE,SIZE,URL&url=http://bodyoverbike.com/&size=48","https://search.google.com/local/reviews?placeid=ChIJTzdS3BSp54kRmpsXTza32n8&q=bicycle+shop+near+Jewett+borough,+Connecticut,+USA&authuser=0&hl=en",, , , , 
Covered Bridge Electric Bike in North Canaan,1 Railroad St  Canaan  CT 06018  United States,1 Railroad St,Canaan,6018,Connecticut,US,America/New_York,18604884457,,https://coveredbridgeebike.com/,coveredbridgeebike.com,Bicycle store, ,Yes,5,5,open,"Saturday, 10 AM-5 PM; Sunday, 10 AM-5 PM; Monday, Closed; Tuesday, Closed; Wednesday, 10 AM-5 PM; Thursday, 10 AM-5 PM; Friday, 10 AM-5 PM; ",10 AM-5 PM,10 AM-5 PM,Closed,Closed,10 AM-5 PM,10 AM-5 PM,10 AM-5 PM,Lat 42.0272198,Lng -73.3296515,https://www.google.com/maps/place/?q=place_id:ChIJU4tnLvZ754kR1WBvc3I2h0s,https://www.google.com/search?kgmid=/g/11jz3xy8cm,https://lh5.googleusercontent.com/p/AF1QipMKn4AXNF46T2SeBgLnlhEtnngIyFEdzRmHblDC,"https://t1.gstatic.com/faviconV2?client=SOCIAL&type=FAVICON&fallback_opts=TYPE,SIZE,URL&url=https://coveredbridgeebike.com/&size=48","https://search.google.com/local/reviews?placeid=ChIJU4tnLvZ754kR1WBvc3I2h0s&q=bicycle+shop+near+Amenia,+New+York,+USA&authuser=0&hl=en",, , ,,
Renaissance Cyclery,49 W Main St  Plainville  CT 06062  United States,49 W Main St,Plainville,6062,Connecticut,US,America/New_York,18607472909,,https://www.rencyclery.com/,rencyclery.com,Bicycle store,Bicycle repair shop,Yes,48,4,open,"Friday, 11 AM-5 PM; Saturday, 10:30 AM-3 PM; Sunday, Closed; Monday, Closed; Tuesday, 11 AM-5 PM; Wednesday, 11 AM-5 PM; Thursday, 11 AM-5 PM; ",10:30 AM-3 PM,Closed,Closed,11 AM-5 PM,11 AM-5 PM,11 AM-5 PM,11 AM-5 PM,Lat 41.67113,Lng -72.868865,https://www.google.com/maps/place/?q=place_id:ChIJu9kKT-mw54kR6ho8nz4Tpwc,https://www.google.com/search?kgmid=/g/1wbg0fmy,https://lh5.googleusercontent.com/p/AF1QipPtw22t0KwfOJIzoS_rbly5Qg6Q4PyiLcTZMc6W,"https://t1.gstatic.com/faviconV2?client=SOCIAL&type=FAVICON&fallback_opts=TYPE,SIZE,URL&url=https://www.rencyclery.com/&size=48","https://search.google.com/local/reviews?placeid=ChIJu9kKT-mw54kR6ho8nz4Tpwc&q=bicycle+shop+near+Ansonia,+Connecticut,+USA&authuser=0&hl=en",, , ,,
The Devil's Gear Bike Shop,845 Chapel St  New Haven  CT 06510  United States,845 Chapel St,New Haven,6510,Connecticut,US,America/New_York,12037739288,,http://www.thedevilsgear.com/,thedevilsgear.com,Bicycle store,Bicycle repair shop,Yes,135,4.4,open,"Friday, 10 AM-6 PM; Saturday, 10 AM-4 PM; Sunday, 12-4 PM; Monday, Closed; Tuesday, 10 AM-5 PM; Wednesday, 10 AM-6 PM; Thursday, 10 AM-6 PM; ",10 AM-4 PM,12-4 PM,Closed,10 AM-5 PM,10 AM-6 PM,10 AM-6 PM,10 AM-6 PM,Lat 41.3058207,Lng -72.92498979999999,https://www.google.com/maps/place/?q=place_id:ChIJuyxkyDLY54kRYCGAbhZRyc4,https://www.google.com/search?kgmid=/g/1tj9vc8t,https://lh5.googleusercontent.com/p/CIHM0ogKEICAgIDBvriNhQE,"https://t1.gstatic.com/faviconV2?client=SOCIAL&type=FAVICON&fallback_opts=TYPE,SIZE,URL&url=http://www.thedevilsgear.com/&size=48","https://search.google.com/local/reviews?placeid=ChIJuyxkyDLY54kRYCGAbhZRyc4&q=bicycle+shop+near+Naugatuck+borough,+Connecticut,+USA&authuser=0&hl=en",1-203-773-9288,https://www.facebook.com/thedevilsgear,https://twitter.com/thedevilsgear,,https://www.youtube.com/user/DEVILSGEARBIKESHOP
Chapman's Bicycles of Orange,284 Boston Post Rd  Orange  CT 06477  United States,284 Boston Post Rd,Orange,6477,Connecticut,US,America/New_York,12037955701,,https://chapmansbicyclesoforange.com/?utm_campaign=gmb,chapmansbicyclesoforange.com,Bicycle store, ,Yes,88,4.9,open,"Friday, 11 AM-6 PM; Saturday, 10 AM-5 PM; Sunday, Closed; Monday, 11 AM-6 PM; Tuesday, 11 AM-6 PM; Wednesday, 11 AM-6 PM; Thursday, 11 AM-6 PM; ",10 AM-5 PM,Closed,11 AM-6 PM,11 AM-6 PM,11 AM-6 PM,11 AM-6 PM,11 AM-6 PM,Lat 41.2663856,Lng -73.0014413,https://www.google.com/maps/place/?q=place_id:ChIJv_LUpOR16IkRWM7dk8OA0K4,https://www.google.com/search?kgmid=/g/1tdk1msc,https://lh5.googleusercontent.com/p/AF1QipP_wqPL4KwZmw30zRXDjb3CB3GozYq3od4kyNj1,"https://t1.gstatic.com/faviconV2?client=SOCIAL&type=FAVICON&fallback_opts=TYPE,SIZE,URL&url=https://chapmansbicyclesoforange.com/?utm_campaign=gmb&size=48","https://search.google.com/local/reviews?placeid=ChIJv_LUpOR16IkRWM7dk8OA0K4&q=bicycle+shop+near+Naugatuck+borough,+Connecticut,+USA&authuser=0&hl=en",+1 203-795-5701, , ,https://www.instagram.com/chapmansbicyclesoforange,
College Street Cycles LLC,252 College St  New Haven  CT 06510  United States,252 College St,New Haven,6510,Connecticut,US,America/New_York,12038652724,,http://www.collegestreetcycles.com/,collegestreetcycles.com,Bicycle store,Bicycle repair shop,Yes,114,4.9,open,"Saturday, 10 AM-5 PM; Sunday, Closed; Monday, 9:30 AM-6 PM; Tuesday, 9:30 AM-6 PM; Wednesday, 9:30 AM-6 PM; Thursday, 9:30 AM-6 PM; Friday, 10 AM-5 PM; ",10 AM-5 PM,Closed,9:30 AM-6 PM,9:30 AM-6 PM,9:30 AM-6 PM,9:30 AM-6 PM,10 AM-5 PM,Lat 41.306751999999996,Lng -72.92925269999999,https://www.google.com/maps/place/?q=place_id:ChIJV4aXskzY54kRwvjonO2gL_Y,https://www.google.com/search?kgmid=/g/1td9fsrr,https://lh5.googleusercontent.com/p/AF1QipP5PuVtfPX4SdRQ1kZ_nNvyBYHsookJHzseO4Fd,"https://t1.gstatic.com/faviconV2?client=SOCIAL&type=FAVICON&fallback_opts=TYPE,SIZE,URL&url=http://www.collegestreetcycles.com/&size=48","https://search.google.com/local/reviews?placeid=ChIJV4aXskzY54kRwvjonO2gL_Y&q=bicycle+shop+near+New+Haven,+New+York,+USA&authuser=0&hl=en",+1(203) 865-2724,https://www.facebook.com/collegestreetcycles, ,https://www.instagram.com/collegestreetcycles/,
Greenwich Bicycles,35 Amogerone Crossway  Greenwich  CT 06830  United States,35 Amogerone Crossway,Greenwich,6830,Connecticut,US,America/New_York,12038694141,,https://greenwichbikes.com/,greenwichbikes.com,Bicycle store,Bicycle repair shop,Yes,236,4.8,open,"Saturday, 9:30 AM-5:30 PM; Sunday, 11 AM-4 PM; Monday, 10 AM-6 PM; Tuesday, 10 AM-6 PM; Wednesday, 10 AM-6 PM; Thursday, 10 AM-8 PM; Friday, 10 AM-6 PM; ",9:30 AM-5:30 PM,11 AM-4 PM,10 AM-6 PM,10 AM-6 PM,10 AM-6 PM,10 AM-8 PM,10 AM-6 PM,Lat 41.0302138,Lng -73.6257359,https://www.google.com/maps/place/?q=place_id:ChIJvSAJakaYwokRLPbqeCCA35k,https://www.google.com/search?kgmid=/g/119x6sx8d,https://lh5.googleusercontent.com/p/AF1QipMWloLaOFu5t_HHQ8m7bVaNcJ4hL3Rj_ZmJYcgu,"https://t1.gstatic.com/faviconV2?client=SOCIAL&type=FAVICON&fallback_opts=TYPE,SIZE,URL&url=https://greenwichbikes.com/&size=48","https://search.google.com/local/reviews?placeid=ChIJvSAJakaYwokRLPbqeCCA35k&q=bicycle+shop+near+Munsey+Park,+New+York,+USA&authuser=0&hl=en",-5212,https://www.facebook.com/Greenwichbikes, ,https://www.instagram.com/greenwichbicycles/,
Trek Bicycle Newington,1030 Main St  Newington  CT 06111  United States,1030 Main St,Newington,6111,Connecticut,US,America/New_York,18606670857,,https://www.trekbikes.com/us/en_US/retail/newington/?y_source=1_MTM3ODM1NDEtNzE1LWxvY2F0aW9uLndlYnNpdGU%3D,trekbikes.com,Bicycle store,Bicycle repair shop,Yes,488,4.8,open,"Friday, 10 AM-6 PM; Saturday, 10 AM-6 PM; Sunday, 12-5 PM; Monday, Closed; Tuesday, 10 AM-6 PM; Wednesday, 10 AM-6 PM; Thursday, 10 AM-6 PM; ",10 AM-6 PM,12-5 PM,Closed,10 AM-6 PM,10 AM-6 PM,10 AM-6 PM,10 AM-6 PM,Lat 41.6977439,Lng -72.72303939999999,https://www.google.com/maps/place/?q=place_id:ChIJW02dqIaz54kRTU1j5Kz6xwc,https://www.google.com/search?kgmid=/g/1tdfzrsz,https://lh5.googleusercontent.com/p/AF1QipM0IHnhXyEAsuRZhN7lZH-UKj8sPlWMAeY1X4gl,"https://t1.gstatic.com/faviconV2?client=SOCIAL&type=FAVICON&fallback_opts=TYPE,SIZE,URL&url=https://www.trekbikes.com/us/en_US/retail/newington/?y_source=1_MTM3ODM1NDEtNzE1LWxvY2F0aW9uLndlYnNpdGU%3D&size=48","https://search.google.com/local/reviews?placeid=ChIJW02dqIaz54kRTU1j5Kz6xwc&q=bicycle+shop+near+Ansonia,+Connecticut,+USA&authuser=0&hl=en",,https://www.facebook.com/TrekBicycleNewington,https://twitter.com/trekbikes,https://instagram.com/trekbikes/,https://www.youtube.com/user/trekbikesusa
Bike New Britain,39 Bank St  New Britain  CT 06051  United States,39 Bank St,New Britain,6051,Connecticut,US,America/New_York,18602493990,,http://bikenb.org/,bikenb.org,Used bicycle shop,Bicycle repair shop,Yes,13,4.7,open,"Saturday, 11 AM-2 PM; Sunday, Closed; Monday, Closed; Tuesday, Closed; Wednesday, Closed; Thursday, 3-6 PM; Friday, Closed; ",11 AM-2 PM,Closed,Closed,Closed,Closed,3-6 PM,Closed,Lat 41.6675927,Lng -72.7802399,https://www.google.com/maps/place/?q=place_id:ChIJ-4x4Gziz54kR0tL2ARV5rDU,https://www.google.com/search?kgmid=/g/11h5mq5r5n,https://lh5.googleusercontent.com/p/AF1QipNWmDsxFZQwsh0P-xkehpF6RXM4U5qZr79GtD2Z,"https://t1.gstatic.com/faviconV2?client=SOCIAL&type=FAVICON&fallback_opts=TYPE,SIZE,URL&url=http://bikenb.org/&size=48","https://search.google.com/local/reviews?placeid=ChIJ-4x4Gziz54kR0tL2ARV5rDU&q=bicycle+shop+near+Jewett+borough,+Connecticut,+USA&authuser=0&hl=en",, , ,,
REI,189 Connecticut Ave  Norwalk  CT 06854  United States,189 Connecticut Ave,Norwalk,6854,Connecticut,US,America/New_York,12038381938,,https://www.rei.com/stores/norwalk?y_source=1_MTQ1MzQwNC03MTUtbG9jYXRpb24ud2Vic2l0ZQ==,rei.com,Bicycle repair shop,,Yes,368,4.4,open,"Friday, 10 AM-8 PM; Saturday, 10 AM-8 PM; Sunday, 10 AM-6 PM; Monday, 10 AM-8 PM; Tuesday, 10 AM-8 PM; Wednesday, 10 AM-8 PM; Thursday, 10 AM-8 PM; ",10 AM-8 PM,10 AM-6 PM,10 AM-8 PM,10 AM-8 PM,10 AM-8 PM,10 AM-8 PM,10 AM-8 PM,Lat 41.1035664,Lng -73.4324697,https://www.google.com/maps/place/?q=place_id:ChIJa3p_LXEe6IkRO2KKoq89tRw,https://www.google.com/search?kgmid=/g/1tk1p04t,https://lh5.googleusercontent.com/p/CIHM0ogKEICAgID4kO_GxwE,"https://t1.gstatic.com/faviconV2?client=SOCIAL&type=FAVICON&fallback_opts=TYPE,SIZE,URL&url=https://www.rei.com/stores/norwalk?y_source=1_MTQ1MzQwNC03MTUtbG9jYXRpb24ud2Vic2l0ZQ==&size=48","https://search.google.com/local/reviews?placeid=ChIJa3p_LXEe6IkRO2KKoq89tRw&q=bicycle+shop+near+Stamford,+Connecticut,+USA&authuser=0&hl=en",+12038381938 | 6312501938 | 2037830945 | 5168738540 | 2012261560,https://www.facebook.com/REI/, ,https://www.instagram.com/rei/,https://www.youtube.com/user/reifindout/
REI,1587 Boston Post Rd  Milford  CT 06460  United States,1587 Boston Post Rd,Milford,6460,Connecticut,US,America/New_York,12037830945,,https://www.rei.com/stores/milford?y_source=1_Mzc3NTk1Ni03MTUtbG9jYXRpb24ud2Vic2l0ZQ==,rei.com,Bicycle repair shop,,Yes,310,4.6,open,"Saturday, 10 AM-8 PM; Sunday, 10 AM-6 PM; Monday, 10 AM-8 PM; Tuesday, 10 AM-8 PM; Wednesday, 10 AM-8 PM; Thursday, 10 AM-8 PM; Friday, 10 AM-8 PM; ",10 AM-8 PM,10 AM-6 PM,10 AM-8 PM,10 AM-8 PM,10 AM-8 PM,10 AM-8 PM,10 AM-8 PM,Lat 41.2455145,Lng -73.02647979999999,https://www.google.com/maps/place/?q=place_id:ChIJFwpii7J16IkRwW1OajGo1JE,https://www.google.com/search?kgmid=/g/11c1xpfp5n,https://lh5.googleusercontent.com/p/CIHM0ogKEICAgICRrbLEqgE,"https://t1.gstatic.com/faviconV2?client=SOCIAL&type=FAVICON&fallback_opts=TYPE,SIZE,URL&url=https://www.rei.com/stores/milford?y_source=1_Mzc3NTk1Ni03MTUtbG9jYXRpb24ud2Vic2l0ZQ==&size=48","https://search.google.com/local/reviews?placeid=ChIJFwpii7J16IkRwW1OajGo1JE&q=bicycle+shop+near+Jewett+borough,+Connecticut,+USA&authuser=0&hl=en",+12037830945 | 2038381938 | 6312501938 | 8603130128 | 5168738540,https://www.facebook.com/REI/, ,https://www.instagram.com/rei/,https://www.youtube.com/user/reifindout/
REI,1417 New Britain Ave  West Hartford  CT 06110  United States,1417 New Britain Ave,West Hartford,6110,Connecticut,US,America/New_York,18603130128,,https://www.rei.com/stores/west-hartford?y_source=1_MTQ1MzQ3MS03MTUtbG9jYXRpb24ud2Vic2l0ZQ==,rei.com,Bicycle repair shop,,Yes,370,4.5,open,"Saturday, 10 AM-8 PM; Sunday, 11 AM-6 PM; Monday, 10 AM-8 PM; Tuesday, 10 AM-8 PM; Wednesday, 10 AM-8 PM; Thursday, 10 AM-8 PM; Friday, 10 AM-8 PM; ",10 AM-8 PM,11 AM-6 PM,10 AM-8 PM,10 AM-8 PM,10 AM-8 PM,10 AM-8 PM,10 AM-8 PM,Lat 41.7260364,Lng -72.7570365,https://www.google.com/maps/place/?q=place_id:ChIJoayueOys54kRz2pQWwXEc1E,https://www.google.com/search?kgmid=/g/1tcxw819,https://lh5.googleusercontent.com/p/CIHM0ogKEICAgIDigOSyrgE,"https://t1.gstatic.com/faviconV2?client=SOCIAL&type=FAVICON&fallback_opts=TYPE,SIZE,URL&url=https://www.rei.com/stores/west-hartford?y_source=1_MTQ1MzQ3MS03MTUtbG9jYXRpb24ud2Vic2l0ZQ==&size=48","https://search.google.com/local/reviews?placeid=ChIJoayueOys54kRz2pQWwXEc1E&q=bicycle+shop+near+Jewett+borough,+Connecticut,+USA&authuser=0&hl=en",+18603130128 | 2037830945 | 2038381938 | 4012755250 | 6312501938,https://www.facebook.com/REI/, ,https://www.instagram.com/rei/,https://www.youtube.com/user/reifindout/
Ultimate Automotive Powersports,1608 Stratford Ave  Bridgeport  CT 06607  United States,1608 Stratford Ave,Bridgeport,6607,Connecticut,US,America/New_York,12033620601,,http://www.ultimateautomotivepowersports.com/,ultimateautomotivepowersports.com,Electric bicycle store,,Yes,55,4.1,open,"Saturday, 10 AM-6 PM; Sunday, 10 AM-6 PM; Monday, 10 AM-6 PM; Tuesday, 10 AM-6 PM; Wednesday, 10 AM-6 PM; Thursday, 10 AM-6 PM; Friday, 10 AM-6 PM; ",10 AM-6 PM,10 AM-6 PM,10 AM-6 PM,10 AM-6 PM,10 AM-6 PM,10 AM-6 PM,10 AM-6 PM,Lat 41.1803137,Lng -73.1592744,https://www.google.com/maps/place/?q=place_id:ChIJE9Qo-MkN6IkRarpEBRKDV2s,https://www.google.com/search?kgmid=/g/11g7nz36y1,https://lh5.googleusercontent.com/p/AF1QipMhFaorQMTTo3bMaM00o9xx2hyWfPuPGQ65aM5w,"https://t1.gstatic.com/faviconV2?client=SOCIAL&type=FAVICON&fallback_opts=TYPE,SIZE,URL&url=http://www.ultimateautomotivepowersports.com/&size=48","https://search.google.com/local/reviews?placeid=ChIJE9Qo-MkN6IkRarpEBRKDV2s&q=bicycle+shop+near+Jewett+borough,+Connecticut,+USA&authuser=0&hl=en",,http://www.facebook.com/wix,http://www.twitter.com/wix,https://instagram.com/ultimateautomotivepowersports,
Action Sports,1385 Boston Post Rd  Old Saybrook  CT 06475  United States,1385 Boston Post Rd,Old Saybrook,6475,Connecticut,US,America/New_York,18603881291,,http://www.actionsportsct.com/,actionsportsct.com,Bicycle rental service,,No,92,4.4,open,"Saturday, 10 AM-5 PM; Sunday, 10 AM-4 PM; Monday, 10 AM-6 PM; Tuesday, Closed; Wednesday, 10 AM-6 PM; Thursday, 10 AM-6 PM; Friday, 10 AM-6 PM; ",10 AM-5 PM,10 AM-4 PM,10 AM-6 PM,Closed,10 AM-6 PM,10 AM-6 PM,10 AM-6 PM,Lat 41.287366,Lng -72.406798,https://www.google.com/maps/place/?q=place_id:ChIJ_8OVspUj5okR15OGt9HkNeU,https://www.google.com/search?kgmid=/g/1tfstxfk,https://lh5.googleusercontent.com/p/CIHM0ogKEICAgICk_ba1Tw,"https://t1.gstatic.com/faviconV2?client=SOCIAL&type=FAVICON&fallback_opts=TYPE,SIZE,URL&url=http://www.actionsportsct.com/&size=48","https://search.google.com/local/reviews?placeid=ChIJ_8OVspUj5okR15OGt9HkNeU&q=bicycle+shop+near+Fenwick+borough,+Connecticut,+USA&authuser=0&hl=en",1-860-388-1291,https://www.facebook.com/actionsportsct, ,https://www.instagram.com/actionsportsct/,
Adventure Mystic Kayak/SUP/Bike Rental & Retail Shop,15 Holmes St  Mystic  CT 06355  United States,15 Holmes St,Mystic,6355,Connecticut,US,America/New_York,18602456086,,https://adventuremystic.com/,adventuremystic.com,Bicycle rental service,,Yes,167,4.8,open,"Saturday, 12-5 PM; Sunday, 11 AM-4 PM; Monday, 12-5 PM; Tuesday, Closed; Wednesday, 12-5 PM; Thursday, 12-5 PM; Friday, 12-5 PM; ",12-5 PM,11 AM-4 PM,12-5 PM,Closed,12-5 PM,12-5 PM,12-5 PM,Lat 41.355727699999996,Lng -71.9668946,https://www.google.com/maps/place/?q=place_id:ChIJ6QsheBsK5okRMDhNmoyTfUs,https://www.google.com/search?kgmid=/g/11bv3vjhpf,https://lh5.googleusercontent.com/p/CIHM0ogKEICAgICkwpD-gAE,"https://t1.gstatic.com/faviconV2?client=SOCIAL&type=FAVICON&fallback_opts=TYPE,SIZE,URL&url=https://adventuremystic.com/&size=48",https://search.google.com/local/reviews?placeid=ChIJ6QsheBsK5okRMDhNmoyTfUs&q=Bike+Shop&authuser=0&hl=en,,https://www.facebook.com/AdventureMystic/, ,https://www.instagram.com/officialadventuremystic/,
Outdoor Sports Center,80 Danbury Rd  Wilton  CT 06897  United States,80 Danbury Rd,Wilton,6897,Connecticut,US,America/New_York,12037628797,,http://www.outdoorsports.com/,outdoorsports.com,Bicycle repair shop,,Yes,221,4.6,open,"Saturday, 9 AM-5 PM; Sunday, 9 AM-5 PM; Monday, 10 AM-6 PM; Tuesday, 10 AM-6 PM; Wednesday, 10 AM-6 PM; Thursday, 10 AM-6 PM; Friday, 10 AM-6 PM; ",9 AM-5 PM,9 AM-5 PM,10 AM-6 PM,10 AM-6 PM,10 AM-6 PM,10 AM-6 PM,10 AM-6 PM,Lat 41.170516899999996,Lng -73.4160208,https://www.google.com/maps/place/?q=place_id:ChIJ7Qelw9gc6IkRF1CjrnPdIaM,https://www.google.com/search?kgmid=/g/1tdq24wv,https://lh5.googleusercontent.com/p/CIHM0ogKEICAgIC48OCgfA,"https://t1.gstatic.com/faviconV2?client=SOCIAL&type=FAVICON&fallback_opts=TYPE,SIZE,URL&url=http://www.outdoorsports.com/&size=48","https://search.google.com/local/reviews?placeid=ChIJ7Qelw9gc6IkRF1CjrnPdIaM&q=bicycle+shop+near+Jewett+borough,+Connecticut,+USA&authuser=0&hl=en",, , ,,
Mystic Bike & Kayak,145 Pearl Street Noank Shipyard  Groton  CT 06340  United States,145 Pearl Street Noank Shipyard,Groton,6340,CT,US,America/New_York,12018030095,,,,Bicycle rental service,Canoe & kayak rental service,Yes,37,5,open, ,,,,,,,,Lat 41.320329699999995,Lng -71.9897702,https://www.google.com/maps/place/?q=place_id:ChIJ29T1mXcL5okRluB3Ma2TqRg,https://www.google.com/search?kgmid=/g/11md7rbh9p,https://lh5.googleusercontent.com/p/CIABIhBaCiaTi4xzmlNjWx1VzMnQ, ,"https://search.google.com/local/reviews?placeid=ChIJ29T1mXcL5okRluB3Ma2TqRg&q=bicycle+shop+near+Groton+Long+Point+borough,+Connecticut,+USA&authuser=0&hl=en", , , , , 
Bike New London,399 Williams St  New London  CT 06320  United States,399 Williams St,New London,6320,Connecticut,US,America/New_York,18609126882,bicyclenl@gmail.com,https://www.bikenewlondon.org/,bikenewlondon.org,Bicycle store,Non-profit organization,Yes,20,4.6,permanently closed, ,,,,,,,,Lat 41.365644499999995,Lng -72.1018304,https://www.google.com/maps/place/?q=place_id:ChIJ_3asaIMP5okRdHtP0IXFOUU,https://www.google.com/search?kgmid=/g/11h_x5lbsc,https://lh5.googleusercontent.com/p/CIHM0ogKEICAgIC0xaqeVw,"https://t1.gstatic.com/faviconV2?client=SOCIAL&type=FAVICON&fallback_opts=TYPE,SIZE,URL&url=https://www.bikenewlondon.org/&size=48","https://search.google.com/local/reviews?placeid=ChIJ_3asaIMP5okRdHtP0IXFOUU&q=bicycle+shop+near+New+London,+Connecticut,+USA&authuser=0&hl=en",,https://www.facebook.com/BikeNewLondon/, ,https://instagram.com/wix,https://www.youtube.com/user/Wix
Tony's Bikes,5 Ocean Ave  West Haven  CT 06516  United States,5 Ocean Ave,West Haven,6516,Connecticut,US,America/New_York,12036915486,,http://www.tonysbikes.com/,tonysbikes.com,Bicycle store,Sporting goods store,No,,,permanently closed, ,,,,,,,,Lat 41.2357102,Lng -72.9876692,https://www.google.com/maps/place/?q=place_id:ChIJuzniL4d26IkRuI1JQcCxQP4,https://www.google.com/search?kgmid=/g/1tfsjfvc,https://lh5.googleusercontent.com/p/ISOmKP0EyyDDELcvA8sx0g,"https://t1.gstatic.com/faviconV2?client=SOCIAL&type=FAVICON&fallback_opts=TYPE,SIZE,URL&url=http://www.tonysbikes.com/&size=48", ,2038785380,https://www.facebook.com/tonysbikes/,https://twitter.com/tonysbikes,https://www.instagram.com/tonysbikes/,https://www.youtube.com/user/tonysbikes/
Pedal Power,1171 Main St  Willimantic  CT 06226  United States,1171 Main St,Willimantic,6226,Connecticut,US,America/New_York,18603473776,,https://www.pedalpowerct.com/about/pedal-power-willimantic-ct-pg595.htm,pedalpowerct.com,Bicycle store,Bicycle club,Yes,29,4.6,permanently closed, ,,,,,,,,Lat 41.7139747,Lng -72.22423429999999,https://www.google.com/maps/place/?q=place_id:ChIJbfJjluhj5okRZJqier4RTJI,https://www.google.com/search?kgmid=/g/11fm5yprjs,https://lh5.googleusercontent.com/p/AF1QipOAq5ENit7ArI5zvI_luXoSoTOqlu3PNcyCzEVx,"https://t1.gstatic.com/faviconV2?client=SOCIAL&type=FAVICON&fallback_opts=TYPE,SIZE,URL&url=https://www.pedalpowerct.com/about/pedal-power-willimantic-ct-pg595.htm&size=48","https://search.google.com/local/reviews?placeid=ChIJbfJjluhj5okRZJqier4RTJI&q=bicycle+shop+near+Jewett+borough,+Connecticut,+USA&authuser=0&hl=en",, , , , 
Pedego Electric Bikes Groton,76 Fort Hill Rd  Groton  CT 06340  United States,76 Fort Hill Rd,Groton,6340,Connecticut,US,America/New_York,18602278757,,https://pedegoelectricbikes.com/dealers/groton/,pedegoelectricbikes.com,Bicycle store,Bicycle rental service,Yes,8,4.9,permanently closed, ,,,,,,,,Lat 41.3462783,Lng -72.0310957,https://www.google.com/maps/place/?q=place_id:ChIJnwwHoUMJ5okRsjTza6NN_YA,https://www.google.com/search?kgmid=/g/11lrqbsch9,https://lh5.googleusercontent.com/p/AF1QipPnAGb48_CVzswQhwACXfiEUi_ZGHVD4DAQQ6CO,"https://t1.gstatic.com/faviconV2?client=SOCIAL&type=FAVICON&fallback_opts=TYPE,SIZE,URL&url=https://pedegoelectricbikes.com/dealers/groton/&size=48","https://search.google.com/local/reviews?placeid=ChIJnwwHoUMJ5okRsjTza6NN_YA&q=bicycle+shop+near+Groton,+Connecticut,+USA&authuser=0&hl=en",, , , , 
BURNS BMX,24 North St  Willimantic  CT 06226  United States,24 North St,Willimantic,6226,Connecticut,US,America/New_York,18607715052,,,,Bicycle repair shop,Bicycle Shop,No,1,1,Temporarily closed, ,,,,,,,,Lat 41.712553899999996,Lng -72.2128293,https://www.google.com/maps/place/?q=place_id:ChIJqbVJzexj5okRLwscNvom1xU,https://www.google.com/search?kgmid=/g/12631r01l,https://lh5.googleusercontent.com/p/5eSZCh47a5_z2JmpRwzDMg, ,"https://search.google.com/local/reviews?placeid=ChIJqbVJzexj5okRLwscNvom1xU&q=bicycle+shop+near+Jewett+borough,+Connecticut,+USA&authuser=0&hl=en", , , , , 
Mel's Bike Rentals LLC,1657 Meriden-Waterbury Turnpike  Southington  CT 06489  United States,1657 Meriden-Waterbury Turnpike,Southington,6489,Connecticut,US,America/New_York,,,http://www.melsbikerentals.com/,melsbikerentals.com,Bicycle rental service, ,Yes,56,5,Temporarily closed, ,,,,,,,,Lat 41.565646,Lng -72.9025815,https://www.google.com/maps/place/?q=place_id:ChIJp8ri5kW354kRVZABIy7evwQ,https://www.google.com/search?kgmid=/g/11sxwqb0bv,https://lh5.googleusercontent.com/p/AF1QipN1cSIoEv2bUgpuC9eQLiOHTwvBF8gCcjNF38j4,"https://t1.gstatic.com/faviconV2?client=SOCIAL&type=FAVICON&fallback_opts=TYPE,SIZE,URL&url=http://www.melsbikerentals.com/&size=48","https://search.google.com/local/reviews?placeid=ChIJp8ri5kW354kRVZABIy7evwQ&q=bicycle+shop+near+Naugatuck+borough,+Connecticut,+USA&authuser=0&hl=en",,https://www.facebook.com/melsbikerentals, ,https://www.instagram.com/melsbikerentals,
Strata Electric,237 Warner Rd  North Haven  CT 06473  United States,237 Warner Rd,North Haven,6473,Connecticut,US,America/New_York,15862481128,,https://strata-electric.com/,strata-electric.com,Electric bicycle store,,Yes,15,5,Temporarily closed, ,,,,,,,,Lat 41.360796199999996,Lng -72.8223818,https://www.google.com/maps/place/?q=place_id:ChIJa9s9zrbR54kRTV1CtgsdBSM,https://www.google.com/search?kgmid=/g/11vy31s28x,https://lh5.googleusercontent.com/p/CIHM0ogKEICAgIDb4rifrwE,"https://t1.gstatic.com/faviconV2?client=SOCIAL&type=FAVICON&fallback_opts=TYPE,SIZE,URL&url=https://strata-electric.com/&size=48","https://search.google.com/local/reviews?placeid=ChIJa9s9zrbR54kRTV1CtgsdBSM&q=bicycle+shop+near+Jewett+borough,+Connecticut,+USA&authuser=0&hl=en",, , , , 