Name,Full_Address,Street_Address,City,Zip,State,Country,Timezone,Phone_1,Email,Website,Domain,First_category,Second_category,Claimed_google_my_business,Reviews_count,Average_rating,Business Status,Hours,Saturday,Sunday,Monday,Tuesday,Wednesday,Thursday,Friday,Latitude,Longitude,GMB_URL,Google_Knowledge_URL,Image_URL,Favicon,Review_URL,Phone From WEBSITE,Facebook URL,Twitter URL,Instagram URL,Youtube URL
Bikes for the Likes of Us,105 S Kansas Ave  Olathe  KS 66061  United States,105 S Kansas Ave,Olathe,66061,Kansas,US,America/Chicago,,bikes4youracing@yahoo.com,https://bikesforthelikesofus.com/,bikesforthelikesofus.com,Bicycle store, ,No,1,5,open, ,,,,,,,,Lat 38.881662899999995,Lng -94.8209071,https://www.google.com/maps/place/?q=place_id:ChIJbyRDEwC9wIcRGup0oJmNi_I,https://www.google.com/search?kgmid=/g/11wqvl2w_j,https://lh5.googleusercontent.com/p/Rb8NclFngjfkh6JBQhiN9w,"https://t1.gstatic.com/faviconV2?client=SOCIAL&type=FAVICON&fallback_opts=TYPE,SIZE,URL&url=https://bikesforthelikesofus.com/&size=48","https://search.google.com/local/reviews?placeid=ChIJbyRDEwC9wIcRGup0oJmNi_I&q=bicycle+shop+near+Spring+Hill,+Kansas,+USA&authuser=0&hl=en",9137642453,https://www.facebook.com/bikesforthelikesofus/, ,https://www.instagram.com/bikesforthelikesofus/,
Heartland Bicycle,111 N Mosley St  Wichita  KS 67202  United States,111 N Mosley St,Wichita,67202,Kansas,US,America/Chicago,13166824144,heartlandbikes@gmail.com,https://www.heartlandbikes.com/,heartlandbikes.com,Bicycle store, ,Yes,73,4.6,open,"Friday, 10 AM-6 PM; Saturday, 10 AM-6 PM; Sunday, Closed; Monday, 10 AM-6 PM; Tuesday, 10 AM-6 PM; Wednesday, 10 AM-6 PM; Thursday, 10 AM-6 PM; ",10 AM-6 PM,Closed,10 AM-6 PM,10 AM-6 PM,10 AM-6 PM,10 AM-6 PM,10 AM-6 PM,Lat 37.6867418,Lng -97.3279165,https://www.google.com/maps/place/?q=place_id:ChIJaVPzepXjuocRVpeA-4CchkY,https://www.google.com/search?kgmid=/g/1vfzfpkr,https://lh5.googleusercontent.com/p/CIHM0ogKEICAgICEzNXUhwE,"https://t1.gstatic.com/faviconV2?client=SOCIAL&type=FAVICON&fallback_opts=TYPE,SIZE,URL&url=https://www.heartlandbikes.com/&size=48","https://search.google.com/local/reviews?placeid=ChIJaVPzepXjuocRVpeA-4CchkY&q=bicycle+shop+near+Dodge,+Kansas,+USA&authuser=0&hl=en",,https://www.facebook.com/Heartland-Bicycle-125983424079950/, ,,
Groody Brothers Bicycle Restoration,912 SE 44th St  Topeka  KS 66609  United States,912 SE 44th St,Topeka,66609,Kansas,US,America/Chicago,19132869399,info@groodybros.com,http://www.groodybros.com/,groodybros.com,Bicycle repair shop, ,Yes,12,5,open,"Saturday, Closed; Sunday, Closed; Monday, 9 AM-5 PM; Tuesday, 9 AM-5 PM; Wednesday, 9 AM-5 PM; Thursday, 9 AM-5 PM; Friday, 9 AM-5 PM; ",Closed,Closed,9 AM-5 PM,9 AM-5 PM,9 AM-5 PM,9 AM-5 PM,9 AM-5 PM,Lat 38.9886836,Lng -95.67260569999999,https://www.google.com/maps/place/?q=place_id:ChIJt-DRsBrywIcRyaZnLMg-A0g,https://www.google.com/search?kgmid=/g/11c1vjly2g,https://lh5.googleusercontent.com/p/CIHM0ogKEICAgICk6MndigE,"https://t1.gstatic.com/faviconV2?client=SOCIAL&type=FAVICON&fallback_opts=TYPE,SIZE,URL&url=http://www.groodybros.com/&size=48","https://search.google.com/local/reviews?placeid=ChIJt-DRsBrywIcRyaZnLMg-A0g&q=bicycle+shop+near+Osage,+Kansas,+USA&authuser=0&hl=en",,https://www.facebook.com/GroodyBros, ,https://www.instagram.com/groody_bros/,https://www.youtube.com/@groodybros
Ottawa Bike and Trail  LLC,130 S Main St  Ottawa  KS 66067  United States,130 S Main St,Ottawa,66067,Kansas,US,America/Chicago,19139511070,info@ottawabikeandtrail.com,http://ottawabikeandtrail.com/,ottawabikeandtrail.com,Bicycle store,Bicycle club,Yes,77,5,open,"Saturday, 8 AM-5 PM; Sunday, Closed; Monday, Closed; Tuesday, 10 AM-6 PM; Wednesday, 10 AM-6 PM; Thursday, 10 AM-6 PM; Friday, 10 AM-6 PM; ",8 AM-5 PM,Closed,Closed,10 AM-6 PM,10 AM-6 PM,10 AM-6 PM,10 AM-6 PM,Lat 38.616096399999996,Lng -95.2691497,https://www.google.com/maps/place/?q=place_id:ChIJL7UZ3WxNv4cRl9yFLOpvd_0,https://www.google.com/search?kgmid=/g/11fd4wnt4k,https://lh5.googleusercontent.com/p/AF1QipPlfzcNRp54hr_5Ura1ppevwF5rvXfeJFWt5KQn,"https://t1.gstatic.com/faviconV2?client=SOCIAL&type=FAVICON&fallback_opts=TYPE,SIZE,URL&url=http://ottawabikeandtrail.com/&size=48","https://search.google.com/local/reviews?placeid=ChIJL7UZ3WxNv4cRl9yFLOpvd_0&q=bicycle+shop+near+Ellsworth,+Kansas,+USA&authuser=0&hl=en",913-951-1070,https://www.facebook.com/OttawaBikeandTrail, ,https://www.instagram.com/ottawabikeandtrail/,https://www.youtube.com/@ottawabikeandtrail
Merchant Cycles,716 Commercial St  Emporia  KS 66801  United States,716 Commercial St,Emporia,66801,Kansas,US,America/Chicago,16202087680,merchantcycles@gmail.com,https://merchantcycles.com/,merchantcycles.com,Bicycle store,Adventure sports center,Yes,65,4.9,open,"Saturday, 10 AM-3 PM; Sunday, Closed; Monday, Closed; Tuesday, 11 AM-7 PM; Wednesday, 11 AM-7 PM; Thursday, 11 AM-7 PM; Friday, 11 AM-7 PM; ",10 AM-3 PM,Closed,Closed,11 AM-7 PM,11 AM-7 PM,11 AM-7 PM,11 AM-7 PM,Lat 38.406853399999996,Lng -96.1798376,https://www.google.com/maps/place/?q=place_id:ChIJI56IUCdMuYcRLJW4fNzDxqM,https://www.google.com/search?kgmid=/g/11d_8t6gp_,https://lh5.googleusercontent.com/p/AF1QipPoq8U6a3oaeWXS6KFBOYMYCebe9UzxHYmypHrH,"https://t1.gstatic.com/faviconV2?client=SOCIAL&type=FAVICON&fallback_opts=TYPE,SIZE,URL&url=https://merchantcycles.com/&size=48","https://search.google.com/local/reviews?placeid=ChIJI56IUCdMuYcRLJW4fNzDxqM&q=bicycle+shop+near+Ellsworth,+Kansas,+USA&authuser=0&hl=en",,https://www.facebook.com/merchantcycles/, ,https://www.instagram.com/merchantcycles/,https://www.youtube.com/@merchantcycles
ReCycle Shop | A Project of Bike Walk Wichita,325 St Francis  Wichita  KS 67202  United States,325 St Francis,Wichita,67202,Kansas,US,America/Chicago,13165302990,recycle@bikewalkwichita.org,https://www.recycleict.org/,recycleict.org,Used bicycle shop, ,Yes,,,open,"Saturday, 12-4 PM; Sunday, Closed; Monday, Closed; Tuesday, 2-8 PM; Wednesday, Closed; Thursday, 2-8 PM; Friday, 12-4 PM; ",12-4 PM,Closed,Closed,2-8 PM,Closed,2-8 PM,12-4 PM,Lat 37.690505099999996,Lng -97.3318918,https://www.google.com/maps/place/?q=place_id:ChIJDzVTngLjuocRVTyHlZsXJ9c,https://www.google.com/search?kgmid=/g/11ygzz5kp0,https://lh5.googleusercontent.com/p/AF1QipOkOzZK3yWzYtILUASqZkRf8FoF98DRWE6AW2PK,"https://t1.gstatic.com/faviconV2?client=SOCIAL&type=FAVICON&fallback_opts=TYPE,SIZE,URL&url=https://www.recycleict.org/&size=48", ,316.530.2990,https://www.facebook.com/marketplace/wichita/search?deliveryMethod=local_pick_up&query=bww%20sales&exact=false, ,https://www.instagram.com/recyclebww/,
Montezuma Bikes,208 N Aztec St  Montezuma  KS 67867  United States,208 N Aztec St,Montezuma,67867,Kansas,US,America/Chicago,16208462332,sales@montezumabikes.com,http://www.montezumabikes.com/,montezumabikes.com,Bicycle store, ,Yes,11,4.9,open,"Friday, 8 AM-5:30 PM; Saturday, 8 AM-12 PM; Sunday, Closed; Monday, Closed; Tuesday, 8 AM-5:30 PM; Wednesday, 8 AM-5:30 PM; Thursday, 8 AM-5:30 PM; ",8 AM-12 PM,Closed,Closed,8 AM-5:30 PM,8 AM-5:30 PM,8 AM-5:30 PM,8 AM-5:30 PM,Lat 37.5979485,Lng -100.443226,https://www.google.com/maps/place/?q=place_id:ChIJQ10yinZ5p4cRFAZfa3p_0-A,https://www.google.com/search?kgmid=/g/11gxrpr4jk,https://lh5.googleusercontent.com/p/AF1QipP1rfBuImbpel4soZq6U8NYsTm0gU3UEC9Yw7o4,"https://t1.gstatic.com/faviconV2?client=SOCIAL&type=FAVICON&fallback_opts=TYPE,SIZE,URL&url=http://www.montezumabikes.com/&size=48","https://search.google.com/local/reviews?placeid=ChIJQ10yinZ5p4cRFAZfa3p_0-A&q=bicycle+shop+near+Dodge,+Kansas,+USA&authuser=0&hl=en",620-846-2332 | 1-620-846-2332, , ,,
Free State Cycle Works,508 State St  Augusta  KS 67010  United States,508 State St,Augusta,67010,Kansas,US,America/Chicago,13166442120,shawn@freestatecycleworks.com,http://freestatecycleworks.com/,freestatecycleworks.com,Bicycle repair shop, ,Yes,39,4.8,open,"Saturday, 10 AM-4 PM; Sunday, Closed; Monday, 10 AM-6 PM; Tuesday, 10 AM-6 PM; Wednesday, 10 AM-6 PM; Thursday, 10 AM-6 PM; Friday, 10 AM-6 PM; ",10 AM-4 PM,Closed,10 AM-6 PM,10 AM-6 PM,10 AM-6 PM,10 AM-6 PM,10 AM-6 PM,Lat 37.6765621,Lng -96.97865209999999,https://www.google.com/maps/place/?q=place_id:ChIJV60O6cpRuocRyh4fGw_LPw0,https://www.google.com/search?kgmid=/g/11n6tqpycy,https://lh5.googleusercontent.com/p/AF1QipPo6mPL_GERb0Xzb2foQ7dh23NbR-CwZaWJ5UDm,"https://t1.gstatic.com/faviconV2?client=SOCIAL&type=FAVICON&fallback_opts=TYPE,SIZE,URL&url=http://freestatecycleworks.com/&size=48","https://search.google.com/local/reviews?placeid=ChIJV60O6cpRuocRyh4fGw_LPw0&q=bicycle+shop+near+Ellsworth,+Kansas,+USA&authuser=0&hl=en",,https://www.facebook.com/Free-State-Cycle-Works-100127391865908, ,https://www.instagram.com/freestatecycleworks/,
Himiway Kansas City,11469 W 95th St  Overland Park  KS 66214  United States,11469 W 95th St,Overland Park,66214,Kansas,US,America/Chicago,19134959577,support@himiwaybike.com,http://www.himiwaybike.com/,himiwaybike.com,Bicycle store, ,Yes,1,5,open,"Saturday, 10 AM-7 PM; Sunday, 12-6 PM; Monday, 10 AM-7 PM; Tuesday, 10 AM-7 PM; Wednesday, 10 AM-7 PM; Thursday, 10 AM-7 PM; Friday, 10 AM-7 PM; ",10 AM-7 PM,12-6 PM,10 AM-7 PM,10 AM-7 PM,10 AM-7 PM,10 AM-7 PM,10 AM-7 PM,Lat 38.9563997,Lng -94.7188432,https://www.google.com/maps/place/?q=place_id:ChIJ5yBeN5PrwIcR-DBezN1KxMY,https://www.google.com/search?kgmid=/g/11jygrm_6c,https://lh5.googleusercontent.com/p/AF1QipPem9kqPQIMDtnFxXduOxUVuEu_o1cUaJ7zIFSc,"https://t1.gstatic.com/faviconV2?client=SOCIAL&type=FAVICON&fallback_opts=TYPE,SIZE,URL&url=http://www.himiwaybike.com/&size=48","https://search.google.com/local/reviews?placeid=ChIJ5yBeN5PrwIcR-DBezN1KxMY&q=bicycle+shop+near+Fairway,+Kansas,+USA&authuser=0&hl=en",//3233033155 | //3233838998,https://www.facebook.com/himiwaybikes,https://twitter.com/himiwaybike,https://www.instagram.com/himiway_official,https://www.youtube.com/@HimiwayBikesLongrangeEbikes
ERIK'S - Bike Board Ski,11500 W 135th St  Overland Park  KS 66221  United States,11500 W 135th St,Overland Park,66221,Kansas,US,America/Chicago,19134511515,,https://www.eriksbikeshop.com/pages/locations/kansas-city-overland-park-ks?utm_source=google&utm_medium=organic&utm_campaign=GBP,eriksbikeshop.com,Bicycle store,Bicycle repair shop,Yes,736,4.7,open,"Friday, 11 AM-7 PM; Saturday, 11 AM-5 PM; Sunday, 11 AM-5 PM; Monday, 11 AM-7 PM; Tuesday, 11 AM-7 PM; Wednesday, 11 AM-7 PM; Thursday, 11 AM-7 PM; ",11 AM-5 PM,11 AM-5 PM,11 AM-7 PM,11 AM-7 PM,11 AM-7 PM,11 AM-7 PM,11 AM-7 PM,Lat 38.8847206,Lng -94.72031559999999,https://www.google.com/maps/place/?q=place_id:ChIJgzPQCwXAwIcROCuqm0o1j9Q,https://www.google.com/search?kgmid=/g/1tdd166f,https://lh5.googleusercontent.com/p/CIHM0ogKEICAgICq1K2cbA,"https://t1.gstatic.com/faviconV2?client=SOCIAL&type=FAVICON&fallback_opts=TYPE,SIZE,URL&url=https://www.eriksbikeshop.com/pages/locations/kansas-city-overland-park-ks?utm_source=google&utm_medium=organic&utm_campaign=GBP&size=48",https://search.google.com/local/reviews?placeid=ChIJgzPQCwXAwIcROCuqm0o1j9Q&q=ERIK'S+-+Bike+Board+Ski&authuser=0&hl=en,913-451-1515 | 952-243-5476 | 952-351-9148,https://www.facebook.com/eriksbikeshop/, ,https://www.instagram.com/eriksbikeboardski/,https://www.youtube.com/@EriksBikeandBoardShop
ERIK'S - Bike Board Ski,3701 W 95th St  Leawood  KS 66206  United States,3701 W 95th St,Leawood,66206,Kansas,US,America/Chicago,19134288430,,https://www.eriksbikeshop.com/pages/locations/kansas-city-leawood-ks?utm_source=google&utm_medium=organic&utm_campaign=GBP,eriksbikeshop.com,Bicycle store,Bicycle repair shop,Yes,617,4.8,open,"Friday, 11 AM-7 PM; Saturday, 11 AM-5 PM; Sunday, 11 AM-5 PM; Monday, 11 AM-7 PM; Tuesday, 11 AM-7 PM; Wednesday, 11 AM-7 PM; Thursday, 11 AM-7 PM; ",11 AM-5 PM,11 AM-5 PM,11 AM-7 PM,11 AM-7 PM,11 AM-7 PM,11 AM-7 PM,11 AM-7 PM,Lat 38.956052899999996,Lng -94.6284953,https://www.google.com/maps/place/?q=place_id:ChIJMQU2zWvpwIcRzgA60WthG5g,https://www.google.com/search?kgmid=/g/1tdxwjyz,https://lh5.googleusercontent.com/p/CIHM0ogKEICAgIDurP_DGg,"https://t1.gstatic.com/faviconV2?client=SOCIAL&type=FAVICON&fallback_opts=TYPE,SIZE,URL&url=https://www.eriksbikeshop.com/pages/locations/kansas-city-leawood-ks?utm_source=google&utm_medium=organic&utm_campaign=GBP&size=48",https://search.google.com/local/reviews?placeid=ChIJMQU2zWvpwIcRzgA60WthG5g&q=ERIK'S+-+Bike+Board+Ski&authuser=0&hl=en,913-428-8430 | 952-243-5476 | 952-351-9148,https://www.facebook.com/eriksbikeshop/, ,https://www.instagram.com/eriksbikeboardski/,https://www.youtube.com/@EriksBikeandBoardShop
Rental Bike Rack,412 S 2nd St  Lindsborg  KS 67456  United States,412 S 2nd St,Lindsborg,67456,Kansas,US,America/Chicago,,,,,Bicycle rack, ,No,,,open, ,,,,,,,,Lat 38.568596899999996,Lng -97.6747317,https://www.google.com/maps/place/?q=place_id:ChIJ_z4_vE-vvIcRi1ZqasZFmnU,https://www.google.com/search?kgmid=/g/11svqb1w80,https://lh5.googleusercontent.com/p/Wx8MAIUaEQNHd9sMrhaObA, , , , , , , 
Rental Bike Rack,104 E Lincoln St  Lindsborg  KS 67456  United States,104 E Lincoln St,Lindsborg,67456,Kansas,US,America/Chicago,,,,,Bicycle rack, ,No,,,open, ,,,,,,,,Lat 38.573352199999995,Lng -97.6754129,https://www.google.com/maps/place/?q=place_id:ChIJQ_HNh46xvIcRLF-6tc_REXo,https://www.google.com/search?kgmid=/g/11v0_wh20z,https://lh5.googleusercontent.com/p/t61LXabba-PxDtEbDqNpjA, , , , , , , 
Newton Et Cetera Shop Bike Rack,619 N Main St  Newton  KS 67114  United States,619 N Main St,Newton,67114,Kansas,US,America/Chicago,,,,,Bicycle rack, ,No,,,open, ,,,,,,,,Lat 38.0494963,Lng -97.3456215,https://www.google.com/maps/place/?q=place_id:ChIJV2HpLAATu4cR0XyJXuiLO50,https://www.google.com/search?kgmid=/g/11vwr10c61,https://lh5.googleusercontent.com/p/DgZEIoU6wHmXMAvmqPuJjQ, , , , , , , 
BIGBMX cycle works,1725 SW Buchanan St  Topeka  KS 66604  United States,1725 SW Buchanan St,Topeka,66604,Kansas,US,America/Chicago,,,,,Bicycle repair shop, ,Yes,,,open,"Friday, Closed; Saturday, Closed; Sunday, Closed; Monday, 12 AM-6:30 PM; Tuesday, 9 AM-5 PM; Wednesday, 9 AM-5 PM; Thursday, 9 AM-6 PM; ",Closed,Closed,12 AM-6:30 PM,9 AM-5 PM,9 AM-5 PM,9 AM-6 PM,Closed,Lat 39.035947199999995,Lng -95.6931563,https://www.google.com/maps/place/?q=place_id:ChIJ36cD1KgDv4cR9HNaYNZvQP0,https://www.google.com/search?kgmid=/g/11wmxk1zc5,https://lh5.googleusercontent.com/p/JdDbUJRflhdkBT5-taL3Wg, , , , , , , 
Riverside Bicycle Repair,1518 W Harrison Ave  Wichita  KS 67203  United States,1518 W Harrison Ave,Wichita,67203,Kansas,US,America/Chicago,13167309181,,,,Bicycle repair shop,Bicycle repair shop,Yes,14,4.1,open, ,,,,,,,,Lat 37.7014092,Lng -97.3573605,https://www.google.com/maps/place/?q=place_id:ChIJ8z_h7yjhuocRk3i3-6tgMdw,https://www.google.com/search?kgmid=/g/11q40h6hlc,https://lh5.googleusercontent.com/p/CIHM0ogKEICAgICxo82N4wE, ,https://search.google.com/local/reviews?placeid=ChIJ8z_h7yjhuocRk3i3-6tgMdw&q=A+Bicycle+Services&authuser=0&hl=en, , , , , 
ATSTP/Motorcycle Classroom/FSBP,7305 Apennines Dr  Fort Riley  KS 66442  United States,7305 Apennines Dr,Fort Riley,66442,Kansas,US,America/Chicago,,,,,Bicycle repair shop, ,No,2,5,open, ,,,,,,,,Lat 39.1077708,Lng -96.82143219999999,https://www.google.com/maps/place/?q=place_id:ChIJc_j1lzFLvIcRCVtE7BeP1Ew,https://www.google.com/search?kgmid=/g/11bc73py1l, , ,"https://search.google.com/local/reviews?placeid=ChIJc_j1lzFLvIcRCVtE7BeP1Ew&q=bicycle+shop+near+Junction,+Kansas,+USA&authuser=0&hl=en", , , , , 
Freedom's FrontTire,109 Shady Ln  Osawatomie  KS 66064  United States,109 Shady Ln,Osawatomie,66064,Kansas,US,America/Chicago,19137312162,,,,Bicycle repair shop, ,No,5,5,open, ,,,,,,,,Lat 38.4998407,Lng -94.9731217,https://www.google.com/maps/place/?q=place_id:ChIJoVsGNN5Tx4cROtXqh29aP2Q,https://www.google.com/search?kgmid=/g/11pbjw5l81,https://lh5.googleusercontent.com/p/8kR_-z60CctliVGeYbyuEg, ,"https://search.google.com/local/reviews?placeid=ChIJoVsGNN5Tx4cROtXqh29aP2Q&q=bicycle+shop+near+Paola,+Kansas,+USA&authuser=0&hl=en", , , , , 
Bike Repair Station,Newton  KS 67114  United States,Newton  KS 67114,Newton,67114,Kansas,US,America/Chicago,,,,,Bicycle repair shop, ,No,1,5,open,"Friday, Open 24 hours; Saturday, Open 24 hours; Sunday, Open 24 hours; Monday, Open 24 hours; Tuesday, Open 24 hours; Wednesday, Open 24 hours; Thursday, Open 24 hours; ",Open 24 hours,Open 24 hours,Open 24 hours,Open 24 hours,Open 24 hours,Open 24 hours,Open 24 hours,Lat 38.043067199999996,Lng -97.3560401,https://www.google.com/maps/place/?q=place_id:ChIJP6j-BUgVu4cRv5DMB_Rjalo,https://www.google.com/search?kgmid=/g/11rs9y88d2,https://lh5.googleusercontent.com/p/CIHM0ogKEICAgICauJyZrwE, ,"https://search.google.com/local/reviews?placeid=ChIJP6j-BUgVu4cRv5DMB_Rjalo&q=bicycle+shop+near+Newton,+Kansas,+USA&authuser=0&hl=en", , , , , 
Topeka Community Cycle Project,1534 SW Clay St  Topeka  KS 66604  United States,1534 SW Clay St,Topeka,66604,Kansas,US,America/Chicago,17853809827,,,,Bicycle repair shop,Non-profit organization,Yes,29,4.7,open,"Friday, Closed; Saturday, 1-3 PM; Sunday, Closed; Monday, Closed; Tuesday, Closed; Wednesday, Closed; Thursday, 5-7 PM; ",1-3 PM,Closed,Closed,Closed,Closed,5-7 PM,Closed,Lat 39.0395738,Lng -95.6912169,https://www.google.com/maps/place/?q=place_id:ChIJPXwLRQkDv4cRJyoJ72HXap4,https://www.google.com/search?kgmid=/g/11bbrn58p2,https://lh5.googleusercontent.com/p/AF1QipMzRxdUXaN9PieS1jiprSCFBDXU9wQFYsFgHXOq, ,"https://search.google.com/local/reviews?placeid=ChIJPXwLRQkDv4cRJyoJ72HXap4&q=bicycle+shop+near+Topeka,+Kansas,+USA&authuser=0&hl=en", , , , , 
Banana Wrench,2608 W 4th St  Pittsburg  KS 66762  United States,2608 W 4th St,Pittsburg,66762,Kansas,US,America/Chicago,16202382718,,,,Bicycle repair shop, ,Yes,,,open,"Saturday, 9 AM-5 PM; Sunday, 9 AM-5 PM; Monday, 9 AM-5 PM; Tuesday, 9 AM-5 PM; Wednesday, 9 AM-5 PM; Thursday, 9 AM-5 PM; Friday, 9 AM-5 PM; ",9 AM-5 PM,9 AM-5 PM,9 AM-5 PM,9 AM-5 PM,9 AM-5 PM,9 AM-5 PM,9 AM-5 PM,Lat 37.4115251,Lng -94.7486492,https://www.google.com/maps/place/?q=place_id:ChIJRaBiHzPpx4cRoUZka-efRvY,https://www.google.com/search?kgmid=/g/11zhwsw6vn,https://lh5.googleusercontent.com/p/AF1QipOlssPlp-KF2zrVQMt4xvhprbPOC3jxk8hkSKDI, , , , , , , 
Mike's Bikes,502 W Ave A  McPherson  KS 67460  United States,502 W Ave A,McPherson,67460,Kansas,US,America/Chicago,16202414255,,,,Bicycle store, ,No,8,3.6,open,"Friday, Closed; Saturday, Closed; Sunday, Closed; Monday, Closed; Tuesday, 10 AM-12 PM | 2-4 PM; Wednesday, 10 AM-12 PM | 2-4 PM; Thursday, 10 AM-12 PM | 2-4 PM; ",Closed,Closed,Closed,10 AM-12 PM | 2-4 PM,10 AM-12 PM | 2-4 PM,10 AM-12 PM | 2-4 PM,Closed,Lat 38.3625039,Lng -97.67293169999999,https://www.google.com/maps/place/?q=place_id:ChIJKTo_90ZWu4cRYEq_r6AU8rY,https://www.google.com/search?kgmid=/g/1tfjr6pn,https://lh5.googleusercontent.com/p/CIHM0ogKEICAgIC4zf_sfA, ,"https://search.google.com/local/reviews?placeid=ChIJKTo_90ZWu4cRYEq_r6AU8rY&q=bicycle+shop+near+Colby,+Kansas,+USA&authuser=0&hl=en", , , , , 
Rising House Enterprises,34532 82nd Rd  Cambridge  KS 67023  United States,34532 82nd Rd,Cambridge,67023,Kansas,US,America/Chicago,16204672265,,,,Bicycle store,Bicycles,Yes,,,open,"Saturday, 9 AM-5 PM; Sunday, Closed; Monday, 9 AM-5 PM; Tuesday, 9 AM-5 PM; Wednesday, 9 AM-5 PM; Thursday, 9 AM-5 PM; Friday, 9 AM-5 PM; ",9 AM-5 PM,Closed,9 AM-5 PM,9 AM-5 PM,9 AM-5 PM,9 AM-5 PM,9 AM-5 PM,Lat 37.3600809,Lng -96.5515293,https://www.google.com/maps/place/?q=place_id:ChIJpxnZEdfowIcRI57abC2RD7I,https://www.google.com/search?kgmid=/g/12623hjz4,https://lh5.googleusercontent.com/p/Lmevyh9Y2QuSB9eFvYONrg, , , , , , , 
Blue Hills Bikes,107 S 1st St  Osborne  KS 67473  United States,107 S 1st St,Osborne,67473,Kansas,US,America/Chicago,17853462715,,,,Bicycle store, ,No,9,5,open,"Friday, 10 AM-6 PM; Saturday, 10 AM-6 PM; Sunday, Closed; Monday, 10 AM-6 PM; Tuesday, 10 AM-6 PM; Wednesday, 10 AM-6 PM; Thursday, 10 AM-6 PM; ",10 AM-6 PM,Closed,10 AM-6 PM,10 AM-6 PM,10 AM-6 PM,10 AM-6 PM,10 AM-6 PM,Lat 39.4378248,Lng -98.69486839999999,https://www.google.com/maps/place/?q=place_id:ChIJ-WPZWxxvoocRdaG2vAOs5yo,https://www.google.com/search?kgmid=/g/1tjwj7qs,https://lh5.googleusercontent.com/p/CIHM0ogKEICAgIC1jvXZnQE, ,"https://search.google.com/local/reviews?placeid=ChIJ-WPZWxxvoocRdaG2vAOs5yo&q=bicycle+shop+near+Colby,+Kansas,+USA&authuser=0&hl=en", , , , , 
MoCo Cyclery,1200 N 2nd St  Independence  KS 67301  United States,1200 N 2nd St,Independence,67301,Kansas,US,America/Chicago,16203302063,,https://www.facebook.com/MoCoCycleryKS/,facebook.com,Bicycle repair shop, ,Yes,2,5,open, ,,,,,,,,Lat 37.2351757,Lng -95.6995697,https://www.google.com/maps/place/?q=place_id:ChIJaUsYQagruIcR9Wb5vqQuidY,https://www.google.com/search?kgmid=/g/11q8rs69y8,https://lh5.googleusercontent.com/p/CIHM0ogKEICAgICxu8iQNg,"https://t1.gstatic.com/faviconV2?client=SOCIAL&type=FAVICON&fallback_opts=TYPE,SIZE,URL&url=https://www.facebook.com/MoCoCycleryKS/&size=48","https://search.google.com/local/reviews?placeid=ChIJaUsYQagruIcR9Wb5vqQuidY&q=bicycle+shop+near+Holcomb,+Kansas,+USA&authuser=0&hl=en",,https://www.facebook.com/recover/initiate/?ars=facebook_login&cancel_lara_pswd=0&next=https%3A%2F%2Fwww.facebook.com%2FMoCoCycleryKS%2F, ,https://l.facebook.com/l.php?u=https%3A%2F%2Fwww.instagram.com%2F&h=AT1WRX-BERTo7Klm1_bpUdU69W9z691dsz1R55eZf6fiC6G4ov1Etuc20xkm-Yo9XXnybgIq0OddK-W-PExK-NWUeIwUSGTpEyF342EOladpU6lLCR3UXSZXyBjqPe0LFznd0S-qj-YZvvTt9j0wU6zYih5CPuOnALM,
Bike Tek,1620 Fort Riley Blvd #105  Manhattan  KS 66502  United States,1620 Fort Riley Blvd #105,Manhattan,66502,Kansas,US,America/Chicago,17857751620,,https://biketekusa.com/manhattan/,biketekusa.com,Bicycle repair shop, ,Yes,19,5,open,"Saturday, 10 AM-3 PM; Sunday, Closed; Monday, 10 AM-6 PM; Tuesday, 10 AM-6 PM; Wednesday, 10 AM-6 PM; Thursday, 10 AM-6 PM; Friday, 10 AM-6 PM; ",10 AM-3 PM,Closed,10 AM-6 PM,10 AM-6 PM,10 AM-6 PM,10 AM-6 PM,10 AM-6 PM,Lat 39.1746979,Lng -96.58274,https://www.google.com/maps/place/?q=place_id:ChIJDU9SZpvNvYcRF4hUiOdRWCo,https://www.google.com/search?kgmid=/g/11vjy4mg85,https://lh5.googleusercontent.com/p/CIHM0ogKEICAgMCYqNa5DQ,"https://t1.gstatic.com/faviconV2?client=SOCIAL&type=FAVICON&fallback_opts=TYPE,SIZE,URL&url=https://biketekusa.com/manhattan/&size=48","https://search.google.com/local/reviews?placeid=ChIJDU9SZpvNvYcRF4hUiOdRWCo&q=bicycle+shop+near+Ellsworth,+Kansas,+USA&authuser=0&hl=en",785-775-1620,https://www.facebook.com/profile.php?id=61554357574547, ,https://www.instagram.com/biketekmhk?igsh=enpubXJsb3M2cGlv,
B.I.K.E.S.,1319 Lynx Pl  Burlington  KS 66839  United States,1319 Lynx Pl,Burlington,66839,Kansas,US,America/Chicago,13077031254,,https://sites.google.com/view/bikesburlington/home?authuser=0,sites.google.com,Bicycle repair shop, ,Yes,,,open,"Saturday, Closed; Sunday, Closed; Monday, 11:30 AM-1 PM; Tuesday, Closed; Wednesday, Closed; Thursday, Closed; Friday, Closed; ",Closed,Closed,11:30 AM-1 PM,Closed,Closed,Closed,Closed,Lat 38.216836799999996,Lng -95.7392385,https://www.google.com/maps/place/?q=place_id:ChIJFRM6UlMhuYcR3u9PB17EMIQ,https://www.google.com/search?kgmid=/g/11xlj973m2,https://lh5.googleusercontent.com/p/AF1QipMLKZfBvQ6eleyH8Os04JoRK9AtdMKloY2CIKjA,"https://t1.gstatic.com/faviconV2?client=SOCIAL&type=FAVICON&fallback_opts=TYPE,SIZE,URL&url=https://sites.google.com/view/bikesburlington/home?authuser=0&size=48", ,, , ,,
Jerry's Bike Shop,1415 SW Lane St  Topeka  KS 66604  United States,1415 SW Lane St,Topeka,66604,Kansas,US,America/Chicago,17852340162,,http://www.jerrysbikeshop.com/,jerrysbikeshop.com,Bicycle repair shop, ,Yes,88,4.7,open,"Saturday, 10 AM-5 PM; Sunday, Closed; Monday, Closed; Tuesday, 10 AM-5 PM; Wednesday, 10 AM-5 PM; Thursday, 10 AM-5 PM; Friday, 10 AM-5 PM; ",10 AM-5 PM,Closed,Closed,10 AM-5 PM,10 AM-5 PM,10 AM-5 PM,10 AM-5 PM,Lat 39.040361499999996,Lng -95.6957815,https://www.google.com/maps/place/?q=place_id:ChIJm_xXYOYCv4cRI7XW1-Kokcs,https://www.google.com/search?kgmid=/g/1v3gsf1l,https://lh5.googleusercontent.com/p/CIHM0ogKEICAgIDssoGRfA,"https://t1.gstatic.com/faviconV2?client=SOCIAL&type=FAVICON&fallback_opts=TYPE,SIZE,URL&url=http://www.jerrysbikeshop.com/&size=48","https://search.google.com/local/reviews?placeid=ChIJm_xXYOYCv4cRI7XW1-Kokcs&q=bicycle+shop+near+Ellsworth,+Kansas,+USA&authuser=0&hl=en",, , ,,
Hanover Bikes,10380 Mastin St  Overland Park  KS 66212  United States,10380 Mastin St,Overland Park,66212,Kansas,US,America/Chicago,19133639933,,http://www.hanoverbikes.com/,hanoverbikes.com,Bicycle repair shop, ,Yes,97,4.9,open,"Friday, 10 AM-6 PM; Saturday, 10 AM-5 PM; Sunday, Closed; Monday, Closed; Tuesday, 10 AM-6 PM; Wednesday, 10 AM-6 PM; Thursday, 10 AM-6 PM; ",10 AM-5 PM,Closed,Closed,10 AM-6 PM,10 AM-6 PM,10 AM-6 PM,10 AM-6 PM,Lat 38.940214999999995,Lng -94.703769,https://www.google.com/maps/place/?q=place_id:ChIJxYFVS0DrwIcRna8eDjtjJ3g,https://www.google.com/search?kgmid=/g/11s0zhlsr8,https://lh5.googleusercontent.com/p/AF1QipNoHcZwBUYeICRurqrhfI3QymCiVqZ8Rom4z3dU,"https://t1.gstatic.com/faviconV2?client=SOCIAL&type=FAVICON&fallback_opts=TYPE,SIZE,URL&url=http://www.hanoverbikes.com/&size=48","https://search.google.com/local/reviews?placeid=ChIJxYFVS0DrwIcRna8eDjtjJ3g&q=bicycle+shop+near+Spring+Hill,+Kansas,+USA&authuser=0&hl=en",,https://www.facebook.com/wix,https://www.twitter.com/wix,https://www.instagram.com/wix,https://www.youtube.com/user/Wix
High Gear,520 Commercial St  Emporia  KS 66801  United States,520 Commercial St,Emporia,66801,Kansas,US,America/Chicago,16203424977,,http://www.ridehighgear.com/,ridehighgear.com,Bicycle store, ,Yes,83,4.9,open,"Friday, 10 AM-6 PM; Saturday, 10 AM-3 PM; Sunday, Closed; Monday, 10 AM-6 PM; Tuesday, 10 AM-6 PM; Wednesday, 10 AM-6 PM; Thursday, 10 AM-6 PM; ",10 AM-3 PM,Closed,10 AM-6 PM,10 AM-6 PM,10 AM-6 PM,10 AM-6 PM,10 AM-6 PM,Lat 38.4045864,Lng -96.1799849,https://www.google.com/maps/place/?q=place_id:ChIJ_2D92p1OuYcRjV3_CA97-lw,https://www.google.com/search?kgmid=/g/1tf760j0,https://lh5.googleusercontent.com/p/AF1QipPLHkBxkAzXIRL0pKEV2ekF3y30mH-fjd6yOIAr,"https://t1.gstatic.com/faviconV2?client=SOCIAL&type=FAVICON&fallback_opts=TYPE,SIZE,URL&url=http://www.ridehighgear.com/&size=48","https://search.google.com/local/reviews?placeid=ChIJ_2D92p1OuYcRjV3_CA97-lw&q=bicycle+shop+near+Dodge,+Kansas,+USA&authuser=0&hl=en",, , ,,
Trek Bicycle Shawnee,10412 Shawnee Mission Pkwy  Shawnee  KS 66203  United States,10412 Shawnee Mission Pkwy,Shawnee,66203,Kansas,US,America/Chicago,19136316800,,https://www.trekbikes.com/us/en_US/retail/shawnee/?y_source=1_MTM3ODM1NDktNzE1LWxvY2F0aW9uLndlYnNpdGU%3D,trekbikes.com,Bicycle store,Bicycle repair shop,Yes,676,4.8,open,"Saturday, 10 AM-6 PM; Sunday, 12-5 PM; Monday, 11 AM-6 PM; Tuesday, 11 AM-6 PM; Wednesday, 11 AM-6 PM; Thursday, 11 AM-6 PM; Friday, 11 AM-6 PM; ",10 AM-6 PM,12-5 PM,11 AM-6 PM,11 AM-6 PM,11 AM-6 PM,11 AM-6 PM,11 AM-6 PM,Lat 39.0158681,Lng -94.7078384,https://www.google.com/maps/place/?q=place_id:ChIJ_4XmKN7swIcR-2ONZ-ZGhlo,https://www.google.com/search?kgmid=/g/1tjgq31y,https://lh5.googleusercontent.com/p/AF1QipPDPvbHm0jfu_ZXHOIPw19cthX4TIwldQxn6TCe,"https://t1.gstatic.com/faviconV2?client=SOCIAL&type=FAVICON&fallback_opts=TYPE,SIZE,URL&url=https://www.trekbikes.com/us/en_US/retail/shawnee/?y_source=1_MTM3ODM1NDktNzE1LWxvY2F0aW9uLndlYnNpdGU%3D&size=48","https://search.google.com/local/reviews?placeid=ChIJ_4XmKN7swIcR-2ONZ-ZGhlo&q=bicycle+shop+near+Pleasant+Valley,+Missouri,+USA&authuser=0&hl=en",,https://www.facebook.com/TrekBicycleShawnee,https://twitter.com/trekbikes,https://instagram.com/trekbikes/,https://www.youtube.com/user/trekbikesusa
Bicycle Pedaler,330 N Rock Rd  Wichita  KS 67206  United States,330 N Rock Rd,Wichita,67206,Kansas,US,America/Chicago,13166854545,,http://bicyclepedaler.com/,bicyclepedaler.com,Bicycle store, ,Yes,170,4.8,open,"Friday, 10 AM-6 PM; Saturday, 10 AM-5 PM; Sunday, Closed; Monday, 10 AM-6 PM; Tuesday, 10 AM-6 PM; Wednesday, 10 AM-6 PM; Thursday, 10 AM-6 PM; ",10 AM-5 PM,Closed,10 AM-6 PM,10 AM-6 PM,10 AM-6 PM,10 AM-6 PM,10 AM-6 PM,Lat 37.691423,Lng -97.243532,https://www.google.com/maps/place/?q=place_id:ChIJ6-G_X5X8uocRsuJk4tX0MGs,https://www.google.com/search?kgmid=/g/1td4f1sn,https://lh5.googleusercontent.com/p/CIHM0ogKEICAgID4vLmOvQE,"https://t1.gstatic.com/faviconV2?client=SOCIAL&type=FAVICON&fallback_opts=TYPE,SIZE,URL&url=http://bicyclepedaler.com/&size=48","https://search.google.com/local/reviews?placeid=ChIJ6-G_X5X8uocRsuJk4tX0MGs&q=bicycle+shop+near+Dodge,+Kansas,+USA&authuser=0&hl=en",13166854545,https://www.facebook.com/thebicyclepedaler/,https://twitter.com/bicyclepedaler,https://www.instagram.com/bicyclepedaler/,
Bikes For The Likes Of Us,105 S Kansas Ave  Olathe  KS 66061  United States,105 S Kansas Ave,Olathe,66061,Kansas,US,America/Chicago,19137642453,,http://www.bikesforthelikesofus.com/,bikesforthelikesofus.com,Bicycle store, ,Yes,151,4.4,open,"Saturday, 9 AM-5 PM; Sunday, Closed; Monday, 10 AM-7 PM; Tuesday, 10 AM-7 PM; Wednesday, Closed; Thursday, 10 AM-7 PM; Friday, 10 AM-6 PM; ",9 AM-5 PM,Closed,10 AM-7 PM,10 AM-7 PM,Closed,10 AM-7 PM,10 AM-6 PM,Lat 38.881662899999995,Lng -94.8209071,https://www.google.com/maps/place/?q=place_id:ChIJ8fwQYiK-wIcRAd9-zS2ayQ4,https://www.google.com/search?kgmid=/g/11cm_qkbgc,https://lh5.googleusercontent.com/p/CIHM0ogKEICAgIDEo7WVPQ,"https://t1.gstatic.com/faviconV2?client=SOCIAL&type=FAVICON&fallback_opts=TYPE,SIZE,URL&url=http://www.bikesforthelikesofus.com/&size=48","https://search.google.com/local/reviews?placeid=ChIJ8fwQYiK-wIcRAd9-zS2ayQ4&q=bicycle+shop+near+Ellsworth,+Kansas,+USA&authuser=0&hl=en",, , , , 
Elite Cycling,4563 Indian Creek Pkwy  Overland Park  KS 66207  United States,4563 Indian Creek Pkwy,Overland Park,66207,Kansas,US,America/Chicago,19132585101,,http://elitecycling.com/,elitecycling.com,Bicycle store, ,Yes,111,4.7,open,"Friday, 10 AM-6 PM; Saturday, 10 AM-5 PM; Sunday, 12-5 PM; Monday, Closed; Tuesday, 10 AM-6 PM; Wednesday, 10 AM-6 PM; Thursday, 10 AM-6 PM; ",10 AM-5 PM,12-5 PM,Closed,10 AM-6 PM,10 AM-6 PM,10 AM-6 PM,10 AM-6 PM,Lat 38.9359059,Lng -94.63742789999999,https://www.google.com/maps/place/?q=place_id:ChIJA05S5x3wwIcR-qRLcktzj3Y,https://www.google.com/search?kgmid=/g/1td2m_sn,https://lh5.googleusercontent.com/p/CIHM0ogKEICAgICkyN_lYQ,"https://t1.gstatic.com/faviconV2?client=SOCIAL&type=FAVICON&fallback_opts=TYPE,SIZE,URL&url=http://elitecycling.com/&size=48","https://search.google.com/local/reviews?placeid=ChIJA05S5x3wwIcR-qRLcktzj3Y&q=bicycle+shop+near+Dodge,+Kansas,+USA&authuser=0&hl=en",913-258-5101,https://www.facebook.com/EliteCycling/,https://twitter.com/elitecycling,,
Southwind Cycle and Outdoor Lenexa,13624 W 87th St Pkwy  Lenexa  KS 66215  United States,13624 W 87th St Pkwy,Lenexa,66215,Kansas,US,America/Chicago,19138880533,,http://southwindcycle.com/,southwindcycle.com,Bicycle store, ,Yes,184,4.9,open,"Saturday, 10 AM-5 PM; Sunday, Closed; Monday, Closed; Tuesday, 10 AM-6 PM; Wednesday, 10 AM-6 PM; Thursday, 10 AM-6 PM; Friday, 10 AM-6 PM; ",10 AM-5 PM,Closed,Closed,10 AM-6 PM,10 AM-6 PM,10 AM-6 PM,10 AM-6 PM,Lat 38.9719379,Lng -94.7441908,https://www.google.com/maps/place/?q=place_id:ChIJBUTmx7uUwIcR_0kFMRezHXw,https://www.google.com/search?kgmid=/g/12jbv7y0h,https://lh5.googleusercontent.com/p/CIHM0ogKEICAgIC88b3xEw,"https://t1.gstatic.com/faviconV2?client=SOCIAL&type=FAVICON&fallback_opts=TYPE,SIZE,URL&url=http://southwindcycle.com/&size=48","https://search.google.com/local/reviews?placeid=ChIJBUTmx7uUwIcR_0kFMRezHXw&q=bicycle+shop+near+Galena,+Kansas,+USA&authuser=0&hl=en",1-620-228-5566 | 1-913-888-0533 | 1-620-231-2212,http://facebook.com/southwindcycle, ,http://instagram.com/southwindcycle,
Ride On,14 W Spruce  Miltonvale  KS 67466  United States,14 W Spruce,Miltonvale,67466,Kansas,US,America/Chicago,17854130348,,https://rideonmiltonvale.com/,rideonmiltonvale.com,Bicycle store, ,Yes,2,5,open,"Saturday, Closed; Sunday, Closed; Monday, 10 AM-5 PM; Tuesday, 10 AM-5 PM; Wednesday, 10 AM-5 PM; Thursday, 10 AM-5 PM; Friday, 10 AM-5 PM; ",Closed,Closed,10 AM-5 PM,10 AM-5 PM,10 AM-5 PM,10 AM-5 PM,10 AM-5 PM,Lat 39.349117799999995,Lng -97.4488798,https://www.google.com/maps/place/?q=place_id:ChIJcQ6wKhg-vYcRkrsUpIhR5qU,https://www.google.com/search?kgmid=/g/11d_bbcb4d,https://lh5.googleusercontent.com/p/AF1QipPixidql7ZazGnjZwVcGaqSFUcOngbuTzIXhNh3,"https://t1.gstatic.com/faviconV2?client=SOCIAL&type=FAVICON&fallback_opts=TYPE,SIZE,URL&url=https://rideonmiltonvale.com/&size=48","https://search.google.com/local/reviews?placeid=ChIJcQ6wKhg-vYcRkrsUpIhR5qU&q=bicycle+shop+near+Ellsworth,+Kansas,+USA&authuser=0&hl=en",,https://www.facebook.com/RideOnMiltonvale, ,,
Trek Bicycle Lawrence,2525 Iowa St  Lawrence  KS 66046  United States,2525 Iowa St,Lawrence,66046,Kansas,US,America/Chicago,17853365506,,https://www.trekbikes.com/us/en_US/retail/lawrence/?y_source=1_MTQ1OTU4MzQtNzE1LWxvY2F0aW9uLndlYnNpdGU%3D,trekbikes.com,Bicycle store,Bicycle repair shop,Yes,289,4.9,open,"Saturday, 10 AM-5 PM; Sunday, 12-4 PM; Monday, Closed; Tuesday, 11 AM-6 PM; Wednesday, 11 AM-6 PM; Thursday, 11 AM-6 PM; Friday, 11 AM-6 PM; ",10 AM-5 PM,12-4 PM,Closed,11 AM-6 PM,11 AM-6 PM,11 AM-6 PM,11 AM-6 PM,Lat 38.937903,Lng -95.26195899999999,https://www.google.com/maps/place/?q=place_id:ChIJD0ZDt75pv4cRECJhEvp6xxY,https://www.google.com/search?kgmid=/g/11h_tb9_m4,https://lh5.googleusercontent.com/p/AF1QipPyfe5HnyvxMa6e1GiCA2XWKUNLerF5193E-2_s,"https://t1.gstatic.com/faviconV2?client=SOCIAL&type=FAVICON&fallback_opts=TYPE,SIZE,URL&url=https://www.trekbikes.com/us/en_US/retail/lawrence/?y_source=1_MTQ1OTU4MzQtNzE1LWxvY2F0aW9uLndlYnNpdGU%3D&size=48","https://search.google.com/local/reviews?placeid=ChIJD0ZDt75pv4cRECJhEvp6xxY&q=bicycle+shop+near+Ellsworth,+Kansas,+USA&authuser=0&hl=en",,https://www.facebook.com/TrekBicycleLawrence,https://twitter.com/trekbikes,https://instagram.com/trekbikes/,https://www.youtube.com/user/trekbikesusa
Golden Belt Bicycle Company,2006 Forest Ave  Great Bend  KS 67530  United States,2006 Forest Ave,Great Bend,67530,Kansas,US,America/Chicago,16207937060,,https://www.facebook.com/GoldenBeltBicycleCompany/,facebook.com,Bicycle store,Bicycle repair shop,Yes,37,4.3,open,"Saturday, 10 AM-3 PM; Sunday, Closed; Monday, Closed; Tuesday, 10 AM-6 PM; Wednesday, 10 AM-6 PM; Thursday, 10 AM-6 PM; Friday, 10 AM-6 PM; ",10 AM-3 PM,Closed,Closed,10 AM-6 PM,10 AM-6 PM,10 AM-6 PM,10 AM-6 PM,Lat 38.3655824,Lng -98.76561029999999,https://www.google.com/maps/place/?q=place_id:ChIJD2U5DDSKo4cRDxeXJnfFE8E,https://www.google.com/search?kgmid=/g/1t_tkt4x,https://lh5.googleusercontent.com/p/CIHM0ogKEICAgIDRpe2ogwE,"https://t1.gstatic.com/faviconV2?client=SOCIAL&type=FAVICON&fallback_opts=TYPE,SIZE,URL&url=https://www.facebook.com/GoldenBeltBicycleCompany/&size=48","https://search.google.com/local/reviews?placeid=ChIJD2U5DDSKo4cRDxeXJnfFE8E&q=bicycle+shop+near+Ellsworth,+Kansas,+USA&authuser=0&hl=en",,https://www.facebook.com/recover/initiate/?ars=facebook_login&cancel_lara_pswd=0&next=https%3A%2F%2Fwww.facebook.com%2FGoldenBeltBicycleCompany%2F, ,https://l.facebook.com/l.php?u=https%3A%2F%2Fwww.instagram.com%2F&h=AT0BPSDtHYM1hU_bOfTX_--mZtikRwudCAwSr3FGzDpF3du5dtLIKELDlZGGDSSIhn2oz-mEywbehnz0tgqzAh1hChBIenBO_8Jaar5ei5G8o_-uj8q5UvB4Qd8QLwgERc-SyD-6fQYKSPF1QZXorg,
The Pathfinder,304 Poyntz Ave  Manhattan  KS 66502  United States,304 Poyntz Ave,Manhattan,66502,Kansas,US,America/Chicago,17855395639,,http://www.thepathfinder.net/,thepathfinder.net,Bicycle store,Bicycle repair shop,Yes,136,4.8,open,"Saturday, 10 AM-6 PM; Sunday, 12-4 PM; Monday, 10 AM-6 PM; Tuesday, 10 AM-6 PM; Wednesday, 10 AM-6 PM; Thursday, 10 AM-6 PM; Friday, 10 AM-6 PM; ",10 AM-6 PM,12-4 PM,10 AM-6 PM,10 AM-6 PM,10 AM-6 PM,10 AM-6 PM,10 AM-6 PM,Lat 39.1796429,Lng -96.5605322,https://www.google.com/maps/place/?q=place_id:ChIJe3TqpGHSvYcRYR4Tgi7DX60,https://www.google.com/search?kgmid=/g/1tplqvbv,https://lh5.googleusercontent.com/p/AF1QipPPB9LzK-REPw2Sa3CAZOqiy1twL5FE-gsvmTrq,"https://t1.gstatic.com/faviconV2?client=SOCIAL&type=FAVICON&fallback_opts=TYPE,SIZE,URL&url=http://www.thepathfinder.net/&size=48","https://search.google.com/local/reviews?placeid=ChIJe3TqpGHSvYcRYR4Tgi7DX60&q=bicycle+shop+near+Ellsworth,+Kansas,+USA&authuser=0&hl=en",(785) 539-5639, , ,,
Bicycle X-Change Shops,908 W Douglas Ave  Wichita  KS 67203  United States,908 W Douglas Ave,Wichita,67203,Kansas,US,America/Chicago,13162629878,,http://www.bicyclex-change.com/,bicyclex-change.com,Bicycle store,Bicycle rental service,Yes,388,4.5,open,"Friday, 10 AM-6 PM; Saturday, 10 AM-6 PM; Sunday, Closed; Monday, 10 AM-6 PM; Tuesday, 10 AM-6 PM; Wednesday, 10 AM-6 PM; Thursday, 10 AM-6 PM; ",10 AM-6 PM,Closed,10 AM-6 PM,10 AM-6 PM,10 AM-6 PM,10 AM-6 PM,10 AM-6 PM,Lat 37.684191,Lng -97.3510608,https://www.google.com/maps/place/?q=place_id:ChIJe3xsI-DjuocRQDN7DZhfaY0,https://www.google.com/search?kgmid=/g/1tgfdwy0,https://lh5.googleusercontent.com/p/AF1QipNmUA9nWuzIPx9jLnSTX5fsP4Mga_q39qVm_cRU,"https://t1.gstatic.com/faviconV2?client=SOCIAL&type=FAVICON&fallback_opts=TYPE,SIZE,URL&url=http://www.bicyclex-change.com/&size=48","https://search.google.com/local/reviews?placeid=ChIJe3xsI-DjuocRQDN7DZhfaY0&q=bicycle+shop+near+Dodge,+Kansas,+USA&authuser=0&hl=en",,https://www.facebook.com/bicyclexchange,https://twitter.com/BicycleXchange1,https://www.instagram.com/bicyclexchange/,
Southwind Cycle and Outdoor,511 N Broadway St  Pittsburg  KS 66762  United States,511 N Broadway St,Pittsburg,66762,Kansas,US,America/Chicago,16202312212,,http://southwindcycle.com/,southwindcycle.com,Bicycle store, ,Yes,30,4.9,open,"Saturday, 11 AM-5 PM; Sunday, Closed; Monday, Closed; Tuesday, 11 AM-6 PM; Wednesday, 11 AM-6 PM; Thursday, 11 AM-6 PM; Friday, 11 AM-6 PM; ",11 AM-5 PM,Closed,Closed,11 AM-6 PM,11 AM-6 PM,11 AM-6 PM,11 AM-6 PM,Lat 37.412548699999995,Lng -94.705056,https://www.google.com/maps/place/?q=place_id:ChIJe4xrx53Dx4cRvbrFgc6fv8Y,https://www.google.com/search?kgmid=/g/11pyjc_1z0,https://lh5.googleusercontent.com/p/AF1QipMkuXVp4r2vgcxCVJiyhBXpBX-La1PYpsme9q-E,"https://t1.gstatic.com/faviconV2?client=SOCIAL&type=FAVICON&fallback_opts=TYPE,SIZE,URL&url=http://southwindcycle.com/&size=48","https://search.google.com/local/reviews?placeid=ChIJe4xrx53Dx4cRvbrFgc6fv8Y&q=bicycle+shop+near+Galena,+Kansas,+USA&authuser=0&hl=en",1-620-228-5566 | 1-913-888-0533 | 1-620-231-2212,http://facebook.com/southwindcycle, ,http://instagram.com/southwindcycle,
E-BIKE Sales  Rental  Repair Kansas,2026 E Santa Fe St  Olathe  KS 66062  United States,2026 E Santa Fe St,Olathe,66062,Kansas,US,America/Chicago,,,https://www.high5ebike.com/,high5ebike.com,Bicycle store, ,Yes,8,2.8,open,"Friday, 11 AM-5 PM; Saturday, Closed; Sunday, Closed; Monday, 11 AM-5 PM; Tuesday, 11 AM-5 PM; Wednesday, 11 AM-5 PM; Thursday, 11 AM-5 PM; ",Closed,Closed,11 AM-5 PM,11 AM-5 PM,11 AM-5 PM,11 AM-5 PM,11 AM-5 PM,Lat 38.885071499999995,Lng -94.78098159999999,https://www.google.com/maps/place/?q=place_id:ChIJE5OOwn6_wIcRsZaPdSB9oBM,https://www.google.com/search?kgmid=/g/11ltqp9wtp,https://lh5.googleusercontent.com/p/AF1QipOWwtCYIJq-Qe41H8LAcipgxkTIVcfZ28QCgjlt,"https://t1.gstatic.com/faviconV2?client=SOCIAL&type=FAVICON&fallback_opts=TYPE,SIZE,URL&url=https://www.high5ebike.com/&size=48","https://search.google.com/local/reviews?placeid=ChIJE5OOwn6_wIcRsZaPdSB9oBM&q=bicycle+shop+near+Spring+Hill,+Kansas,+USA&authuser=0&hl=en",, , ,,
Sunflower Outdoor & Bike Shop,804 Massachusetts St  Lawrence  KS 66044  United States,804 Massachusetts St,Lawrence,66044,Kansas,US,America/Chicago,17858435000,,http://www.sunfloweroutdoorandbike.com/,sunfloweroutdoorandbike.com,Bicycle store,Bicycle rental service,Yes,670,4.8,open,"Saturday, 10 AM-6 PM; Sunday, 10 AM-6 PM; Monday, Closed; Tuesday, 10 AM-6 PM; Wednesday, 10 AM-6 PM; Thursday, 10 AM-6 PM; Friday, 10 AM-6 PM; ",10 AM-6 PM,10 AM-6 PM,Closed,10 AM-6 PM,10 AM-6 PM,10 AM-6 PM,10 AM-6 PM,Lat 38.9690939,Lng -95.2356112,https://www.google.com/maps/place/?q=place_id:ChIJg5bKYFtvv4cRJUgW3fU0Z6w,https://www.google.com/search?kgmid=/g/1tg5cmjp,https://lh5.googleusercontent.com/p/CIHM0ogKEICAgIC48vTPHQ,"https://t1.gstatic.com/faviconV2?client=SOCIAL&type=FAVICON&fallback_opts=TYPE,SIZE,URL&url=http://www.sunfloweroutdoorandbike.com/&size=48","https://search.google.com/local/reviews?placeid=ChIJg5bKYFtvv4cRJUgW3fU0Z6w&q=bicycle+shop+near+Galena,+Kansas,+USA&authuser=0&hl=en",17858435000,https://www.facebook.com/sunfloweroutdoorandbike/,https://twitter.com/sunflowerbike,https://www.instagram.com/sunfloweroutdoorandbikeshop/,https://www.youtube.com/channel/UCjhwzJuGq48nc2aB7OuXZ4w
Bike Tek,660 S Ohio St  Salina  KS 67401  United States,660 S Ohio St,Salina,67401,Kansas,US,America/Chicago,17858257314,,http://www.biketekusa.com/,biketekusa.com,Bicycle store, ,No,53,4.8,open,"Saturday, 10 AM-3 PM; Sunday, Closed; Monday, 10 AM-6 PM; Tuesday, 10 AM-6 PM; Wednesday, 10 AM-6 PM; Thursday, 10 AM-6 PM; Friday, 10 AM-6 PM; ",10 AM-3 PM,Closed,10 AM-6 PM,10 AM-6 PM,10 AM-6 PM,10 AM-6 PM,10 AM-6 PM,Lat 38.827659,Lng -97.5944712,https://www.google.com/maps/place/?q=place_id:ChIJiZN2b-HFvIcRQ5JRPZRAPBM,https://www.google.com/search?kgmid=/g/1tfbj7bx,https://lh5.googleusercontent.com/p/CIHM0ogKEICAgIDEjrOABA,"https://t1.gstatic.com/faviconV2?client=SOCIAL&type=FAVICON&fallback_opts=TYPE,SIZE,URL&url=http://www.biketekusa.com/&size=48","https://search.google.com/local/reviews?placeid=ChIJiZN2b-HFvIcRQ5JRPZRAPBM&q=bicycle+shop+near+Ellsworth,+Kansas,+USA&authuser=0&hl=en",, , ,,
Eclectic Bikes,823 Commercial St  Emporia  KS 66801  United States,823 Commercial St,Emporia,66801,Kansas,US,America/Chicago,16202086200,,http://www.eclecticbikes.com/,eclecticbikes.com,Bicycle store,Bicycle rental service,Yes,16,4.9,open,"Friday, 10 AM-6 PM; Saturday, 10 AM-4 PM; Sunday, Closed; Monday, Closed; Tuesday, 10 AM-6 PM; Wednesday, 10 AM-6 PM; Thursday, 10 AM-6 PM; ",10 AM-4 PM,Closed,Closed,10 AM-6 PM,10 AM-6 PM,10 AM-6 PM,10 AM-6 PM,Lat 38.408263999999996,Lng -96.180543,https://www.google.com/maps/place/?q=place_id:ChIJJaviFydMuYcRfdITt_sMSYc,https://www.google.com/search?kgmid=/g/11c1xj570j,https://lh5.googleusercontent.com/p/AF1QipPcEsS3elulUQIwtG-KvSDmrJzMg70g1HQly8pe,"https://t1.gstatic.com/faviconV2?client=SOCIAL&type=FAVICON&fallback_opts=TYPE,SIZE,URL&url=http://www.eclecticbikes.com/&size=48","https://search.google.com/local/reviews?placeid=ChIJJaviFydMuYcRfdITt_sMSYc&q=bicycle+shop+near+Dodge,+Kansas,+USA&authuser=0&hl=en",, , ,,
PHOENIX BIKE WRX,109 W Texcoco St  Montezuma  KS 67867  United States,109 W Texcoco St,Montezuma,67867,Kansas,US,America/Chicago,16208462209,,http://phoenixbikewrx.com/,phoenixbikewrx.com,Bicycle store, ,Yes,16,4.9,open,"Friday, 9 AM-5 PM; Saturday, Closed; Sunday, Closed; Monday, 9 AM-5 PM; Tuesday, 9 AM-5 PM; Wednesday, 9 AM-5 PM; Thursday, 9 AM-5 PM; ",Closed,Closed,9 AM-5 PM,9 AM-5 PM,9 AM-5 PM,9 AM-5 PM,9 AM-5 PM,Lat 37.5980287,Lng -100.447261,https://www.google.com/maps/place/?q=place_id:ChIJJyJSkvh5p4cRIEuamvtGisQ,https://www.google.com/search?kgmid=/g/11byl3fj5q,https://lh5.googleusercontent.com/p/AF1QipNS43c7koKEK_O0FuSYm4V5v7w0Z8BYNn-7VfQ,"https://t1.gstatic.com/faviconV2?client=SOCIAL&type=FAVICON&fallback_opts=TYPE,SIZE,URL&url=http://phoenixbikewrx.com/&size=48","https://search.google.com/local/reviews?placeid=ChIJJyJSkvh5p4cRIEuamvtGisQ&q=bicycle+shop+near+Dodge,+Kansas,+USA&authuser=0&hl=en",, , ,,
Onestar Bicycles,2402 S Mill St  Kansas City  KS 66103  United States,2402 S Mill St,Kansas City,66103,Kansas,US,America/Chicago,18167565510,,http://facebook.com/onestarbicycles,facebook.com,Bicycle store, ,Yes,68,4.5,open,"Saturday, Closed; Sunday, Closed; Monday, Closed; Tuesday, Closed; Wednesday, 10 AM-3 PM; Thursday, 10 AM-3 PM; Friday, 10 AM-3 PM; ",Closed,Closed,Closed,Closed,10 AM-3 PM,10 AM-3 PM,10 AM-3 PM,Lat 39.0585757,Lng -94.6306413,https://www.google.com/maps/place/?q=place_id:ChIJLYNQFBzuwIcRKx-6lMcSV2E,https://www.google.com/search?kgmid=/g/11f3xqgnxb,https://lh5.googleusercontent.com/p/AF1QipN3pZldSmPDgWGMN2M4QZNMnMZMgJwvCuPDnSCM,"https://t1.gstatic.com/faviconV2?client=SOCIAL&type=FAVICON&fallback_opts=TYPE,SIZE,URL&url=http://facebook.com/onestarbicycles&size=48","https://search.google.com/local/reviews?placeid=ChIJLYNQFBzuwIcRKx-6lMcSV2E&q=bicycle+shop+near+Pleasant+Valley,+Missouri,+USA&authuser=0&hl=en",,https://www.facebook.com/recover/initiate/?ars=facebook_login&cancel_lara_pswd=0&next=https%3A%2F%2Fwww.facebook.com%2Fonestarbicycles, ,https://l.facebook.com/l.php?u=https%3A%2F%2Fwww.instagram.com%2F&h=AT1GFrIn2LyRZtMBXyxfD-hIneSYpSJA081BFuJYsL_Oaii25bOTBG-xtwKq21UdNuL4EzrsOqR8P4EsvDABQKZW7NnrcZLLacbEvP2ip9BgeZfH02wfUj6ABawL-69VKarSuCQak8uJ7MahUPLf0g,
Southwind Cycle and Outdoor,17 E Madison Ave  Iola  KS 66749  United States,17 E Madison Ave,Iola,66749,Kansas,US,America/Chicago,16202285566,,http://southwindcycle.com/,southwindcycle.com,Bicycle store, ,Yes,27,5,open,"Friday, 11 AM-6 PM; Saturday, 11 AM-5 PM; Sunday, Closed; Monday, Closed; Tuesday, 11 AM-6 PM; Wednesday, 11 AM-6 PM; Thursday, 11 AM-6 PM; ",11 AM-5 PM,Closed,Closed,11 AM-6 PM,11 AM-6 PM,11 AM-6 PM,11 AM-6 PM,Lat 37.9212212,Lng -95.4038272,https://www.google.com/maps/place/?q=place_id:ChIJoVxc-bn1uIcRKw9yakuGBhc,https://www.google.com/search?kgmid=/g/11gm_hd5b3,https://lh5.googleusercontent.com/p/CIHM0ogKEICAgICE9rbFvQE,"https://t1.gstatic.com/faviconV2?client=SOCIAL&type=FAVICON&fallback_opts=TYPE,SIZE,URL&url=http://southwindcycle.com/&size=48","https://search.google.com/local/reviews?placeid=ChIJoVxc-bn1uIcRKw9yakuGBhc&q=bicycle+shop+near+Dodge,+Kansas,+USA&authuser=0&hl=en",1-620-228-5566 | 1-913-888-0533 | 1-620-231-2212,http://facebook.com/southwindcycle, ,http://instagram.com/southwindcycle,
Capp's Bike Shop & Fitness,2917 SW Topeka Blvd  Topeka  KS 66611  United States,2917 SW Topeka Blvd,Topeka,66611,Kansas,US,America/Chicago,17852665900,,http://cappsbikeshop.com/,cappsbikeshop.com,Bicycle store,Bicycle repair shop,Yes,384,4.8,open,"Friday, 10 AM-6 PM; Saturday, 9 AM-3 PM; Sunday, Closed; Monday, 10 AM-6 PM; Tuesday, 10 AM-6 PM; Wednesday, 10 AM-6 PM; Thursday, Closed; ",9 AM-3 PM,Closed,10 AM-6 PM,10 AM-6 PM,10 AM-6 PM,Closed,10 AM-6 PM,Lat 39.0139129,Lng -95.6893946,https://www.google.com/maps/place/?q=place_id:ChIJp020X9Ucv4cRsUi1OQBtCOI,https://www.google.com/search?kgmid=/g/1v3lqgnx,https://lh5.googleusercontent.com/p/CIHM0ogKEICAgIDE0tnungE,"https://t1.gstatic.com/faviconV2?client=SOCIAL&type=FAVICON&fallback_opts=TYPE,SIZE,URL&url=http://cappsbikeshop.com/&size=48","https://search.google.com/local/reviews?placeid=ChIJp020X9Ucv4cRsUi1OQBtCOI&q=bicycle+shop+near+Dodge,+Kansas,+USA&authuser=0&hl=en",1-785-266-5900,https://www.facebook.com/Capps-Bike-Shop-117857759236/, ,,
Bike America,9514 Nall Ave  Overland Park  KS 66207  United States,9514 Nall Ave,Overland Park,66207,Kansas,US,America/Chicago,19133815431,,http://bikekc.com/,bikekc.com,Bicycle store,Sporting goods store,Yes,242,4,open,"Friday, 10 AM-6 PM; Saturday, 10 AM-6 PM; Sunday, 12-5 PM; Monday, 10 AM-7 PM; Tuesday, 10 AM-7 PM; Wednesday, 10 AM-7 PM; Thursday, 10 AM-7 PM; ",10 AM-6 PM,12-5 PM,10 AM-7 PM,10 AM-7 PM,10 AM-7 PM,10 AM-7 PM,10 AM-6 PM,Lat 38.9557274,Lng -94.6510586,https://www.google.com/maps/place/?q=place_id:ChIJQ4sQZ97rwIcREBMeU9fRCzY,https://www.google.com/search?kgmid=/g/1tf6mqvz,https://lh5.googleusercontent.com/p/CIHM0ogKEICAgID4h8arNg,"https://t1.gstatic.com/faviconV2?client=SOCIAL&type=FAVICON&fallback_opts=TYPE,SIZE,URL&url=http://bikekc.com/&size=48","https://search.google.com/local/reviews?placeid=ChIJQ4sQZ97rwIcREBMeU9fRCzY&q=bicycle+shop+near+Dodge,+Kansas,+USA&authuser=0&hl=en",816-524-1819 | 913-381-5431, , ,,
Spoke 'n Things,208 N Summit St  Arkansas City  KS 67005  United States,208 N Summit St,Arkansas City,67005,Kansas,US,America/Chicago,16204421500,,http://www.kansascyclist.com/bikeshops/SpokenThings.html,kansascyclist.com,Bicycle store, ,No,34,4.7,open,"Friday, 12-6:30 PM; Saturday, 9 AM-4 PM; Sunday, Closed; Monday, Closed; Tuesday, 12-6:30 PM; Wednesday, 12-6:30 PM; Thursday, 12-6:30 PM; ",9 AM-4 PM,Closed,Closed,12-6:30 PM,12-6:30 PM,12-6:30 PM,12-6:30 PM,Lat 37.063981999999996,Lng -97.038608,https://www.google.com/maps/place/?q=place_id:ChIJs98D0bmBsIcR1-kxDrsz-yc,https://www.google.com/search?kgmid=/g/1tdd15r8,https://lh5.googleusercontent.com/p/CIHM0ogKEICAgICk2eqszAE,"https://t1.gstatic.com/faviconV2?client=SOCIAL&type=FAVICON&fallback_opts=TYPE,SIZE,URL&url=http://www.kansascyclist.com/bikeshops/SpokenThings.html&size=48","https://search.google.com/local/reviews?placeid=ChIJs98D0bmBsIcR1-kxDrsz-yc&q=bicycle+shop+near+Junction,+Kansas,+USA&authuser=0&hl=en",,http://www.facebook.com/kansascyclist,http://twitter.com/kansascyclist,https://www.instagram.com/kansascyclist/,
Harley's Bicycles,107 N Main St  Hutchinson  KS 67501  United States,107 N Main St,Hutchinson,67501,Kansas,US,America/Chicago,16206634321,,https://www.harleysbicycles.com/,harleysbicycles.com,Bicycle store,Bicycle repair shop,Yes,129,4.8,open,"Saturday, 9 AM-4 PM; Sunday, Closed; Monday, Closed; Tuesday, 9 AM-6 PM; Wednesday, 9 AM-6 PM; Thursday, 9 AM-6 PM; Friday, 9 AM-6 PM; ",9 AM-4 PM,Closed,Closed,9 AM-6 PM,9 AM-6 PM,9 AM-6 PM,9 AM-6 PM,Lat 38.0538745,Lng -97.9323458,https://www.google.com/maps/place/?q=place_id:ChIJU5F1oMS3pIcR_ERmtVSFxKM,https://www.google.com/search?kgmid=/g/1tdzx6w6,https://lh5.googleusercontent.com/p/CIHM0ogKEICAgIDExYu9YQ,"https://t1.gstatic.com/faviconV2?client=SOCIAL&type=FAVICON&fallback_opts=TYPE,SIZE,URL&url=https://www.harleysbicycles.com/&size=48","https://search.google.com/local/reviews?placeid=ChIJU5F1oMS3pIcR_ERmtVSFxKM&q=bicycle+shop+near+Ellsworth,+Kansas,+USA&authuser=0&hl=en",16206634321,https://www.facebook.com/harleys.bicycles/, ,https://www.instagram.com/harleysbicycles/,
Bicycle X-Change Shops,1516 E Central Ave  Wichita  KS 67214  United States,1516 E Central Ave,Wichita,67214,Kansas,US,America/Chicago,13162646427,,https://bicyclex-change.com/,bicyclex-change.com,Bicycle store, ,No,160,4.3,open,"Saturday, 10 AM-6 PM; Sunday, Closed; Monday, Closed; Tuesday, 10 AM-6 PM; Wednesday, 10 AM-6 PM; Thursday, 10 AM-6 PM; Friday, 10 AM-6 PM; ",10 AM-6 PM,Closed,Closed,10 AM-6 PM,10 AM-6 PM,10 AM-6 PM,10 AM-6 PM,Lat 37.6937041,Lng -97.3198001,https://www.google.com/maps/place/?q=place_id:ChIJv9sSULvjuocRWH1yAWaJ7e0,https://www.google.com/search?kgmid=/g/1v3dsn2_,https://lh5.googleusercontent.com/p/CIHM0ogKEICAgICkld2s8gE,"https://t1.gstatic.com/faviconV2?client=SOCIAL&type=FAVICON&fallback_opts=TYPE,SIZE,URL&url=https://bicyclex-change.com/&size=48","https://search.google.com/local/reviews?placeid=ChIJv9sSULvjuocRWH1yAWaJ7e0&q=bicycle+shop+near+Ellsworth,+Kansas,+USA&authuser=0&hl=en",,https://www.facebook.com/bicyclexchange,https://twitter.com/BicycleXchange1,https://www.instagram.com/bicyclexchange/,
Gio’s Outdoors,2920 S 4th St H  Leavenworth  KS 66048  United States,2920 S 4th St H,Leavenworth,66048,Kansas,US,America/Chicago,19132505109,,http://giosoutdoors.com/,giosoutdoors.com,Bicycle store,Bait shop,Yes,12,4.9,open,"Friday, 10 AM-4 PM; Saturday, 10 AM-4 PM; Sunday, Closed; Monday, Closed; Tuesday, 10 AM-6 PM; Wednesday, 10 AM-4 PM; Thursday, 10 AM-4:30 PM; ",10 AM-4 PM,Closed,Closed,10 AM-6 PM,10 AM-4 PM,10 AM-4:30 PM,10 AM-4 PM,Lat 39.2869926,Lng -94.90660849999999,https://www.google.com/maps/place/?q=place_id:ChIJw8wKmBF9wIcR84QK_6H7NA0,https://www.google.com/search?kgmid=/g/11wxgpqvdw,https://lh5.googleusercontent.com/p/AF1QipO__J5MQvwwCIUW-X0JuPFPFFGY-5Mce0IqPjPE,"https://t1.gstatic.com/faviconV2?client=SOCIAL&type=FAVICON&fallback_opts=TYPE,SIZE,URL&url=http://giosoutdoors.com/&size=48","https://search.google.com/local/reviews?placeid=ChIJw8wKmBF9wIcR84QK_6H7NA0&q=bicycle+shop+near+Leavenworth,+Kansas,+USA&authuser=0&hl=en",,https://www.facebook.com/p/Gios-Outdoors-61556715486424/#, ,https://www.instagram.com/giosoutdoors/,
Cycle Works,2121 Kasold Dr # A  Lawrence  KS 66047  United States,2121 Kasold Dr # A,Lawrence,66047,Kansas,US,America/Chicago,17858426363,,https://www.kscycleworks.com/,kscycleworks.com,Bicycle store,Bicycle repair shop,Yes,151,4.6,open,"Friday, 10 AM-6 PM; Saturday, 10 AM-5 PM; Sunday, Closed; Monday, Closed; Tuesday, 10 AM-6 PM; Wednesday, 10 AM-6 PM; Thursday, 10 AM-6 PM; ",10 AM-5 PM,Closed,Closed,10 AM-6 PM,10 AM-6 PM,10 AM-6 PM,10 AM-6 PM,Lat 38.9452541,Lng -95.2801537,https://www.google.com/maps/place/?q=place_id:ChIJx9UwwjFpv4cRbZX22jehhkI,https://www.google.com/search?kgmid=/g/1tg3bmgj,https://lh5.googleusercontent.com/p/AF1QipN0oWMb_HEW4B9dJDw0JWwGkW7RDG3g8lkJyc-0,"https://t1.gstatic.com/faviconV2?client=SOCIAL&type=FAVICON&fallback_opts=TYPE,SIZE,URL&url=https://www.kscycleworks.com/&size=48","https://search.google.com/local/reviews?placeid=ChIJx9UwwjFpv4cRbZX22jehhkI&q=bicycle+shop+near+Dodge,+Kansas,+USA&authuser=0&hl=en",785-842-6363,https://www.facebook.com/cyclefix.bike, ,https://www.instagram.com/cycleworksks/,
Prairie.Bike LLC,2721 E Central Ave Suite 117  Wichita  KS 67214  United States,2721 E Central Ave Suite 117,Wichita,67214,Kansas,US,America/Chicago,13162621505,,http://prairie.bike/,prairie.bike,Bicycle store, ,Yes,113,4.9,open,"Friday, 10 AM-5 PM; Saturday, Closed; Sunday, Closed; Monday, 10 AM-1:30 PM | 3:45-6 PM; Tuesday, 10 AM-12 PM | 2:15-5 PM; Wednesday, 10 AM-1:30 PM | 3:45-6 PM; Thursday, 10 AM-12 PM | 2:15-5 PM; ",Closed,Closed,10 AM-1:30 PM | 3:45-6 PM,10 AM-12 PM | 2:15-5 PM,10 AM-1:30 PM | 3:45-6 PM,10 AM-12 PM | 2:15-5 PM,10 AM-5 PM,Lat 37.6933588,Lng -97.3042351,https://www.google.com/maps/place/?q=place_id:ChIJxXnuigPhuocRwbaOrtoFknU,https://www.google.com/search?kgmid=/g/1vd76fcd,https://lh5.googleusercontent.com/p/CIHM0ogKEICAgID4ksDDhQE,"https://t1.gstatic.com/faviconV2?client=SOCIAL&type=FAVICON&fallback_opts=TYPE,SIZE,URL&url=http://prairie.bike/&size=48","https://search.google.com/local/reviews?placeid=ChIJxXnuigPhuocRwbaOrtoFknU&q=bicycle+shop+near+Dodge,+Kansas,+USA&authuser=0&hl=en",,https://www.facebook.com/prairie.bike/, ,https://www.instagram.com/prairiebike/,
Factor Bikes,703 Commercial St  Emporia  KS 66801  United States,703 Commercial St,Emporia,66801,Kansas,US,America/Chicago,,,https://factorbikes.com/,factorbikes.com,Bicycle store, ,No,,,open,"Friday, 10 PM-12 AM; Saturday, 10 PM-12 AM; Sunday, Closed; Monday, Closed; Tuesday, Closed; Wednesday, 10 PM-12 AM; Thursday, 10 PM-12 AM; ",10 PM-12 AM,Closed,Closed,Closed,10 PM-12 AM,10 PM-12 AM,10 PM-12 AM,Lat 38.406440499999995,Lng -96.1805631,https://www.google.com/maps/place/?q=place_id:ChIJy8XZYQBNuYcR_CX5e346PxQ,https://www.google.com/search?kgmid=/g/11yd7kw1xb,https://lh5.googleusercontent.com/p/CIABIhDUgC2SbR9KvhmKr1LT9DQD,"https://t1.gstatic.com/faviconV2?client=SOCIAL&type=FAVICON&fallback_opts=TYPE,SIZE,URL&url=https://factorbikes.com/&size=48", ,,https://www.facebook.com/factorbikes/, ,https://www.instagram.com/factorbikes/,https://www.youtube.com/channel/UCEqdqcTAh58c9X5bYhbIaqw
REI,2774 N Greenwich Ct  Wichita  KS 67226  United States,2774 N Greenwich Ct,Wichita,67226,Kansas,US,America/Chicago,13167688865,,https://www.rei.com/stores/wichita?y_source=1_MTczMDYzNDgtNzE1LWxvY2F0aW9uLndlYnNpdGU=,rei.com,Bicycle repair shop,,Yes,224,4.5,open,"Saturday, 10 AM-8 PM; Sunday, 11 AM-6 PM; Monday, 10 AM-8 PM; Tuesday, 10 AM-8 PM; Wednesday, 10 AM-8 PM; Thursday, 10 AM-8 PM; Friday, 10 AM-8 PM; ",10 AM-8 PM,11 AM-6 PM,10 AM-8 PM,10 AM-8 PM,10 AM-8 PM,10 AM-8 PM,10 AM-8 PM,Lat 37.7329989,Lng -97.20712809999999,https://www.google.com/maps/place/?q=place_id:ChIJk-84vK_9uocRXNNpw748agE,https://www.google.com/search?kgmid=/g/11kh3b5f7_,https://lh5.googleusercontent.com/p/CIHM0ogKEICAgICmvtbA2AE,"https://t1.gstatic.com/faviconV2?client=SOCIAL&type=FAVICON&fallback_opts=TYPE,SIZE,URL&url=https://www.rei.com/stores/wichita?y_source=1_MTczMDYzNDgtNzE1LWxvY2F0aW9uLndlYnNpdGU=&size=48","https://search.google.com/local/reviews?placeid=ChIJk-84vK_9uocRXNNpw748agE&q=bicycle+shop+near+Clearwater,+Kansas,+USA&authuser=0&hl=en",13167688865,https://www.facebook.com/REI/, ,https://www.instagram.com/rei/,https://www.youtube.com/user/reifindout/
REI,6281 W 135th St  Overland Park  KS 66223  United States,6281 W 135th St,Overland Park,66223,Kansas,US,America/Chicago,19134021938,,https://www.rei.com/stores/overland-park?y_source=1_MTQ1MzQ2NS03MTUtbG9jYXRpb24ud2Vic2l0ZQ==,rei.com,Bicycle repair shop,,Yes,667,4.5,open,"Saturday, 10 AM-8 PM; Sunday, 11 AM-6 PM; Monday, 10 AM-8 PM; Tuesday, 10 AM-8 PM; Wednesday, 10 AM-8 PM; Thursday, 10 AM-8 PM; Friday, 10 AM-8 PM; ",10 AM-8 PM,11 AM-6 PM,10 AM-8 PM,10 AM-8 PM,10 AM-8 PM,10 AM-8 PM,10 AM-8 PM,Lat 38.8829948,Lng -94.6579242,https://www.google.com/maps/place/?q=place_id:ChIJw6_qcX_VxocRv_PsM-GbqiE,https://www.google.com/search?kgmid=/g/1q62dzqgm,https://lh5.googleusercontent.com/p/CIHM0ogKEICAgICOy_LicQ,"https://t1.gstatic.com/faviconV2?client=SOCIAL&type=FAVICON&fallback_opts=TYPE,SIZE,URL&url=https://www.rei.com/stores/overland-park?y_source=1_MTQ1MzQ2NS03MTUtbG9jYXRpb24ud2Vic2l0ZQ==&size=48","https://search.google.com/local/reviews?placeid=ChIJw6_qcX_VxocRv_PsM-GbqiE&q=bicycle+shop+near+Mountain+View,+Missouri,+USA&authuser=0&hl=en",19134021938,https://www.facebook.com/REI/, ,https://www.instagram.com/rei/,https://www.youtube.com/user/reifindout/
Swishifiedcycles,,,Rose Hill,,Kansas,US,America/Chicago,13165508461,theswish1979@gmail.com,http://www.swishifiedcycles.webador.com/,swishifiedcycles.webador.com,Used bicycle shop,Service establishment,Yes,1,5,open,"Saturday, 10 AM-9 PM; Sunday, Closed; Monday, 8 AM-7 PM; Tuesday, 8 AM-7 PM; Wednesday, 8 AM-7 PM; Thursday, 8 AM-7 PM; Friday, 10 AM-9 PM; ",10 AM-9 PM,Closed,8 AM-7 PM,8 AM-7 PM,8 AM-7 PM,8 AM-7 PM,10 AM-9 PM,Lat 37.664609,Lng -97.44140379999999,https://www.google.com/maps/place/?q=place_id:ChIJJbdgslJLzKER9NOr3fEIzCA,https://www.google.com/search?kgmid=/g/11q3mmtk_1,https://lh5.googleusercontent.com/p/AF1QipMNP5StfZtWHux4TwicDN1p9cmKA_TopkTPgKc4,"https://t1.gstatic.com/faviconV2?client=SOCIAL&type=FAVICON&fallback_opts=TYPE,SIZE,URL&url=http://www.swishifiedcycles.webador.com/&size=48","https://search.google.com/local/reviews?placeid=ChIJJbdgslJLzKER9NOr3fEIzCA&q=bicycle+shop+near+Rose+Hill,+Kansas,+USA&authuser=0&hl=en",,https://www.facebook.com/profile.php?id=100090741107757&mibextid=LQQJ4d, ,,
Lohnie's Mobile Bicycle Repair,,,Topeka,,Kansas,US,America/Chicago,17858177022,,,,Bicycle repair shop,Service establishment,Yes,7,3.9,open,"Friday, 8 AM-8 PM; Saturday, 8 AM-8 PM; Sunday, 8 AM-6 PM; Monday, 8 AM-6 PM; Tuesday, 8 AM-6 PM; Wednesday, 8 AM-6 PM; Thursday, 8 AM-7 PM; ",8 AM-8 PM,8 AM-6 PM,8 AM-6 PM,8 AM-6 PM,8 AM-6 PM,8 AM-7 PM,8 AM-8 PM,Lat 39.043361999999995,Lng -95.778785,https://www.google.com/maps/place/?q=place_id:ChIJwV-Ub6ACv4cR8Jy1n7rayAs,https://www.google.com/search?kgmid=/g/11byz7r74j,https://lh5.googleusercontent.com/p/AF1QipOuAnVITcn1TWVN5hbgz-95djcWTb8F3tge1mT5, ,"https://search.google.com/local/reviews?placeid=ChIJwV-Ub6ACv4cR8Jy1n7rayAs&q=bicycle+shop+near+Topeka,+Kansas,+USA&authuser=0&hl=en", , , , , 
Blu J,,,Leawood,,Kansas,US,America/Los_Angeles,19862520029,,,,Used bicycle shop,Service establishment,Yes,,,open,"Friday, Open 24 hours; Saturday, Closed; Sunday, Closed; Monday, Open 24 hours; Tuesday, Open 24 hours; Wednesday, Open 24 hours; Thursday, Open 24 hours; ",Closed,Closed,Open 24 hours,Open 24 hours,Open 24 hours,Open 24 hours,Open 24 hours,Lat 46.3994512,Lng -116.9768732,https://www.google.com/maps/place/?q=place_id:ChIJ_UI_Sjw7lQQR3-VXn2wefrk,https://www.google.com/search?kgmid=/g/11whtf712s,https://lh5.googleusercontent.com/p/AF1QipNeseSYRHYactSPsE7bGzy9qAGwfAU67J0vlhCE, , , , , , , 
Blu J,,,Leawood,,Kansas,US,America/Los_Angeles,19862520029,,,,Used bicycle shop,Service establishment,Yes,,,open,"Friday, Open 24 hours; Saturday, Closed; Sunday, Closed; Monday, Open 24 hours; Tuesday, Open 24 hours; Wednesday, Open 24 hours; Thursday, Open 24 hours; ",Closed,Closed,Open 24 hours,Open 24 hours,Open 24 hours,Open 24 hours,Open 24 hours,Lat 46.3994512,Lng -116.9768732,https://www.google.com/maps/place/?q=place_id:ChIJyVyS2D72iUIRbnFc9lY1qD0,https://www.google.com/search?kgmid=/g/11ltctgx03, , , , , , , , 
Southwest Kansas Bicyle Recylery LLC,,,Council Grove,,Kansas,US,America/Chicago,16202605868,,https://www.facebook.com/profile.php?id=100066912153314,facebook.com,Bicycle repair shop,Service establishment,Yes,3,5,open,"Saturday, 8 AM-6 PM; Sunday, 1-6 PM; Monday, 5-9 PM; Tuesday, 5-9 PM; Wednesday, 5-9 PM; Thursday, 5-9 PM; Friday, 5-9 PM; ",8 AM-6 PM,1-6 PM,5-9 PM,5-9 PM,5-9 PM,5-9 PM,5-9 PM,Lat 37.970369999999996,Lng -100.847107,https://www.google.com/maps/place/?q=place_id:ChIJNzk615usqmIRa-jPkcEJUjo,https://www.google.com/search?kgmid=/g/11pwtvxq_l,https://lh5.googleusercontent.com/p/AF1QipMP7ZlP5aWNZDz4bRobOHpQJjHhoP6N-2VwECNj,"https://t1.gstatic.com/faviconV2?client=SOCIAL&type=FAVICON&fallback_opts=TYPE,SIZE,URL&url=https://www.facebook.com/profile.php?id=100066912153314&size=48","https://search.google.com/local/reviews?placeid=ChIJNzk615usqmIRa-jPkcEJUjo&q=bicycle+shop+near+Council+Grove,+Kansas,+USA&authuser=0&hl=en",, , ,,
OTRA Mobile Bicycle Service,,,Osage,,Kansas,US,America/New_York,18563366595,,http://www.otrabike.com/,otrabike.com,Bicycle repair shop,Service establishment,Yes,21,5,open, ,,,,,,,,Lat 39.8493089,Lng -74.9093844,https://www.google.com/maps/place/?q=place_id:ChIJQXp1-e0oqI4RvFoKZI6tw-g,https://www.google.com/search?kgmid=/g/11kj_bt6s2,https://lh5.googleusercontent.com/p/AF1QipM3OZkIZxDVXvaoDw9ln1JEm1o_2SMy5fbPFFl4,"https://t1.gstatic.com/faviconV2?client=SOCIAL&type=FAVICON&fallback_opts=TYPE,SIZE,URL&url=http://www.otrabike.com/&size=48","https://search.google.com/local/reviews?placeid=ChIJQXp1-e0oqI4RvFoKZI6tw-g&q=bicycle+shop+near+Lawnside+borough,+New+Jersey,+USA&authuser=0&hl=en",, , , , 
Ad Astra Bike Co.,,,Osage,,Kansas,US,America/Chicago,17852204861,,https://www.adastrabikeco.com/,adastrabikeco.com,Bicycle store,Service establishment,Yes,,,open,"Saturday, 9 AM-5 PM; Sunday, 9 AM-5 PM; Monday, 9 AM-5 PM; Tuesday, 9 AM-5 PM; Wednesday, 9 AM-5 PM; Thursday, 9 AM-5 PM; Friday, 9 AM-5 PM; ",9 AM-5 PM,9 AM-5 PM,9 AM-5 PM,9 AM-5 PM,9 AM-5 PM,9 AM-5 PM,9 AM-5 PM,Lat 39.0666309,Lng -95.639331,https://www.google.com/maps/place/?q=place_id:ChIJLwcDRvHCPSERkKsn-du28-s,https://www.google.com/search?kgmid=/g/11tjjqzrh6,https://lh5.googleusercontent.com/p/AF1QipP7uy7dT23DgBkEwScBK2OzXJEjUFOvxVZsWRXR,"https://t1.gstatic.com/faviconV2?client=SOCIAL&type=FAVICON&fallback_opts=TYPE,SIZE,URL&url=https://www.adastrabikeco.com/&size=48", ,, , ,,
TbeBikes,,,Osage,,Kansas,US,America/Los_Angeles,18564436004,,https://tbebikes.store/,tbebikes.store,Electric bicycle store,Service establishment,Yes,6,5,open,"Friday, 9 AM-6 PM; Saturday, 10 AM-4 PM; Sunday, Closed; Monday, 9 AM-6 PM; Tuesday, 9 AM-6 PM; Wednesday, 9 AM-6 PM; Thursday, 9 AM-6 PM; ",10 AM-4 PM,Closed,9 AM-6 PM,9 AM-6 PM,9 AM-6 PM,9 AM-6 PM,9 AM-6 PM,Lat 36.065794,Lng -99.09108599999999,https://www.google.com/maps/place/?q=place_id:ChIJS2kcNlbHOqcRJhDbaTMzmks,https://www.google.com/search?kgmid=/g/11y8cv4j8t, ,"https://t1.gstatic.com/faviconV2?client=SOCIAL&type=FAVICON&fallback_opts=TYPE,SIZE,URL&url=https://tbebikes.store/&size=48","https://search.google.com/local/reviews?placeid=ChIJS2kcNlbHOqcRJhDbaTMzmks&q=bicycle+shop+near+Lawnside+borough,+New+Jersey,+USA&authuser=0&hl=en",,https://www.facebook.com/,https://twitter.com/,https://www.instagram.com/,
Pedego Electric Bikes Wichita,1800 N Rock Rd Ste 110  Wichita  KS 67206  United States,1800 N Rock Rd Ste 110,Wichita,67206,Kansas,US,America/Chicago,13163910375,,https://pedegoelectricbikes.com/dealers/wichita/,pedegoelectricbikes.com,Bicycle store, ,Yes,53,4.6,permanently closed, ,,,,,,,,Lat 37.7162745,Lng -97.24371339999999,https://www.google.com/maps/place/?q=place_id:ChIJ58SkqmbjuocRmecO326hH60,https://www.google.com/search?kgmid=/g/11lglw6tkv,https://lh5.googleusercontent.com/p/CIHM0ogKEICAgIDW0aqRAw,"https://t1.gstatic.com/faviconV2?client=SOCIAL&type=FAVICON&fallback_opts=TYPE,SIZE,URL&url=https://pedegoelectricbikes.com/dealers/wichita/&size=48","https://search.google.com/local/reviews?placeid=ChIJ58SkqmbjuocRmecO326hH60&q=bicycle+shop+near+Wichita,+Kansas,+USA&authuser=0&hl=en",,https://www.facebook.com/groups/pedegoownersgroup, ,https://www.instagram.com/pedego,https://www.youtube.com/@PedegoElectricBikes
Xtreme Bike & Sport,204 N Pennsylvania Ave  Independence  KS 67301  United States,204 N Pennsylvania Ave,Independence,67301,Kansas,US,America/Chicago,16203317777,,http://xtreme-bike-sport.poi.place/,xtreme-bike-sport.poi.place,Bicycle store, ,No,28,2.6,permanently closed, ,,,,,,,,Lat 37.2247098,Lng -95.70648709999999,https://www.google.com/maps/place/?q=place_id:ChIJdUX602oruIcRFbuTKsCoGzI,https://www.google.com/search?kgmid=/g/1v_z9f56,https://lh5.googleusercontent.com/p/JAHa7pZNEv57FHOBSs-naQ,"https://t1.gstatic.com/faviconV2?client=SOCIAL&type=FAVICON&fallback_opts=TYPE,SIZE,URL&url=http://xtreme-bike-sport.poi.place/&size=48","https://search.google.com/local/reviews?placeid=ChIJdUX602oruIcRFbuTKsCoGzI&q=bicycle+shop+near+Independence,+Kansas,+USA&authuser=0&hl=en",(620) 331-7777, , ,,
Rocky's Bicycle Kingdom,5015 W Douglas Ave  Wichita  KS 67209  United States,5015 W Douglas Ave,Wichita,67209,Kansas,US,America/Chicago,13163651160,,,,Bicycle repair shop, ,Yes,,,Temporarily closed, ,,,,,,,,Lat 37.683388,Lng -97.4028421,https://www.google.com/maps/place/?q=place_id:ChIJd0VhqxHhuocROEPLqAKJkpI,https://www.google.com/search?kgmid=/g/11ssx2m8m0,https://lh5.googleusercontent.com/p/1UEH_w47nUTlN-iIuMMeXQ, , , , , , , 