County,City,ZIP
Atchison County,Atchison,66002
Douglas County,Baldwin City,66006
Leavenworth County,Basehor,66007
Doniphan County,Bendena,66008
Linn County,Blue Mound,66010
Wyandotte County,Bonner Springs,66012
Johnson County,Bucyrus,66013
Linn County,Centerville,66014
Anderson County,Colony,66015
Atchison County,Cummings,66016
Doniphan County,Denton,66017
Johnson County,De Soto,66018
Johnson County,Clearview City,66019
Leavenworth County,Easton,66020
Johnson County,Edgerton,66021
Atchison County,Effingham,66023
Doniphan County,Elwood,66024
Douglas County,Eudora,66025
Miami County,Fontana,66026
Leavenworth County,Fort Leavenworth,66027
Johnson County,Gardner,66030
Johnson County,New Century,66031
Anderson County,Garnett,66032
Anderson County,Greeley,66033
Doniphan County,Highland,66035
Miami County,Hillsdale,66036
Anderson County,Kincaid,66039
Linn County,Lacygne,66040
Atchison County,Lancaster,66041
Franklin County,Lane,66042
Leavenworth County,Lansing,66043
Douglas County,Lawrence,66044
Douglas County,Lawrence,66045
Douglas County,Lawrence,66046
Douglas County,Lawrence,66047
Leavenworth County,Leavenworth,66048
Douglas County,Lawrence,66049
Douglas County,Lecompton,66050
Johnson County,Olathe,66051
Leavenworth County,Linwood,66052
Miami County,Louisburg,66053
Jefferson County,Mc Louth,66054
Linn County,Mound City,66056
Atchison County,Muscotah,66058
Jefferson County,Nortonville,66060
Johnson County,Olathe,66061
Johnson County,Olathe,66062
Johnson County,Olathe,66063
Miami County,Osawatomie,66064
Jefferson County,Oskaloosa,66066
Franklin County,Ottawa,66067
Jefferson County,Ozawkie,66070
Miami County,Paola,66071
Linn County,Parker,66072
Jefferson County,Perry,66073
Linn County,Pleasanton,66075
Franklin County,Pomona,66076
Atchison County,Potter,66077
Franklin County,Princeton,66078
Franklin County,Rantoul,66079
Franklin County,Richmond,66080
Johnson County,Spring Hill,66083
Johnson County,Stilwell,66085
Leavenworth County,Tonganoxie,66086
Doniphan County,Troy,66087
Jefferson County,Valley Falls,66088
Doniphan County,Wathena,66090
Anderson County,Welda,66091
Franklin County,Wellsville,66092
Anderson County,Westphalia,66093
Doniphan County,White Cloud,66094
Franklin County,Williamsburg,66095
Jefferson County,Winchester,66097
Wyandotte County,Kansas City,66101
Wyandotte County,Kansas City,66102
Wyandotte County,Kansas City,66103
Wyandotte County,Kansas City,66104
Wyandotte County,Kansas City,66105
Wyandotte County,Kansas City,66106
Wyandotte County,Kansas City,66109
Wyandotte County,Kansas City,66110
Wyandotte County,Kansas City,66111
Wyandotte County,Kansas City,66112
Wyandotte County,Edwardsville,66113
Wyandotte County,Kansas City,66115
Wyandotte County,Kansas City,66117
Wyandotte County,Kansas City,66118
Wyandotte County,Kansas City,66119
Wyandotte County,Kansas City,66160
Johnson County,Mission,66201
Johnson County,Mission,66202
Johnson County,Shawnee,66203
Johnson County,Overland Park,66204
Johnson County,Mission,66205
Johnson County,Leawood,66206
Johnson County,Overland Park,66207
Johnson County,Prairie Village,66208
Johnson County,Leawood,66209
Johnson County,Overland Park,66210
Johnson County,Leawood,66211
Johnson County,Overland Park,66212
Johnson County,Overland Park,66213
Johnson County,Overland Park,66214
Johnson County,Lenexa,66215
Johnson County,Shawnee,66216
Johnson County,Shawnee,66217
Johnson County,Shawnee,66218
Johnson County,Lenexa,66219
Johnson County,Lenexa,66220
Johnson County,Overland Park,66221
Johnson County,Mission,66222
Johnson County,Overland Park,66223
Johnson County,Overland Park,66224
Johnson County,Overland Park,66225
Johnson County,Shawnee,66226
Johnson County,Lenexa,66227
Johnson County,Shawnee Mission,66250
Johnson County,Overland Park,66251
Johnson County,Shawnee Mission,66276
Johnson County,Shawnee Mission,66279
Johnson County,Overland Park,66282
Johnson County,Overland Park,66283
Johnson County,Lenexa,66285
Johnson County,Shawnee,66286
Wabaunsee County,Alma,66401
Shawnee County,Auburn,66402
Marshall County,Axtell,66403
Nemaha County,Baileyville,66404
Marshall County,Beattie,66406
Pottawatomie County,Belvue,66407
Nemaha County,Bern,66408
Shawnee County,Berryton,66409
Marshall County,Blue Rapids,66411
Marshall County,Bremen,66412
Osage County,Burlingame,66413
Osage County,Carbondale,66414
Nemaha County,Centralia,66415
Jackson County,Circleville,66416
Nemaha County,Corning,66417
Jackson County,Delia,66418
Jackson County,Denison,66419
Shawnee County,Dover,66420
Pottawatomie County,Emmett,66422
Wabaunsee County,Eskridge,66423
Brown County,Everest,66424
Brown County,Fairview,66425
Pottawatomie County,Fostoria,66426
Marshall County,Frankfort,66427
Nemaha County,Goff,66428
Jefferson County,Grantville,66429
Wabaunsee County,Harveyville,66431
Pottawatomie County,Havensville,66432
Brown County,Hiawatha,66434
Jackson County,Holton,66436
Marshall County,Home,66438
Brown County,Horton,66439
Jackson County,Hoyt,66440
Geary County,Junction City,66441
Geary County,Fort Riley,66442
Riley County,Leonardville,66449
Osage County,Lyndon,66451
Wabaunsee County,Mc Farland,66501
Riley County,Manhattan,66502
Riley County,Manhattan,66503
Riley County,Manhattan,66505
Riley County,Manhattan,66506
Wabaunsee County,Maple Hill,66507
Marshall County,Marysville,66508
Jackson County,Mayetta,66509
Osage County,Melvern,66510
Jefferson County,Meriden,66512
Geary County,Milford,66514
Brown County,Morrill,66515
Jackson County,Netawaka,66516
Riley County,Ogden,66517
Marshall County,Oketo,66518
Pottawatomie County,Olsburg,66520
Pottawatomie County,Onaga,66521
Nemaha County,Oneida,66522
Osage County,Osage City,66523
Osage County,Overbrook,66524
Wabaunsee County,Paxico,66526
Brown County,Powhattan,66527
Osage County,Quenemo,66528
Riley County,Riley,66531
Brown County,Robinson,66532
Shawnee County,Rossville,66533
Nemaha County,Sabetha,66534
Pottawatomie County,Saint George,66535
Pottawatomie County,Saint Marys,66536
Osage County,Scranton,66537
Nemaha County,Seneca,66538
Shawnee County,Silver Lake,66539
Jackson County,Soldier,66540
Marshall County,Summerfield,66541
Shawnee County,Tecumseh,66542
Osage County,Vassar,66543
Marshall County,Vermillion,66544
Shawnee County,Wakarusa,66546
Pottawatomie County,Wamego,66547
Marshall County,Waterville,66548
Pottawatomie County,Westmoreland,66549
Nemaha County,Wetmore,66550
Jackson County,Whiting,66552
Riley County,Randolph,66554
Shawnee County,Topeka,66601
Shawnee County,Topeka,66603
Shawnee County,Topeka,66604
Shawnee County,Topeka,66605
Shawnee County,Topeka,66606
Shawnee County,Topeka,66607
Shawnee County,Topeka,66608
Shawnee County,Topeka,66609
Shawnee County,Topeka,66610
Shawnee County,Topeka,66611
Shawnee County,Topeka,66612
Shawnee County,Topeka,66614
Shawnee County,Topeka,66615
Shawnee County,Topeka,66616
Shawnee County,Topeka,66617
Shawnee County,Topeka,66618
Shawnee County,Topeka,66619
Shawnee County,Topeka,66620
Shawnee County,Topeka,66621
Shawnee County,Topeka,66622
Shawnee County,Topeka,66624
Shawnee County,Topeka,66625
Shawnee County,Topeka,66626
Shawnee County,Topeka,66628
Shawnee County,Topeka,66629
Shawnee County,Topeka,66636
Shawnee County,Topeka,66637
Shawnee County,Topeka,66642
Shawnee County,Topeka,66647
Shawnee County,Topeka,66652
Shawnee County,Topeka,66653
Shawnee County,Topeka,66667
Shawnee County,Topeka,66675
Shawnee County,Topeka,66683
Shawnee County,Topeka,66692
Shawnee County,Topeka,66699
Bourbon County,Fort Scott,66701
Wilson County,Altoona,66710
Crawford County,Arcadia,66711
Crawford County,Arma,66712
Cherokee County,Baxter Springs,66713
Wilson County,Benedict,66714
Bourbon County,Bronson,66716
Wilson County,Buffalo,66717
Neosho County,Chanute,66720
Crawford County,Cherokee,66724
Cherokee County,Columbus,66725
Cherokee County,Crestline,66728
Allen County,Elsmore,66732
Neosho County,Erie,66733
Crawford County,Farlington,66734
Crawford County,Franklin,66735
Wilson County,Fredonia,66736
Bourbon County,Fulton,66738
Cherokee County,Galena,66739
Neosho County,Galesburg,66740
Bourbon County,Garland,66741
Allen County,Gas,66742
Crawford County,Girard,66743
Crawford County,Hepler,66746
Allen County,Humboldt,66748
Allen County,Iola,66749
Allen County,La Harpe,66751
Cherokee County,Mc Cune,66753
Bourbon County,Mapleton,66754
Allen County,Moran,66755
Crawford County,Mulberry,66756
Wilson County,Neodesha,66757
Woodson County,Neosho Falls,66758
Elk County,New Albany,66759
Crawford County,Opolis,66760
Woodson County,Piqua,66761
Crawford County,Pittsburg,66762
Crawford County,Frontenac,66763
Linn County,Prescott,66767
Bourbon County,Redfield,66769
Cherokee County,Riverton,66770
Neosho County,Saint Paul,66771
Allen County,Savonburg,66772
Cherokee County,Scammon,66773
Neosho County,Stark,66775
Neosho County,Thayer,66776
Woodson County,Toronto,66777
Cherokee County,Treece,66778
Bourbon County,Uniontown,66779
Crawford County,Walnut,66780
Cherokee County,Weir,66781
Cherokee County,West Mineral,66782
Woodson County,Yates Center,66783
Lyon County,Emporia,66801
Lyon County,Admire,66830
Lyon County,Allen,66833
Wabaunsee County,Alta Vista,66834
Lyon County,Americus,66835
Morris County,Burdick,66838
Coffey County,Burlington,66839
Marion County,Burns,66840
Butler County,Cassoday,66842
Chase County,Cedar Point,66843
Chase County,Cottonwood Falls,66845
Morris County,Council Grove,66846
Morris County,Dwight,66849
Chase County,Elmdale,66850
Marion County,Florence,66851
Coffey County,Gridley,66852
Greenwood County,Hamilton,66853
Lyon County,Hartford,66854
Greenwood County,Lamont,66855
Coffey County,Lebo,66856
Coffey County,Le Roy,66857
Marion County,Lincolnville,66858
Marion County,Lost Springs,66859
Greenwood County,Madison,66860
Marion County,Marion,66861
Chase County,Matfield Green,66862
Greenwood County,Neal,66863
Lyon County,Neosho Rapids,66864
Lyon County,Olpe,66865
Marion County,Peabody,66866
Lyon County,Reading,66868
Chase County,Strong City,66869
Greenwood County,Virgil,66870
Coffey County,Waverly,66871
Morris County,White City,66872
Morris County,Wilsey,66873
Cloud County,Concordia,66901
Republic County,Agenda,66930
Smith County,Athol,66932
Washington County,Barnes,66933
Republic County,Belleville,66935
Jewell County,Burr Oak,66936
Washington County,Clifton,66937
Cloud County,Clyde,66938
Republic County,Courtland,66939
Republic County,Cuba,66940
Jewell County,Esbon,66941
Jewell County,Formoso,66942
Washington County,Greenleaf,66943
Washington County,Haddam,66944
Washington County,Hanover,66945
Washington County,Hollenberg,66946
Cloud County,Jamestown,66948
Jewell County,Jewell,66949
Smith County,Kensington,66951
Smith County,Lebanon,66952
Washington County,Linn,66953
Washington County,Mahaska,66955
Jewell County,Mankato,66956
Washington County,Morrowville,66958
Republic County,Munden,66959
Republic County,Narka,66960
Republic County,Norway,66961
Washington County,Palmer,66962
Jewell County,Randall,66963
Republic County,Republic,66964
Republic County,Scandia,66966
Smith County,Smith Center,66967
Washington County,Washington,66968
Jewell County,Webber,66970
Sedgwick County,Andale,67001
Butler County,Andover,67002
Harper County,Anthony,67003
Sumner County,Argonia,67004
Cowley County,Arkansas City,67005
Cowley County,Atlanta,67008
Harper County,Attica,67009
Butler County,Augusta,67010
Butler County,Beaumont,67012
Sumner County,Belle Plaine,67013
Sedgwick County,Bentley,67016
Butler County,Benton,67017
Harper County,Bluff City,67018
Cowley County,Burden,67019
Harvey County,Burrton,67020
Pratt County,Byers,67021
Sumner County,Caldwell,67022
Cowley County,Cambridge,67023
Chautauqua County,Cedar Vale,67024
Sedgwick County,Cheney,67025
Sedgwick County,Clearwater,67026
Pratt County,Coats,67028
Comanche County,Coldwater,67029
Sedgwick County,Colwich,67030
Sumner County,Conway Springs,67031
Kingman County,Cunningham,67035
Harper County,Danville,67036
Sedgwick County,Derby,67037
Cowley County,Dexter,67038
Butler County,Douglass,67039
Butler County,Elbing,67041
Butler County,El Dorado,67042
Greenwood County,Eureka,67045
Greenwood County,Fall River,67047
Harper County,Freeport,67049
Sedgwick County,Garden Plain,67050
Sumner County,Geuda Springs,67051
Sedgwick County,Goddard,67052
Marion County,Goessel,67053
Kiowa County,Greensburg,67054
Sedgwick County,Greenwich,67055
Harvey County,Halstead,67056
Barber County,Hardtner,67057
Harper County,Harper,67058
Kiowa County,Haviland,67059
Sedgwick County,Haysville,67060
Barber County,Hazelton,67061
Harvey County,Hesston,67062
Marion County,Hillsboro,67063
Barber County,Isabel,67065
Pratt County,Iuka,67066
Sedgwick County,Kechi,67067
Kingman County,Kingman,67068
Barber County,Kiowa,67070
Barber County,Lake City,67071
Butler County,Latham,67072
Marion County,Lehigh,67073
Butler County,Leon,67074
Sedgwick County,Maize,67101
Cowley County,Maple City,67102
Sumner County,Mayfield,67103
Barber County,Medicine Lodge,67104
Sumner County,Milan,67105
Sumner County,Milton,67106
McPherson County,Moundridge,67107
Sedgwick County,Mount Hope,67108
Kiowa County,Mullinville,67109
Sedgwick County,Mulvane,67110
Kingman County,Murdock,67111
Kingman County,Nashville,67112
Harvey County,Newton,67114
Harvey County,North Newton,67117
Kingman County,Norwich,67118
Sumner County,Oxford,67119
Sumner County,Peck,67120
Greenwood County,Piedmont,67122
Butler County,Potwin,67123
Pratt County,Pratt,67124
Comanche County,Protection,67127
Cowley County,Rock,67131
Butler County,Rosalia,67132
Butler County,Rose Hill,67133
Pratt County,Sawyer,67134
Harvey County,Sedgwick,67135
Greenwood County,Severy,67137
Barber County,Sharon,67138
Sumner County,South Haven,67140
Kingman County,Spivey,67142
Barber County,Sun City,67143
Butler County,Towanda,67144
Cowley County,Udall,67146
Sedgwick County,Valley Center,67147
Sedgwick County,Viola,67149
Harper County,Waldron,67150
Harvey County,Walton,67151
Sumner County,Wellington,67152
Butler County,Whitewater,67154
Comanche County,Wilmore,67155
Cowley County,Winfield,67156
Kingman County,Zenda,67159
Sedgwick County,Wichita,67201
Sedgwick County,Wichita,67202
Sedgwick County,Wichita,67203
Sedgwick County,Wichita,67204
Sedgwick County,Wichita,67205
Sedgwick County,Wichita,67206
Sedgwick County,Wichita,67207
Sedgwick County,Wichita,67208
Sedgwick County,Wichita,67209
Sedgwick County,Wichita,67210
Sedgwick County,Wichita,67211
Sedgwick County,Wichita,67212
Sedgwick County,Wichita,67213
Sedgwick County,Wichita,67214
Sedgwick County,Wichita,67215
Sedgwick County,Wichita,67216
Sedgwick County,Wichita,67217
Sedgwick County,Wichita,67218
Sedgwick County,Wichita,67219
Sedgwick County,Wichita,67220
Sedgwick County,Mcconnell Afb,67221
Sedgwick County,Wichita,67223
Sedgwick County,Wichita,67226
Sedgwick County,Wichita,67227
Sedgwick County,Wichita,67228
Sedgwick County,Wichita,67230
Sedgwick County,Wichita,67232
Sedgwick County,Wichita,67235
Sedgwick County,Wichita,67260
Sedgwick County,Wichita,67275
Sedgwick County,Wichita,67276
Sedgwick County,Wichita,67277
Sedgwick County,Wichita,67278
Montgomery County,Independence,67301
Labette County,Altamont,67330
Labette County,Bartlett,67332
Montgomery County,Caney,67333
Chautauqua County,Chautauqua,67334
Montgomery County,Cherryvale,67335
Labette County,Chetopa,67336
Montgomery County,Coffeyville,67337
Montgomery County,Dearing,67340
Labette County,Dennis,67341
Labette County,Edna,67342
Montgomery County,Elk City,67344
Elk County,Elk Falls,67345
Elk County,Grenola,67346
Montgomery County,Havana,67347
Elk County,Howard,67349
Montgomery County,Liberty,67351
Elk County,Longton,67352
Elk County,Moline,67353
Labette County,Mound Valley,67354
Chautauqua County,Niotaze,67355
Labette County,Oswego,67356
Labette County,Parsons,67357
Chautauqua County,Peru,67360
Chautauqua County,Sedan,67361
Montgomery County,Sycamore,67363
Montgomery County,Tyro,67364
Saline County,Salina,67401
Saline County,Salina,67402
Dickinson County,Abilene,67410
Saline County,Assaria,67416
Cloud County,Aurora,67417
Lincoln County,Barnard,67418
Mitchell County,Beloit,67420
Ottawa County,Bennington,67422
Lincoln County,Beverly,67423
Saline County,Brookville,67425
Rice County,Bushton,67427
McPherson County,Canton,67428
Mitchell County,Cawker City,67430
Dickinson County,Chapman,67431
Clay County,Clay Center,67432
Ottawa County,Delphos,67436
Osborne County,Downs,67437
Marion County,Durham,67438
Ellsworth County,Ellsworth,67439
Dickinson County,Enterprise,67441
Saline County,Falun,67442
McPherson County,Galva,67443
Rice County,Geneseo,67444
Cloud County,Glasco,67445
Mitchell County,Glen Elder,67446
Clay County,Green,67447
Saline County,Gypsum,67448
Dickinson County,Herington,67449
Ellsworth County,Holyrood,67450
Dickinson County,Hope,67451
Mitchell County,Hunter,67452
Ellsworth County,Kanopolis,67454
Lincoln County,Lincoln,67455
Saline County,Lindsborg,67456
Rice County,Little River,67457
Clay County,Longford,67458
Ellsworth County,Lorraine,67459
McPherson County,Mcpherson,67460
McPherson County,Marquette,67464
Cloud County,Miltonvale,67466
Ottawa County,Minneapolis,67467
Clay County,Morganville,67468
Saline County,New Cambria,67470
Osborne County,Osborne,67473
Osborne County,Portis,67474
Marion County,Ramona,67475
McPherson County,Roxbury,67476
Mitchell County,Simpson,67478
Dickinson County,Solomon,67480
Lincoln County,Sylvan Grove,67481
Dickinson County,Talmage,67482
Marion County,Tampa,67483
Ottawa County,Tescott,67484
Mitchell County,Tipton,67485
Clay County,Wakefield,67487
Ellsworth County,Wilson,67490
McPherson County,Windom,67491
Dickinson County,Woodbine,67492
Reno County,Hutchinson,67501
Reno County,Hutchinson,67502
Reno County,Hutchinson,67504
Reno County,South Hutchinson,67505
Reno County,Abbyville,67510
Barton County,Albert,67511
Rice County,Alden,67512
Rush County,Alexander,67513
Reno County,Arlington,67514
Ness County,Arnold,67515
Ness County,Bazine,67516
Ness County,Beeler,67518
Edwards County,Belpre,67519
Rush County,Bison,67520
Ness County,Brownell,67521
Reno County,Buhler,67522
Pawnee County,Burdett,67523
Rice County,Chase,67524
Barton County,Claflin,67525
Barton County,Ellinwood,67526
Pawnee County,Garfield,67529
Barton County,Great Bend,67530
Reno County,Haven,67543
Barton County,Hoisington,67544
Stafford County,Hudson,67545
McPherson County,Inman,67546
Edwards County,Kinsley,67547
Rush County,La Crosse,67548
Pawnee County,Larned,67550
Edwards County,Lewis,67552
Rush County,Liebenthal,67553
Rice County,Lyons,67554
Rush County,Mc Cracken,67556
Stafford County,Macksville,67557
Rush County,Nekoma,67559
Ness County,Ness City,67560
Reno County,Nickerson,67561
Edwards County,Offerle,67563
Barton County,Olmitz,67564
Rush County,Otis,67565
Reno County,Partridge,67566
Barton County,Pawnee Rock,67567
Reno County,Plevna,67568
Reno County,Pretty Prairie,67570
Ness County,Ransom,67572
Rice County,Raymond,67573
Pawnee County,Rozel,67574
Rush County,Rush Center,67575
Stafford County,Saint John,67576
Stafford County,Stafford,67578
Rice County,Sterling,67579
Reno County,Sylvia,67581
Reno County,Turon,67583
Ness County,Utica,67584
Reno County,Yoder,67585
Ellis County,Hays,67601
Phillips County,Agra,67621
Norton County,Almena,67622
Osborne County,Alton,67623
Graham County,Bogue,67625
Russell County,Bunker Hill,67626
Ellis County,Catharine,67627
Smith County,Cedar,67628
Norton County,Clayton,67629
Trego County,Collyer,67631
Rooks County,Damar,67632
Russell County,Dorrance,67634
Decatur County,Dresden,67635
Ellis County,Ellis,67637
Smith County,Gaylord,67638
Phillips County,Glade,67639
Russell County,Gorham,67640
Graham County,Hill City,67642
Decatur County,Jennings,67643
Phillips County,Kirwin,67644
Norton County,Lenora,67645
Phillips County,Logan,67646
Phillips County,Long Island,67647
Russell County,Lucas,67648
Russell County,Luray,67649
Graham County,Morland,67650
Osborne County,Natoma,67651
Decatur County,Norcatur,67653
Norton County,Norton,67654
Trego County,Ogallah,67656
Rooks County,Palco,67657
Russell County,Paradise,67658
Graham County,Penokee,67659
Ellis County,Pfeifer,67660
Phillips County,Phillipsburg,67661
Rooks County,Plainville,67663
Phillips County,Prairie View,67664
Russell County,Russell,67665
Ellis County,Schoenchen,67667
Rooks County,Stockton,67669
Ellis County,Victoria,67671
Trego County,Wakeeney,67672
Russell County,Waldo,67673
Ellis County,Walker,67674
Rooks County,Woodston,67675
Thomas County,Colby,67701
Rawlins County,Atwood,67730
Cheyenne County,Bird City,67731
Thomas County,Brewster,67732
Sherman County,Edson,67733
Thomas County,Gem,67734
Sherman County,Goodland,67735
Gove County,Gove,67736
Gove County,Grainfield,67737
Gove County,Grinnell,67738
Rawlins County,Herndon,67739
Sheridan County,Hoxie,67740
Sherman County,Kanorado,67741
Thomas County,Levant,67743
Rawlins County,Ludell,67744
Rawlins County,Mc Donald,67745
Logan County,Monument,67747
Logan County,Oakley,67748
Decatur County,Oberlin,67749
Gove County,Park,67751
Gove County,Quinter,67752
Thomas County,Rexford,67753
Cheyenne County,Saint Francis,67756
Sheridan County,Selden,67757
Wallace County,Sharon Springs,67758
Wallace County,Wallace,67761
Wallace County,Weskan,67762
Logan County,Winona,67764
Ford County,Dodge City,67801
Clark County,Ashland,67831
Ford County,Bucklin,67834
Gray County,Cimarron,67835
Hamilton County,Coolidge,67836
Gray County,Copeland,67837
Kearny County,Deerfield,67838
Lane County,Dighton,67839
Clark County,Englewood,67840
Gray County,Ensign,67841
Ford County,Ford,67842
Ford County,Fort Dodge,67843
Meade County,Fowler,67844
Finney County,Garden City,67846
Hodgeman County,Hanston,67849
Lane County,Healy,67850
Finney County,Holcomb,67851
Gray County,Ingalls,67853
Hodgeman County,Jetmore,67854
Stanton County,Johnson,67855
Hamilton County,Kendall,67857
Seward County,Kismet,67859
Kearny County,Lakin,67860
Wichita County,Leoti,67861
Stanton County,Manter,67862
Scott County,Marienthal,67863
Meade County,Meade,67864
Clark County,Minneola,67865
Gray County,Montezuma,67867
Finney County,Pierceville,67868
Meade County,Plains,67869
Haskell County,Satanta,67870
Scott County,Scott City,67871
Ford County,Spearville,67876
Haskell County,Sublette,67877
Hamilton County,Syracuse,67878
Greeley County,Tribune,67879
Grant County,Ulysses,67880
Ford County,Wright,67882
Seward County,Liberal,67901
Seward County,Liberal,67905
Morton County,Elkhart,67950
Stevens County,Hugoton,67951
Stevens County,Moscow,67952
Morton County,Richfield,67953
Morton County,Rolla,67954
