Name,Full_Address,Street_Address,City,Zip,State,Country,Timezone,Phone_1,Email,Website,Domain,First_category,Second_category,Claimed_google_my_business,Reviews_count,Average_rating,Business Status,Hours,Saturday,Sunday,Monday,Tuesday,Wednesday,Thursday,Friday,Latitude,Longitude,GMB_URL,Google_Knowledge_URL,Image_URL,Favicon,Review_URL,Phone From WEBSITE,Facebook URL,Twitter URL,Instagram URL,Youtube URL
Grit Cycling,2020 S Preston St  Louisville  KY 40217  United States,2020 S Preston St,Louisville,40217,Kentucky,US,America/New_York,15027771220,gritcyclingky@gmail.com,http://www.gritcycling.com/,gritcycling.com,Bicycle store, ,Yes,103,4.6,open,"Friday, 10:30 AM-5 PM; Saturday, Closed; Sunday, Closed; Monday, Closed; Tuesday, 10:30 AM-6 PM; Wednesday, 10:30 AM-5 PM; Thursday, 10:30 AM-6 PM; ",Closed,Closed,Closed,10:30 AM-6 PM,10:30 AM-5 PM,10:30 AM-6 PM,10:30 AM-5 PM,Lat 38.218909599999996,Lng -85.74740249999999,https://www.google.com/maps/place/?q=place_id:ChIJJf-aHkANaYgRZ3ndux0iItg,https://www.google.com/search?kgmid=/g/1tdz0pt2,https://lh5.googleusercontent.com/p/AF1QipMIE6CnZ3SYgqa_Gw6BXyT2HiVlZprB4B6qHrow,"https://t1.gstatic.com/faviconV2?client=SOCIAL&type=FAVICON&fallback_opts=TYPE,SIZE,URL&url=http://www.gritcycling.com/&size=48","https://search.google.com/local/reviews?placeid=ChIJJf-aHkANaYgRZ3ndux0iItg&q=bicycle+shop+near+New+Albany,+Indiana,+USA&authuser=0&hl=en",,https://www.facebook.com/GritCycling/, ,http://instagram.com/grit_cycling,https://www.youtube.com/channel/UCixbN2R8Gb_HkZ3mH3NLvYA
Gtown Bikes,150 W Main St  Georgetown  KY 40324  United States,150 W Main St,Georgetown,40324,Kentucky,US,America/New_York,15023704339,gtownbikes@yahoo.com,http://gtownbikes.com/,gtownbikes.com,Bicycle store, ,Yes,19,5,open,"Friday, 11 AM-6 PM; Saturday, 10 AM-5 PM; Sunday, Closed; Monday, Closed; Tuesday, 11 AM-6 PM; Wednesday, 11 AM-6 PM; Thursday, 11 AM-6 PM; ",10 AM-5 PM,Closed,Closed,11 AM-6 PM,11 AM-6 PM,11 AM-6 PM,11 AM-6 PM,Lat 38.2097897,Lng -84.5611608,https://www.google.com/maps/place/?q=place_id:ChIJBaKGygw_QogRKqdOGVcSs7c,https://www.google.com/search?kgmid=/g/11w1nzdcd9,https://lh5.googleusercontent.com/p/CIABIhBtD2M7vVJxeAxsq9sUidCk,"https://t1.gstatic.com/faviconV2?client=SOCIAL&type=FAVICON&fallback_opts=TYPE,SIZE,URL&url=http://gtownbikes.com/&size=48",https://search.google.com/local/reviews?placeid=ChIJBaKGygw_QogRKqdOGVcSs7c&q=Gtown+Bikes&authuser=0&hl=en,15023704339,https://www.facebook.com/p/G-Town-Bikes-61558311202672/, ,https://www.instagram.com/gtownbikes/?hl=en,
Nat's Outdoor Sports,1121 Wilkinson Trace  Bowling Green  KY 42103  United States,1121 Wilkinson Trace,Bowling Green,42103,Kentucky,US,America/Chicago,12708426211,info@natsoutdoor.com,https://www.natsoutdoor.com/,natsoutdoor.com,Bicycle repair shop,,Yes,124,4.5,open,"Friday, 10 AM-7 PM; Saturday, 10 AM-7 PM; Sunday, 12-5 PM; Monday, 10 AM-7 PM; Tuesday, 10 AM-7 PM; Wednesday, 10 AM-7 PM; Thursday, 10 AM-7 PM; ",10 AM-7 PM,12-5 PM,10 AM-7 PM,10 AM-7 PM,10 AM-7 PM,10 AM-7 PM,10 AM-7 PM,Lat 36.9706414,Lng -86.4329526,https://www.google.com/maps/place/?q=place_id:ChIJxyN29bvoZYgRif_IZqmDIVA,https://www.google.com/search?kgmid=/g/1tf6bsns,https://lh5.googleusercontent.com/p/CIHM0ogKEICAgIDEy-2TuAE,"https://t1.gstatic.com/faviconV2?client=SOCIAL&type=FAVICON&fallback_opts=TYPE,SIZE,URL&url=https://www.natsoutdoor.com/&size=48","https://search.google.com/local/reviews?placeid=ChIJxyN29bvoZYgRif_IZqmDIVA&q=bicycle+shop+near+Lebanon,+Kentucky,+USA&authuser=0&hl=en",,http://www.facebook.com/natsoutdoor,https://twitter.com/natsoutdoor,https://www.instagram.com/natsoutdoorsports/,
Pedego Electric Bikes Louisville,1403 Bardstown Rd  Louisville  KY 40204  United States,1403 Bardstown Rd,Louisville,40204,Kentucky,US,America/New_York,15027082888,info@pedegolouisville.com,https://pedegoelectricbikes.com/dealers/louisville/,pedegoelectricbikes.com,Bicycle store,Bicycle rental service,Yes,95,4.9,open,"Saturday, 10 AM-7 PM; Sunday, 12-7 PM; Monday, Closed; Tuesday, Closed; Wednesday, 10 AM-7 PM; Thursday, 10 AM-7 PM; Friday, 10 AM-7 PM; ",10 AM-7 PM,12-7 PM,Closed,Closed,10 AM-7 PM,10 AM-7 PM,10 AM-7 PM,Lat 38.2332456,Lng -85.71129789999999,https://www.google.com/maps/place/?q=place_id:ChIJfRwwHswMaYgROB7TVlhsaas,https://www.google.com/search?kgmid=/g/11f53t0r20,https://lh5.googleusercontent.com/p/AF1QipNXsNpC4E2Yaf6lDb44U_kVjac8hQRNTCUGXovp,"https://t1.gstatic.com/faviconV2?client=SOCIAL&type=FAVICON&fallback_opts=TYPE,SIZE,URL&url=https://pedegoelectricbikes.com/dealers/louisville/&size=48","https://search.google.com/local/reviews?placeid=ChIJfRwwHswMaYgROB7TVlhsaas&q=bicycle+shop+near+Corydon+town,+Indiana,+USA&authuser=0&hl=en",15027082888,https://www.facebook.com/355107835002859, ,https://www.instagram.com/pedego,https://www.youtube.com/@PedegoElectricBikes
N+1 Bikes,4050 Westport Rd Suite 100  Louisville  KY 40207  United States,4050 Westport Rd Suite 100,Louisville,40207,Kentucky,US,America/New_York,15027187246,shaun@n1bikes.com,http://n1bikes.com/,n1bikes.com,Bicycle store,Bicycle repair shop,Yes,107,4.9,open,"Saturday, 10 AM-6 PM; Sunday, 12-5 PM; Monday, 11 AM-8 PM; Tuesday, 10 AM-7 PM; Wednesday, 10 AM-7 PM; Thursday, 10 AM-7 PM; Friday, 10 AM-7 PM; ",10 AM-6 PM,12-5 PM,11 AM-8 PM,10 AM-7 PM,10 AM-7 PM,10 AM-7 PM,10 AM-7 PM,Lat 38.2558559,Lng -85.64971349999999,https://www.google.com/maps/place/?q=place_id:ChIJN5LMdip1aYgRSPYSvOobBs4,https://www.google.com/search?kgmid=/g/11px29fdzh,https://lh5.googleusercontent.com/p/AF1QipOakRHpxOuD45QW_cam-_WczAZCaLBYdAkP5NFa,"https://t1.gstatic.com/faviconV2?client=SOCIAL&type=FAVICON&fallback_opts=TYPE,SIZE,URL&url=http://n1bikes.com/&size=48","https://search.google.com/local/reviews?placeid=ChIJN5LMdip1aYgRSPYSvOobBs4&q=bicycle+shop+near+Corydon+town,+Indiana,+USA&authuser=0&hl=en",1-502-718-7246,https://www.facebook.com/p/N1-Bikes-USA-100069679935929, ,https://www.instagram.com/n1_bikes/?hl=en,https://www.youtube.com/channel/UCnxMNM8boRV8w_1ZQ1-8XpA
Reser Bicycle Outfitters,648 Monmouth St  Newport  KY 41071  United States,648 Monmouth St,Newport,41071,Kentucky,US,America/New_York,18592616187,support@reserbicycle.com,http://www.reserbicycle.com/,reserbicycle.com,Bicycle store,Bicycle rack,Yes,732,4.9,open,"Friday, 10 AM-6 PM; Saturday, 9 AM-5 PM; Sunday, Closed; Monday, 10 AM-6 PM; Tuesday, 10 AM-6 PM; Wednesday, 10 AM-6 PM; Thursday, 10 AM-6 PM; ",9 AM-5 PM,Closed,10 AM-6 PM,10 AM-6 PM,10 AM-6 PM,10 AM-6 PM,10 AM-6 PM,Lat 39.0902938,Lng -84.4926364,https://www.google.com/maps/place/?q=place_id:ChIJT3UQu22xQYgRqWDMHP-X7Vg,https://www.google.com/search?kgmid=/g/1vd3wgy5,https://lh5.googleusercontent.com/p/AF1QipMl_ZDFNPThAszk3qxRn_9oiibJvaT3GjqnRqYv,"https://t1.gstatic.com/faviconV2?client=SOCIAL&type=FAVICON&fallback_opts=TYPE,SIZE,URL&url=http://www.reserbicycle.com/&size=48","https://search.google.com/local/reviews?placeid=ChIJT3UQu22xQYgRqWDMHP-X7Vg&q=bicycle+shop+near+Richmond,+Kentucky,+USA&authuser=0&hl=en",8592616187 | 859-261-6187,https://www.facebook.com/reser.bicycle.outfitters/,https://twitter.com/reserbicycle,https://www.instagram.com/reserbicycle,
Wildcat Wheels,721 Sports Center Dr  Lexington  KY 40502  United States,721 Sports Center Dr,Lexington,40502,Kentucky,US,America/New_York,18592572494,ukpr@uky.edu,https://www.uky.edu/transportation/bike/wildcatwheels,uky.edu,Bicycle repair shop, ,No,20,5,open,"Friday, 10 AM-5 PM; Saturday, Closed; Sunday, Closed; Monday, 10 AM-5 PM; Tuesday, 10 AM-5 PM; Wednesday, 10 AM-5 PM; Thursday, 10 AM-5 PM; ",Closed,Closed,10 AM-5 PM,10 AM-5 PM,10 AM-5 PM,10 AM-5 PM,10 AM-5 PM,Lat 38.0273203,Lng -84.5011701,https://www.google.com/maps/place/?q=place_id:ChIJBfOH5_FFQogR2FxqIaateNE,https://www.google.com/search?kgmid=/g/11g3jkynqq,https://lh5.googleusercontent.com/p/CIHM0ogKEICAgICE5sfWaQ,"https://t1.gstatic.com/faviconV2?client=SOCIAL&type=FAVICON&fallback_opts=TYPE,SIZE,URL&url=https://www.uky.edu/transportation/bike/wildcatwheels&size=48","https://search.google.com/local/reviews?placeid=ChIJBfOH5_FFQogR2FxqIaateNE&q=bicycle+shop+near+Nicholasville,+Kentucky,+USA&authuser=0&hl=en",,https://www.facebook.com/UKWildcatWheels,https://twitter.com/UKParking,https://www.instagram.com/ukytransportation/,https://youtube.com/@ukytransportation?si=aLE2SGhmLK2vGCJg
Gear Up Cycles KY,102 N 15th St  Murray  KY 42071  United States,102 N 15th St,Murray,42071,Kentucky,US,America/Chicago,12707612453,,http://www.gearupcyclesky.com/,gearupcyclesky.com,Bicycle store,Bicycle repair shop,Yes,61,4.8,open,"Friday, 10 AM-6 PM; Saturday, 10 AM-6 PM; Sunday, Closed; Monday, Closed; Tuesday, 10 AM-6 PM; Wednesday, 10 AM-6 PM; Thursday, 10 AM-6 PM; ",10 AM-6 PM,Closed,Closed,10 AM-6 PM,10 AM-6 PM,10 AM-6 PM,10 AM-6 PM,Lat 36.6100839,Lng -88.3216028,https://www.google.com/maps/place/?q=place_id:ChIJzaneuadSeogRMHaRsDKQ2tA,https://www.google.com/search?kgmid=/g/1tcwm9p1,https://lh5.googleusercontent.com/p/AF1QipOx6SxAJyRSNFd1tFld_65nIwIpH5OO_gbFSuTP,"https://t1.gstatic.com/faviconV2?client=SOCIAL&type=FAVICON&fallback_opts=TYPE,SIZE,URL&url=http://www.gearupcyclesky.com/&size=48","https://search.google.com/local/reviews?placeid=ChIJzaneuadSeogRMHaRsDKQ2tA&q=bicycle+shop+near+Nicholasville,+Kentucky,+USA&authuser=0&hl=en",, , ,,
CycleSmith's Bike Shop,3928 Shelbyville Rd  Louisville  KY 40207  United States,3928 Shelbyville Rd,Louisville,40207,Kentucky,US,America/New_York,15026321585,,http://www.cycle-smiths.com/,cycle-smiths.com,Bicycle store,Bicycle rack,Yes,93,4.7,open,"Saturday, Closed; Sunday, Closed; Monday, 11 AM-5:30 PM; Tuesday, 11 AM-5:30 PM; Wednesday, 11 AM-5:30 PM; Thursday, 11 AM-5:30 PM; Friday, 11 AM-5:30 PM; ",Closed,Closed,11 AM-5:30 PM,11 AM-5:30 PM,11 AM-5:30 PM,11 AM-5:30 PM,11 AM-5:30 PM,Lat 38.2525444,Lng -85.6538554,https://www.google.com/maps/place/?q=place_id:ChIJB5KUUsN0aYgRkWo_vSX5xCY,https://www.google.com/search?kgmid=/g/119wmlwmb,https://lh5.googleusercontent.com/p/AF1QipOUIz-9XSOHJr69FmtE0BR5OVcRvA_jx45TSmMl,"https://t1.gstatic.com/faviconV2?client=SOCIAL&type=FAVICON&fallback_opts=TYPE,SIZE,URL&url=http://www.cycle-smiths.com/&size=48","https://search.google.com/local/reviews?placeid=ChIJB5KUUsN0aYgRkWo_vSX5xCY&q=bicycle+shop+near+Crestview+Hills,+Kentucky,+USA&authuser=0&hl=en",502-632-1585,https://www.facebook.com/Louisvillebicycleshop/?ref=br_rs, ,https://www.instagram.com/cyclesmiths/,
R&D Cycle Works,Commerce Pk  Ashland  KY 41102  United States,Commerce Pk,Ashland,41102,Kentucky,US,America/New_York,,,,,Bicycle repair shop, ,No,1,5,open, ,,,,,,,,Lat 38.406605899999995,Lng -82.7155949,https://www.google.com/maps/place/?q=place_id:ChIJAU_hdhXYRYgRYer-_UxnQoE,https://www.google.com/search?kgmid=/g/11k5ltn14q,https://lh5.googleusercontent.com/p/Y3EUZVB6hwl661kjh9jO-g, ,"https://search.google.com/local/reviews?placeid=ChIJAU_hdhXYRYgRYer-_UxnQoE&q=bicycle+shop+near+Ashland,+Kentucky,+USA&authuser=0&hl=en", , , , , 
Freeride Bike Shop  Mobile Repair,2313 Chateaugay Loop  Owensboro  KY 42301  United States,2313 Chateaugay Loop,Owensboro,42301,Kentucky,US,America/Chicago,12704858870,,,,Bicycle repair shop, ,Yes,27,4.9,open,"Saturday, 10 AM-3 PM; Sunday, Closed; Monday, 9 AM-5 PM; Tuesday, 9 AM-5 PM; Wednesday, 9 AM-5 PM; Thursday, 9 AM-5 PM; Friday, 12-6 PM; ",10 AM-3 PM,Closed,9 AM-5 PM,9 AM-5 PM,9 AM-5 PM,9 AM-5 PM,12-6 PM,Lat 37.7455151,Lng -87.1417216,https://www.google.com/maps/place/?q=place_id:ChIJMep4eie6b4gRAdoiVFvbb9A,https://www.google.com/search?kgmid=/g/11hbn291sc,https://lh5.googleusercontent.com/p/AF1QipOHJA_J1LXFbkCz16-Sjrg3WuYVY8IbytH3bIEP, ,"https://search.google.com/local/reviews?placeid=ChIJMep4eie6b4gRAdoiVFvbb9A&q=bicycle+shop+near+Benton,+Kentucky,+USA&authuser=0&hl=en", , , , , 
The Office - Bicycle Sales & Service,7321 New La Grange Rd  Louisville  KY 40222  United States,7321 New La Grange Rd,Louisville,40222,Kentucky,US,America/New_York,15025330574,,,,Bicycle repair shop, ,Yes,10,4.5,open,"Friday, Open 24 hours; Saturday, Open 24 hours; Sunday, Open 24 hours; Monday, Open 24 hours; Tuesday, Open 24 hours; Wednesday, Open 24 hours; Thursday, Open 24 hours; ",Open 24 hours,Open 24 hours,Open 24 hours,Open 24 hours,Open 24 hours,Open 24 hours,Open 24 hours,Lat 38.2510161,Lng -85.6161606,https://www.google.com/maps/place/?q=place_id:ChIJNQDHew11aYgRXhnUU7519zs,https://www.google.com/search?kgmid=/g/11jsqdlfvt,https://lh5.googleusercontent.com/p/CIHM0ogKEICAgIC-j6GnhgE, ,"https://search.google.com/local/reviews?placeid=ChIJNQDHew11aYgRXhnUU7519zs&q=bicycle+shop+near+Douglass+Hills,+Kentucky,+USA&authuser=0&hl=en", , , , , 
Outdoors on Wheels,9433 Hwy 805  Jenkins  KY 41537  United States,9433 Hwy 805,Jenkins,41537,Kentucky,US,America/New_York,,,,,Bicycle store, ,No,,,open,"Saturday, Closed; Sunday, Closed; Monday, 8 AM-9 PM; Tuesday, Closed; Wednesday, 8 AM-9 PM; Thursday, 8 AM-9 PM; Friday, 8 AM-9 PM; ",Closed,Closed,8 AM-9 PM,Closed,8 AM-9 PM,8 AM-9 PM,8 AM-9 PM,Lat 37.1712759,Lng -82.6349445,https://www.google.com/maps/place/?q=place_id:ChIJ4TWkbXg3RYgRZaxvSNjqtng,https://www.google.com/search?kgmid=/g/11sycqnmlq,https://lh5.googleusercontent.com/p/UlfU4jTM7qZCzPxJgGL1Jg, , , , , , , 
Outdoor Ventures Schwinn,1498 N Dixie Blvd #1  Radcliff  KY 40160  United States,1498 N Dixie Blvd #1,Radcliff,40160,Kentucky,US,America/New_York,12703515767,,,,Bicycle store,Bicycle repair shop,Yes,57,4.8,open,"Friday, 9 AM-6 PM; Saturday, 9 AM-4 PM; Sunday, Closed; Monday, Closed; Tuesday, 9 AM-6 PM; Wednesday, 9 AM-6 PM; Thursday, 9 AM-6 PM; ",9 AM-4 PM,Closed,Closed,9 AM-6 PM,9 AM-6 PM,9 AM-6 PM,9 AM-6 PM,Lat 37.8566527,Lng -85.9528591,https://www.google.com/maps/place/?q=place_id:ChIJ7Zz8UVvnaIgRHHnWSYFbdPQ,https://www.google.com/search?kgmid=/g/1tfscl6x,https://lh5.googleusercontent.com/p/AF1QipOJNqvS4yzuIx2j2F6JnCF6jsXZH657c6nqn6tb, ,"https://search.google.com/local/reviews?placeid=ChIJ7Zz8UVvnaIgRHHnWSYFbdPQ&q=bicycle+shop+near+Lebanon,+Kentucky,+USA&authuser=0&hl=en", , , , , 
Bike the Runway,1461 Campbellsville Rd  Hodgenville  KY 42748  United States,1461 Campbellsville Rd,Hodgenville,42748,Kentucky,US,America/New_York,12703589543,,,,Bicycle store, ,No,,,open,"Saturday, Closed; Sunday, Closed; Monday, Open 24 hours; Tuesday, Open 24 hours; Wednesday, Open 24 hours; Thursday, Open 24 hours; Friday, Open 24 hours; ",Closed,Closed,Open 24 hours,Open 24 hours,Open 24 hours,Open 24 hours,Open 24 hours,Lat 37.5602125,Lng -85.7211679,https://www.google.com/maps/place/?q=place_id:ChIJBRDNh_qNaIgRbHkA6Oa8cqk,https://www.google.com/search?kgmid=/g/11q9rzl4r8, , , , , , , , 
D&w Cycle Parte,1711 KY-40  Staffordsville  KY 41256  United States,1711 KY-40,Staffordsville,41256,Kentucky,US,America/New_York,,,,,Bicycle store, ,No,,,open, ,,,,,,,,Lat 37.8298704,Lng -82.8531692,https://www.google.com/maps/place/?q=place_id:ChIJcwd2V5erRYgRD7h90k6oebg,https://www.google.com/search?kgmid=/g/11wwsjyjmf, , , , , , , , 
13th Street Bike Shop,1250 Park Ave  Paducah  KY 42001  United States,1250 Park Ave,Paducah,42001,Kentucky,US,America/Chicago,12706810689,,,,Bicycle store, ,Yes,11,5,open,"Saturday, Closed; Sunday, Closed; Monday, 9 AM-5 AM; Tuesday, 9 AM-4 PM; Wednesday, Closed; Thursday, Closed; Friday, 2-8 PM; ",Closed,Closed,9 AM-5 AM,9 AM-4 PM,Closed,Closed,2-8 PM,Lat 37.087267,Lng -88.61480829999999,https://www.google.com/maps/place/?q=place_id:ChIJG89RSEEReogRRqwBq3JRz4Q,https://www.google.com/search?kgmid=/g/11sjt5_ktg,https://lh5.googleusercontent.com/p/AF1QipNAYTrc6gq6MbJcaZ83LxV6pudqRLL9pvUnz6T4, ,"https://search.google.com/local/reviews?placeid=ChIJG89RSEEReogRRqwBq3JRz4Q&q=bicycle+shop+near+South+Shore,+Kentucky,+USA&authuser=0&hl=en", , , , , 
CYCLEBOX,Greensburg  KY 42743  United States,Greensburg  KY 42743,Greensburg, ,Kentucky,US,America/Chicago,,,,,Bicycle store, ,No,,,open, ,,,,,,,,Lat 37.2613087,Lng -85.5012321,https://www.google.com/maps/place/?q=place_id:ChIJIzZFOCJ5aIgRzsKG1-D-Oi8,https://www.google.com/search?kgmid=/g/11wc31dksg,https://lh5.googleusercontent.com/p/w21E5cUvlfM6UBT5pNeJOA, , , , , , , 
Runners Shop Sports,46 Oak Ridge Church Rd  Corbin  KY 40701  United States,46 Oak Ridge Church Rd,Corbin,40701,Kentucky,US,America/New_York,16065239943,,,,Bicycle store,Bicycle repair shop,Yes,24,4.6,open,"Saturday, 10 AM-2 PM; Sunday, Closed; Monday, 10 AM-5 PM; Tuesday, 10 AM-5 PM; Wednesday, 10 AM-5 PM; Thursday, 10 AM-5 PM; Friday, 10 AM-5 PM; ",10 AM-2 PM,Closed,10 AM-5 PM,10 AM-5 PM,10 AM-5 PM,10 AM-5 PM,10 AM-5 PM,Lat 36.9640425,Lng -84.079098,https://www.google.com/maps/place/?q=place_id:ChIJLXqHN2bFXIgRZ8lkdaWLW6g,https://www.google.com/search?kgmid=/g/1vl9s6hb,https://lh5.googleusercontent.com/p/CIHM0ogKEICAgID2ifqQPw, ,"https://search.google.com/local/reviews?placeid=ChIJLXqHN2bFXIgRZ8lkdaWLW6g&q=bicycle+shop+near+Barbourville,+Kentucky,+USA&authuser=0&hl=en", , , , , 
Pedal Less Ebikes  LLC,2816 Poole Mill Rd  Crofton  KY 42217  United States,2816 Poole Mill Rd,Crofton,42217,Kentucky,US,America/Chicago,12708893606,,,,Bicycle store, ,No,,,open, ,,,,,,,,Lat 37.062614499999995,Lng -87.5327128,https://www.google.com/maps/place/?q=place_id:ChIJp7FAQPBNZYgReujc0LNsvxg,https://www.google.com/search?kgmid=/g/11t9rh5csb,https://lh5.googleusercontent.com/p/02lzwqCma4slpaQQkfr8QA, , , , , , , 
KHS Bicycles  Inc.,1825 Laser Ln  Louisville  KY 40299  United States,1825 Laser Ln,Louisville,40299,Kentucky,US,America/New_York,15024919580,,,,Bicycle wholesaler, ,No,2,4.5,open,"Friday, 9 AM-5 PM; Saturday, Closed; Sunday, Closed; Monday, 9 AM-5 PM; Tuesday, 9 AM-5 PM; Wednesday, 9 AM-5 PM; Thursday, 9 AM-5 PM; ",Closed,Closed,9 AM-5 PM,9 AM-5 PM,9 AM-5 PM,9 AM-5 PM,9 AM-5 PM,Lat 38.2180732,Lng -85.5681151,https://www.google.com/maps/place/?q=place_id:ChIJ-6o0ITGgaYgR4KeK96936No,https://www.google.com/search?kgmid=/g/1tdh95ms,https://lh5.googleusercontent.com/p/sbxS051VYDaSIR9nr5xxuA, ,"https://search.google.com/local/reviews?placeid=ChIJ-6o0ITGgaYgR4KeK96936No&q=bicycle+shop+near+Douglass+Hills,+Kentucky,+USA&authuser=0&hl=en", , , , , 
Limestone Cycling Tour,100 Limestone St  Maysville  KY 41056  United States,100 Limestone St,Maysville,41056,Kentucky,US,America/New_York,,,https://limestonecyclingtour.com/,limestonecyclingtour.com,Bicycle club, ,No,2,5,open, ,,,,,,,,Lat 38.6473551,Lng -83.76232929999999,https://www.google.com/maps/place/?q=place_id:ChIJZVm4YgdQQYgRLG8Wy7gpVrc,https://www.google.com/search?kgmid=/g/11hy9p8w4d,https://lh5.googleusercontent.com/p/CIHM0ogKEICAgIC1rrHjVA,"https://t1.gstatic.com/faviconV2?client=SOCIAL&type=FAVICON&fallback_opts=TYPE,SIZE,URL&url=https://limestonecyclingtour.com/&size=48","https://search.google.com/local/reviews?placeid=ChIJZVm4YgdQQYgRLG8Wy7gpVrc&q=bicycle+shop+near+Maysville,+Kentucky,+USA&authuser=0&hl=en",, , ,,
Pedal Power,4100 Shelbyville Rd  Louisville  KY 40207  United States,4100 Shelbyville Rd,Louisville,40207,Kentucky,US,America/New_York,15022962800,,https://beargrass.org/pedal-power/,beargrass.org,Bicycle rack, ,Yes,2,3,open,"Saturday, 10 AM-12 PM; Sunday, Closed; Monday, Closed; Tuesday, Closed; Wednesday, 10 AM-12 PM; Thursday, Closed; Friday, Closed; ",10 AM-12 PM,Closed,Closed,Closed,10 AM-12 PM,Closed,Closed,Lat 38.251464999999996,Lng -85.6452285,https://www.google.com/maps/place/?q=place_id:ChIJdTApOHDLIIIRLbvmqqmd19g,https://www.google.com/search?kgmid=/g/11t_tfq19m,https://lh5.googleusercontent.com/p/AF1QipOhRxtrAwgRrTPiEFeNqGxdYdPmf3oV79j-cmqC,"https://t1.gstatic.com/faviconV2?client=SOCIAL&type=FAVICON&fallback_opts=TYPE,SIZE,URL&url=https://beargrass.org/pedal-power/&size=48","https://search.google.com/local/reviews?placeid=ChIJdTApOHDLIIIRLbvmqqmd19g&q=bicycle+shop+near+Barbourmeade,+Kentucky,+USA&authuser=0&hl=en",, , , , 
RentaBikeNow for Store #154,11520 Shelbyville Rd  Louisville  KY 40243  United States,11520 Shelbyville Rd,Louisville,40243,Kentucky,US,America/New_York,18474414292,,http://www.rentabikenow.com/store?loc=schellersfitness,rentabikenow.com,Bicycle rental service, ,Yes,,,open, ,,,,,,,,Lat 38.2451842,Lng -85.5425927,https://www.google.com/maps/place/?q=place_id:ChIJre-KrGmfaYgRojxiSOefhLE,https://www.google.com/search?kgmid=/g/1262d5x16,https://lh5.googleusercontent.com/p/MZrI5LqujX576PdRmsbZ0Q,"https://t1.gstatic.com/faviconV2?client=SOCIAL&type=FAVICON&fallback_opts=TYPE,SIZE,URL&url=http://www.rentabikenow.com/store?loc=schellersfitness&size=48", ,,https://www.facebook.com/RentaBikeNow,https://twitter.com/rentabikenow,,
Grand Rivers Bike Rentals,1858 J H O'Bryan Ave  Grand Rivers  KY 42045  United States,1858 J H O'Bryan Ave,Grand Rivers,42045,Kentucky,US,America/Chicago,12703620152,,https://grandrivers.org/BikeRental,grandrivers.org,Bicycle rental service, ,Yes,2,5,open,"Saturday, 5 AM-10 PM; Sunday, 5 AM-10 PM; Monday, 5 AM-10 PM; Tuesday, 5 AM-10 PM; Wednesday, 5 AM-10 PM; Thursday, 5 AM-10 PM; Friday, 5 AM-10 PM; ",5 AM-10 PM,5 AM-10 PM,5 AM-10 PM,5 AM-10 PM,5 AM-10 PM,5 AM-10 PM,5 AM-10 PM,Lat 37.001638199999995,Lng -88.2341421,https://www.google.com/maps/place/?q=place_id:ChIJxwIaCP5heogRw-EQ2moJAZk,https://www.google.com/search?kgmid=/g/11twzdsnzl,https://lh5.googleusercontent.com/p/AF1QipNdLEfBU29useAkk0rqiIlZ3lze0_SAInuJwqcx,"https://t1.gstatic.com/faviconV2?client=SOCIAL&type=FAVICON&fallback_opts=TYPE,SIZE,URL&url=https://grandrivers.org/BikeRental&size=48","https://search.google.com/local/reviews?placeid=ChIJxwIaCP5heogRw-EQ2moJAZk&q=bicycle+shop+near+Eddyville,+Kentucky,+USA&authuser=0&hl=en",2703620152,https://www.facebook.com/groups/groccupationconnections,https://twitter.com/grandriversky,https://www.instagram.com/grandriversky,https://www.youtube.com/@grandriversky
Broomwagon Cooperative Bike Shop,800 N Limestone  Lexington  KY 40505  United States,800 N Limestone,Lexington,40505,Kentucky,US,America/New_York,18595546938,,http://www.broomwagonbikes.com/,broomwagonbikes.com,Bicycle repair shop,Bicycle Shop,Yes,309,4.7,open,"Friday, 11 AM-6 PM; Saturday, 11 AM-4 PM; Sunday, 11 AM-4 PM; Monday, Closed; Tuesday, Closed; Wednesday, 11 AM-6 PM; Thursday, 11 AM-6 PM; ",11 AM-4 PM,11 AM-4 PM,Closed,Closed,11 AM-6 PM,11 AM-6 PM,11 AM-6 PM,Lat 38.0572768,Lng -84.4812579,https://www.google.com/maps/place/?q=place_id:ChIJ9zbLO_5EQogRxYEHTMXFc0E,https://www.google.com/search?kgmid=/g/11bw1wjmh1,https://lh5.googleusercontent.com/p/CIHM0ogKEICAgIDMnNe2xQE,"https://t1.gstatic.com/faviconV2?client=SOCIAL&type=FAVICON&fallback_opts=TYPE,SIZE,URL&url=http://www.broomwagonbikes.com/&size=48","https://search.google.com/local/reviews?placeid=ChIJ9zbLO_5EQogRxYEHTMXFc0E&q=bicycle+shop+near+Richmond,+Kentucky,+USA&authuser=0&hl=en",,https://www.facebook.com/moodymikesveganfood/, ,,
North 25 Motorized Bikes,4442 US-25  East Bernstadt  KY 40729  United States,4442 US-25,East Bernstadt,40729,Kentucky,US,America/New_York,16063892913,,https://www.facebook.com/profile.php?id=100081009136840&mibextid=ZbWKwL,facebook.com,Bicycle repair shop, ,Yes,1,5,open,"Saturday, 9 AM-5 PM; Sunday, 9 AM-5 PM; Monday, 9 AM-5 PM; Tuesday, 9 AM-5 PM; Wednesday, 9 AM-5 PM; Thursday, 9 AM-5 PM; Friday, 9 AM-5 PM; ",9 AM-5 PM,9 AM-5 PM,9 AM-5 PM,9 AM-5 PM,9 AM-5 PM,9 AM-5 PM,9 AM-5 PM,Lat 37.190603599999996,Lng -84.148893,https://www.google.com/maps/place/?q=place_id:ChIJnSX3N7UtQ4gRPbeQVrkfw0k,https://www.google.com/search?kgmid=/g/11sqcl9gyf,https://lh5.googleusercontent.com/p/9CxFY9DCVkfT6kNke_GiFw,"https://t1.gstatic.com/faviconV2?client=SOCIAL&type=FAVICON&fallback_opts=TYPE,SIZE,URL&url=https://www.facebook.com/profile.php?id=100081009136840&mibextid=ZbWKwL&size=48","https://search.google.com/local/reviews?placeid=ChIJnSX3N7UtQ4gRPbeQVrkfw0k&q=bicycle+shop+near+Hickman,+Kentucky,+USA&authuser=0&hl=en",, , ,,
Shifty Business Cycleworks,1125 Logan St  Louisville  KY 40204  United States,1125 Logan St,Louisville,40204,Kentucky,US,America/New_York,15023652560,,http://www.shifty-business.com/,shifty-business.com,Bicycle repair shop, ,Yes,39,5,open,"Saturday, 10 AM-6 PM; Sunday, Closed; Monday, Closed; Tuesday, 10 AM-6 PM; Wednesday, 10 AM-6 PM; Thursday, 10 AM-6 PM; Friday, 10 AM-6 PM; ",10 AM-6 PM,Closed,Closed,10 AM-6 PM,10 AM-6 PM,10 AM-6 PM,10 AM-6 PM,Lat 38.234384299999995,Lng -85.7396479,https://www.google.com/maps/place/?q=place_id:ChIJpVeVRBwNaYgRO9gtqKGqjB0,https://www.google.com/search?kgmid=/g/11kq6q0nbj,https://lh5.googleusercontent.com/p/AF1QipPzFNtE-GoGrxqM_jEXUYQlr-SNCbVHlw_rbVDe,"https://t1.gstatic.com/faviconV2?client=SOCIAL&type=FAVICON&fallback_opts=TYPE,SIZE,URL&url=http://www.shifty-business.com/&size=48","https://search.google.com/local/reviews?placeid=ChIJpVeVRBwNaYgRO9gtqKGqjB0&q=bicycle+shop+near+Indian+Hills,+Kentucky,+USA&authuser=0&hl=en",, , ,http://www.instagram.com/shiftybusiness_cycleworks,
Hanekamp Manor Bikes & Books,418 Front St  Garrett  KY 41630  United States,418 Front St,Garrett,41630,Kentucky,US,America/New_York,16069491164,,https://hanekampmanor.carrd.co/,hanekampmanor.carrd.co,Bicycle repair shop, ,Yes,1,5,open,"Friday, 12-6 AM | 10 AM-12 AM; Saturday, 12-6 AM | 10 AM-12 AM; Sunday, 12-6 AM; Monday, 10 AM-12 AM; Tuesday, 12-6 AM | 10 AM-12 AM; Wednesday, 12-6 AM | 10 AM-12 AM; Thursday, 12-6 AM | 10 AM-12 AM; ",12-6 AM | 10 AM-12 AM,12–6 AM,10 AM-12 AM,12-6 AM | 10 AM-12 AM,12-6 AM | 10 AM-12 AM,12-6 AM | 10 AM-12 AM,12-6 AM | 10 AM-12 AM,Lat 37.4786566,Lng -82.8340738,https://www.google.com/maps/place/?q=place_id:ChIJPyAEFm0fRYgRy_cmrrC1ySk,https://www.google.com/search?kgmid=/g/11t2_w1w4b,https://lh5.googleusercontent.com/p/AF1QipNdnOKrX4M3BsPfOZ8l03rgsDNTFuQfEC02vm0,"https://t1.gstatic.com/faviconV2?client=SOCIAL&type=FAVICON&fallback_opts=TYPE,SIZE,URL&url=https://hanekampmanor.carrd.co/&size=48","https://search.google.com/local/reviews?placeid=ChIJPyAEFm0fRYgRy_cmrrC1ySk&q=bicycle+shop+near+Marion,+Kentucky,+USA&authuser=0&hl=en",,https://www.facebook.com/hanekampmanor/about, ,https://www.instagram.com/hanekampmanor?igsh=a2FvbHg0dWx5cXBw,https://youtube.com/@hanekampmanor?si=pbkCzWYmt587OGuX
Vic's Classic Bikes,3141 Preston Hwy  Louisville  KY 40213  United States,3141 Preston Hwy,Louisville,40213,Kentucky,US,America/New_York,15025525669,,http://www.vicsclassicbikes.com/,vicsclassicbikes.com,Bicycle repair shop, ,Yes,100,4.3,open,"Saturday, 10 AM-5 PM; Sunday, 12-4 PM; Monday, Closed; Tuesday, Closed; Wednesday, 12-2:30 PM; Thursday, 12-2:30 PM; Friday, 12-2:30 PM; ",10 AM-5 PM,12-4 PM,Closed,Closed,12-2:30 PM,12-2:30 PM,12-2:30 PM,Lat 38.2032939,Lng -85.7349507,https://www.google.com/maps/place/?q=place_id:ChIJqecGeipzaYgRk4gYAzSpSs8,https://www.google.com/search?kgmid=/g/1tkc2vpx,https://lh5.googleusercontent.com/p/AF1QipPISxLD34N9f0r5OTRMZ5aj7omxtarrUuohAoD7,"https://t1.gstatic.com/faviconV2?client=SOCIAL&type=FAVICON&fallback_opts=TYPE,SIZE,URL&url=http://www.vicsclassicbikes.com/&size=48","https://search.google.com/local/reviews?placeid=ChIJqecGeipzaYgRk4gYAzSpSs8&q=bicycle+shop+near+Marion,+Kentucky,+USA&authuser=0&hl=en",,https://www.facebook.com/vicsclassicbikes/, ,,
The Broke Spoke Community Bike Shop,501 W 6th St UNIT 130  Lexington  KY 40508  United States,501 W 6th St UNIT 130,Lexington,40508,Kentucky,US,America/New_York,18592073000,,http://thebrokespoke.org/,thebrokespoke.org,Bicycle repair shop, ,Yes,104,4.8,open,"Friday, Closed; Saturday, Closed; Sunday, 1-5 PM; Monday, 1-5 PM; Tuesday, Closed; Wednesday, Closed; Thursday, 1-5 PM; ",Closed,1-5 PM,1-5 PM,Closed,Closed,1-5 PM,Closed,Lat 38.0597967,Lng -84.4922718,https://www.google.com/maps/place/?q=place_id:ChIJT7KGv_dEQogR4I_uu9hhJeU,https://www.google.com/search?kgmid=/g/11bwp20kh_,https://lh5.googleusercontent.com/p/CIHM0ogKEICAgIDB7pzaiQE,"https://t1.gstatic.com/faviconV2?client=SOCIAL&type=FAVICON&fallback_opts=TYPE,SIZE,URL&url=http://thebrokespoke.org/&size=48","https://search.google.com/local/reviews?placeid=ChIJT7KGv_dEQogR4I_uu9hhJeU&q=bicycle+shop+near+Nicholasville,+Kentucky,+USA&authuser=0&hl=en",, , ,,
E-Rides,3230 Frankfort Ave  Louisville  KY 40206  United States,3230 Frankfort Ave,Louisville,40206,Kentucky,US,America/New_York,15024924935,,http://www.e-ridesusa.com/,e-ridesusa.com,Bicycle store, ,Yes,104,4.9,open,"Friday, 10 AM-5 PM; Saturday, 10 AM-2 PM; Sunday, Closed; Monday, 10 AM-5 PM; Tuesday, 10 AM-5 PM; Wednesday, 10 AM-5 PM; Thursday, 10 AM-5 PM; ",10 AM-2 PM,Closed,10 AM-5 PM,10 AM-5 PM,10 AM-5 PM,10 AM-5 PM,10 AM-5 PM,Lat 38.254071499999995,Lng -85.6737059,https://www.google.com/maps/place/?q=place_id:ChIJ3yrcGjYNaYgR__7Om3u6iuY,https://www.google.com/search?kgmid=/g/11rgbss7w9,https://lh5.googleusercontent.com/p/CIHM0ogKEICAgICR4Pzo6wE,"https://t1.gstatic.com/faviconV2?client=SOCIAL&type=FAVICON&fallback_opts=TYPE,SIZE,URL&url=http://www.e-ridesusa.com/&size=48","https://search.google.com/local/reviews?placeid=ChIJ3yrcGjYNaYgR__7Om3u6iuY&q=bicycle+shop+near+Frankfort,+Kentucky,+USA&authuser=0&hl=en",5024924935 | 8596533729,https://www.facebook.com/people/E-Rides/100068218321919/, ,,https://www.youtube.com/@erides6584
E'Town Schwinn Cyclery,403 S Mulberry St  Elizabethtown  KY 42701  United States,403 S Mulberry St,Elizabethtown,42701,Kentucky,US,America/New_York,12707695767,,https://www.facebook.com/Etown-Schwinn-Cyclery-163542583670775/,facebook.com,Bicycle store, ,No,46,4.7,open,"Friday, 9 AM-5:30 PM; Saturday, 9 AM-2 PM; Sunday, Closed; Monday, Closed; Tuesday, 9 AM-5:30 PM; Wednesday, 9 AM-5:30 PM; Thursday, 9 AM-5:30 PM; ",9 AM-2 PM,Closed,Closed,9 AM-5:30 PM,9 AM-5:30 PM,9 AM-5:30 PM,9 AM-5:30 PM,Lat 37.6899289,Lng -85.86403279999999,https://www.google.com/maps/place/?q=place_id:ChIJ5a-1NSHpaIgRxT3Mo2fP3Z8,https://www.google.com/search?kgmid=/g/1tm2bdrz,https://lh5.googleusercontent.com/p/CIHM0ogKEICAgIDczKX8UA,"https://t1.gstatic.com/faviconV2?client=SOCIAL&type=FAVICON&fallback_opts=TYPE,SIZE,URL&url=https://www.facebook.com/Etown-Schwinn-Cyclery-163542583670775/&size=48","https://search.google.com/local/reviews?placeid=ChIJ5a-1NSHpaIgRxT3Mo2fP3Z8&q=bicycle+shop+near+Elizabethtown,+Kentucky,+USA&authuser=0&hl=en",, , ,,
Source BMX USA,3900 Cane Run Rd  Louisville  KY 40211  United States,3900 Cane Run Rd,Louisville,40211,Kentucky,US,America/New_York,18555642152,,https://us.sourcebmx.com/,us.sourcebmx.com,Bicycle store, ,Yes,51,3.7,open,"Saturday, Closed; Sunday, Closed; Monday, Open 24 hours; Tuesday, Open 24 hours; Wednesday, Open 24 hours; Thursday, Open 24 hours; Friday, Open 24 hours; ",Closed,Closed,Open 24 hours,Open 24 hours,Open 24 hours,Open 24 hours,Open 24 hours,Lat 38.2135076,Lng -85.82103169999999,https://www.google.com/maps/place/?q=place_id:ChIJ6Q8Ygyd1aYgRuv_U04FQot4,https://www.google.com/search?kgmid=/g/11h8_pkc4f,https://lh5.googleusercontent.com/p/CIHM0ogKEICAgICbyKauYw,"https://t1.gstatic.com/faviconV2?client=SOCIAL&type=FAVICON&fallback_opts=TYPE,SIZE,URL&url=https://us.sourcebmx.com/&size=48","https://search.google.com/local/reviews?placeid=ChIJ6Q8Ygyd1aYgRuv_U04FQot4&q=bicycle+shop+near+Corydon+town,+Indiana,+USA&authuser=0&hl=en",, , ,,
Trek Bicycle Fort Wright,1999 Dixie Hwy  Fort Wright  KY 41011  United States,1999 Dixie Hwy,Fort Wright,41011,Kentucky,US,America/New_York,18597570073,,https://www.trekbikes.com/us/en_US/retail/fort_wright/?y_source=1_Mjg0Mjg3MjctNzE1LWxvY2F0aW9uLndlYnNpdGU%3D,trekbikes.com,Bicycle store,Bicycle rental service,Yes,348,4.9,open,"Friday, 10 AM-6 PM; Saturday, 10 AM-6 PM; Sunday, 12-5 PM; Monday, 10 AM-6 PM; Tuesday, 10 AM-6 PM; Wednesday, 10 AM-6 PM; Thursday, 10 AM-6 PM; ",10 AM-6 PM,12-5 PM,10 AM-6 PM,10 AM-6 PM,10 AM-6 PM,10 AM-6 PM,10 AM-6 PM,Lat 39.055263,Lng -84.54761599999999,https://www.google.com/maps/place/?q=place_id:ChIJ82530ha3QYgRcR3_YheRHsM,https://www.google.com/search?kgmid=/g/11by_x74mv,https://lh5.googleusercontent.com/p/AF1QipNZ8NCnBss0KI_uZObOCCjlxQbqmdN6T_tWj7SH,"https://t1.gstatic.com/faviconV2?client=SOCIAL&type=FAVICON&fallback_opts=TYPE,SIZE,URL&url=https://www.trekbikes.com/us/en_US/retail/fort_wright/?y_source=1_Mjg0Mjg3MjctNzE1LWxvY2F0aW9uLndlYnNpdGU%3D&size=48","https://search.google.com/local/reviews?placeid=ChIJ82530ha3QYgRcR3_YheRHsM&q=bicycle+shop+near+Frankfort,+Kentucky,+USA&authuser=0&hl=en",,https://www.facebook.com/TrekBicycle,https://twitter.com/trekbikes,https://instagram.com/trekbikes/,https://www.youtube.com/user/trekbikesusa
Bikes & Moore,200 Sivley Rd  Hopkinsville  KY 42240  United States,200 Sivley Rd,Hopkinsville,42240,Kentucky,US,America/Chicago,12708850613,,https://www.bikesandmoore.com/,bikesandmoore.com,Bicycle store, ,Yes,370,4.9,open,"Friday, 10 AM-6 PM; Saturday, Closed; Sunday, Closed; Monday, Closed; Tuesday, 10 AM-6 PM; Wednesday, 10 AM-6 PM; Thursday, 10 AM-6 PM; ",Closed,Closed,Closed,10 AM-6 PM,10 AM-6 PM,10 AM-6 PM,10 AM-6 PM,Lat 36.8282679,Lng -87.47663849999999,https://www.google.com/maps/place/?q=place_id:ChIJBSFLtO0zZYgR4OLXgAyoDGM,https://www.google.com/search?kgmid=/g/1vxzbb__,https://lh5.googleusercontent.com/p/CIHM0ogKEICAgIC4xuqUVg,"https://t1.gstatic.com/faviconV2?client=SOCIAL&type=FAVICON&fallback_opts=TYPE,SIZE,URL&url=https://www.bikesandmoore.com/&size=48",https://search.google.com/local/reviews?placeid=ChIJBSFLtO0zZYgR4OLXgAyoDGM&q=Bikes+%26+Moore&authuser=0&hl=en,1-270-885-0613, , ,,
Pro Fitness Cycling & 24/7 Fitness,1243 S Lake Dr  Prestonsburg  KY 41653  United States,1243 S Lake Dr,Prestonsburg,41653,Kentucky,US,America/New_York,16068868604,,http://www.profitnessky.com/,profitnessky.com,Bicycle store,Aerobics instructor,Yes,,,open,"Saturday, 10 AM-2 PM; Sunday, Closed; Monday, 9 AM-5 PM; Tuesday, 9 AM-5 PM; Wednesday, 9 AM-5 PM; Thursday, 9 AM-5 PM; Friday, 9 AM-5 PM; ",10 AM-2 PM,Closed,9 AM-5 PM,9 AM-5 PM,9 AM-5 PM,9 AM-5 PM,9 AM-5 PM,Lat 37.667247599999996,Lng -82.761028,https://www.google.com/maps/place/?q=place_id:ChIJD6JqL3IFRYgRrq8cBTtHXhg,https://www.google.com/search?kgmid=/g/11rccxymnn,https://lh5.googleusercontent.com/p/AF1QipNI1Aq5fKO5_SSIk3eQ0nqVTHAUiPXTOeyi8Yr2,"https://t1.gstatic.com/faviconV2?client=SOCIAL&type=FAVICON&fallback_opts=TYPE,SIZE,URL&url=http://www.profitnessky.com/&size=48", ,16068868604,https://www.facebook.com/multisport1/, ,,
Bullmoose Brothers Bicycles LLC,1201 N Dixie Hwy  Elizabethtown  KY 42701  United States,1201 N Dixie Hwy,Elizabethtown,42701,Kentucky,US,America/New_York,15025515396,,http://www.bullmoosebrothersbicycles.com/,bullmoosebrothersbicycles.com,Bicycle store, ,Yes,27,4.8,open,"Friday, 12-6 PM; Saturday, 12-6 PM; Sunday, Closed; Monday, 12-8 PM; Tuesday, 12-5 PM; Wednesday, 12-5 PM; Thursday, 12-5 PM; ",12-6 PM,Closed,12-8 PM,12-5 PM,12-5 PM,12-5 PM,12-6 PM,Lat 37.7188746,Lng -85.8784896,https://www.google.com/maps/place/?q=place_id:ChIJE7eSeifpaIgRx318x4hA_l0,https://www.google.com/search?kgmid=/g/11g9w11f0n,https://lh5.googleusercontent.com/p/CIHM0ogKEICAgICZz_GnlwE,"https://t1.gstatic.com/faviconV2?client=SOCIAL&type=FAVICON&fallback_opts=TYPE,SIZE,URL&url=http://www.bullmoosebrothersbicycles.com/&size=48","https://search.google.com/local/reviews?placeid=ChIJE7eSeifpaIgRx318x4hA_l0&q=bicycle+shop+near+Elizabethtown,+Kentucky,+USA&authuser=0&hl=en",, , ,,
Scheller's Fitness & Cycling - Middletown,11520 Shelbyville Rd  Louisville  KY 40243  United States,11520 Shelbyville Rd,Louisville,40243,Kentucky,US,America/New_York,15022451955,,https://www.schellers.com/,schellers.com,Bicycle store,Bicycle repair shop,Yes,568,4.8,open,"Friday, 10 AM-7 PM; Saturday, 10 AM-6 PM; Sunday, Closed; Monday, 10 AM-7 PM; Tuesday, 10 AM-7 PM; Wednesday, 10 AM-7 PM; Thursday, 10 AM-7 PM; ",10 AM-6 PM,Closed,10 AM-7 PM,10 AM-7 PM,10 AM-7 PM,10 AM-7 PM,10 AM-7 PM,Lat 38.2451842,Lng -85.5425927,https://www.google.com/maps/place/?q=place_id:ChIJfxuK0E6faYgRyD6ZPsoBnF8,https://www.google.com/search?kgmid=/g/1thx05f9,https://lh5.googleusercontent.com/p/CIHM0ogKEICAgIC6tZft7gE,"https://t1.gstatic.com/faviconV2?client=SOCIAL&type=FAVICON&fallback_opts=TYPE,SIZE,URL&url=https://www.schellers.com/&size=48","https://search.google.com/local/reviews?placeid=ChIJfxuK0E6faYgRyD6ZPsoBnF8&q=bicycle+shop+near+Nicholasville,+Kentucky,+USA&authuser=0&hl=en",+1-502-245-1955 | +1-502-969-4100 | +1-502-897-2611 | +1-812-402-4950 | +1-859-276-1071 | +1-812-288-6100,https://www.facebook.com/Schellers-Fitness-Cycling-51235902251/, ,https://www.instagram.com/schellersfitnesscycling/,https://www.youtube.com/user/SchellersFitness
Montgomery Cyclery Erlanger,3708 Dixie Hwy  Erlanger  KY 41018  United States,3708 Dixie Hwy,Erlanger,41018,Kentucky,US,America/New_York,18593427300,,http://www.montgomerycyclery.com/,montgomerycyclery.com,Bicycle store,Bicycle repair shop,Yes,92,3.8,open,"Friday, 10 AM-6 PM; Saturday, 10 AM-6 PM; Sunday, Closed; Monday, 10 AM-6 PM; Tuesday, 10 AM-6 PM; Wednesday, 10 AM-6 PM; Thursday, 10 AM-6 PM; ",10 AM-6 PM,Closed,10 AM-6 PM,10 AM-6 PM,10 AM-6 PM,10 AM-6 PM,10 AM-6 PM,Lat 39.0155846,Lng -84.6034284,https://www.google.com/maps/place/?q=place_id:ChIJgWnmCgm4QYgRMiGusjRx8zo,https://www.google.com/search?kgmid=/g/1tdcbh8j,https://lh5.googleusercontent.com/p/CIHM0ogKEICAgIDywer6AQ,"https://t1.gstatic.com/faviconV2?client=SOCIAL&type=FAVICON&fallback_opts=TYPE,SIZE,URL&url=http://www.montgomerycyclery.com/&size=48","https://search.google.com/local/reviews?placeid=ChIJgWnmCgm4QYgRMiGusjRx8zo&q=bicycle+shop+near+Florence,+Kentucky,+USA&authuser=0&hl=en",,https://www.facebook.com/montgomerycyclery/, ,https://www.instagram.com/montgomerycyclery/,
Parkside Bikes,1377 Bardstown Rd  Louisville  KY 40204  United States,1377 Bardstown Rd,Louisville,40204,Kentucky,US,America/New_York,15023840668,,http://www.parksidebikes.com/,parksidebikes.com,Bicycle store,Bicycle repair shop,Yes,148,4.7,open,"Saturday, 9 AM-4 PM; Sunday, Closed; Monday, Closed; Tuesday, 10 AM-6 PM; Wednesday, 10 AM-6 PM; Thursday, 10 AM-6 PM; Friday, 10 AM-6 PM; ",9 AM-4 PM,Closed,Closed,10 AM-6 PM,10 AM-6 PM,10 AM-6 PM,10 AM-6 PM,Lat 38.2337001,Lng -85.7120214,https://www.google.com/maps/place/?q=place_id:ChIJgX7hxs0MaYgR_z-lYjO6O3E,https://www.google.com/search?kgmid=/g/1ts1szqx,https://lh5.googleusercontent.com/p/AF1QipOF_f0GpGTPlSMatCF7_3-rLOFngfmZDQrkfUzj,"https://t1.gstatic.com/faviconV2?client=SOCIAL&type=FAVICON&fallback_opts=TYPE,SIZE,URL&url=http://www.parksidebikes.com/&size=48","https://search.google.com/local/reviews?placeid=ChIJgX7hxs0MaYgR_z-lYjO6O3E&q=bicycle+shop+near+Crestview+Hills,+Kentucky,+USA&authuser=0&hl=en",-1553,https://www.facebook.com/parksidebikes, ,https://www.instagram.com/parksidebikes/,
Scheller's Fitness & Cycling - Okolona,8323 Preston Hwy  Louisville  KY 40219  United States,8323 Preston Hwy,Louisville,40219,Kentucky,US,America/New_York,15029694100,,https://www.schellers.com/,schellers.com,Bicycle store,Bicycle repair shop,Yes,451,5,open,"Friday, 10 AM-7 PM; Saturday, 10 AM-6 PM; Sunday, Closed; Monday, 10 AM-7 PM; Tuesday, 10 AM-7 PM; Wednesday, 10 AM-7 PM; Thursday, 10 AM-7 PM; ",10 AM-6 PM,Closed,10 AM-7 PM,10 AM-7 PM,10 AM-7 PM,10 AM-7 PM,10 AM-7 PM,Lat 38.1308155,Lng -85.681662,https://www.google.com/maps/place/?q=place_id:ChIJJffLCjUJaYgRB-ZCxH_911w,https://www.google.com/search?kgmid=/g/1td6619_,https://lh5.googleusercontent.com/p/AF1QipPPRVx_drDbSxs_AS8Pj79Sti9LNnNg2Efrn4ys,"https://t1.gstatic.com/faviconV2?client=SOCIAL&type=FAVICON&fallback_opts=TYPE,SIZE,URL&url=https://www.schellers.com/&size=48","https://search.google.com/local/reviews?placeid=ChIJJffLCjUJaYgRB-ZCxH_911w&q=bicycle+shop+near+Nicholasville,+Kentucky,+USA&authuser=0&hl=en",+1-502-245-1955 | +1-502-969-4100 | +1-502-897-2611 | +1-812-402-4950 | +1-859-276-1071 | +1-812-288-6100,https://www.facebook.com/Schellers-Fitness-Cycling-51235902251/, ,https://www.instagram.com/schellersfitnesscycling/,https://www.youtube.com/user/SchellersFitness
Pedal Power Bike Shop,401 S Upper St  Lexington  KY 40508  United States,401 S Upper St,Lexington,40508,Kentucky,US,America/New_York,18592556408,,http://www.pedalpowerbikeshop.com/,pedalpowerbikeshop.com,Bicycle store,Bicycle repair shop,Yes,430,4.9,open,"Friday, 10 AM-6 PM; Saturday, 9 AM-5 PM; Sunday, Closed; Monday, Closed; Tuesday, 10 AM-6 PM; Wednesday, 10 AM-6 PM; Thursday, 10 AM-6 PM; ",9 AM-5 PM,Closed,Closed,10 AM-6 PM,10 AM-6 PM,10 AM-6 PM,10 AM-6 PM,Lat 38.04421,Lng -84.50238139999999,https://www.google.com/maps/place/?q=place_id:ChIJjWUawpREQogR-zpA0HUyjpQ,https://www.google.com/search?kgmid=/g/1tfxyqdp,https://lh5.googleusercontent.com/p/CIABIhAFF7HrdmSIH_eS3wGoYOK_,"https://t1.gstatic.com/faviconV2?client=SOCIAL&type=FAVICON&fallback_opts=TYPE,SIZE,URL&url=http://www.pedalpowerbikeshop.com/&size=48","https://search.google.com/local/reviews?placeid=ChIJjWUawpREQogR-zpA0HUyjpQ&q=bicycle+shop+near+Richmond,+Kentucky,+USA&authuser=0&hl=en",18592556408,https://www.facebook.com/PedalPowerBikeShop,https://twitter.com/PedalPowerKY,https://www.instagram.com/pedalpowerky/?ref=badge,
n+ Mercedes-EQ Formula E Team eBikes,2100 Dixie Hwy  Fort Mitchell  KY 41011  United States,2100 Dixie Hwy,Fort Mitchell,41011,Kentucky,US,America/New_York,13235151033,,http://fort-mitchell.local.nplusbikes.com/?utm_source=googlebusinessprofile&utm_medium=organic&utm_campaign=locafy,local.nplusbikes.com,Bicycle store,Mercedes-Benz dealer,Yes,,,open, ,,,,,,,,Lat 39.0523016,Lng -84.5525503,https://www.google.com/maps/place/?q=place_id:ChIJKVxC1VG3QYgRMyw3v1nswmk,https://www.google.com/search?kgmid=/g/11q8gghtc6, ,"https://t1.gstatic.com/faviconV2?client=SOCIAL&type=FAVICON&fallback_opts=TYPE,SIZE,URL&url=http://fort-mitchell.local.nplusbikes.com/?utm_source=googlebusinessprofile&utm_medium=organic&utm_campaign=locafy&size=48", ,, , , , 
The Spoke Easy Bike Shop,610 S Columbia Ave  Campbellsville  KY 42718  United States,610 S Columbia Ave,Campbellsville,42718,Kentucky,US,America/New_York,12708835595,,http://www.tseky.com/,tseky.com,Bicycle store, ,Yes,51,5,open,"Saturday, 10 AM-4 PM; Sunday, Closed; Monday, Closed; Tuesday, 12-4 PM; Wednesday, 12-6 PM; Thursday, 12-6 PM; Friday, 12-6 PM; ",10 AM-4 PM,Closed,Closed,12-4 PM,12-6 PM,12-6 PM,12-6 PM,Lat 37.3339855,Lng -85.3463477,https://www.google.com/maps/place/?q=place_id:ChIJkZONyDFyaIgRecXK7eLPoLc,https://www.google.com/search?kgmid=/g/11dxjwgqpd,https://lh5.googleusercontent.com/p/CIHM0ogKEICAgICh76qnJw,"https://t1.gstatic.com/faviconV2?client=SOCIAL&type=FAVICON&fallback_opts=TYPE,SIZE,URL&url=http://www.tseky.com/&size=48","https://search.google.com/local/reviews?placeid=ChIJkZONyDFyaIgRecXK7eLPoLc&q=bicycle+shop+near+Marion,+Kentucky,+USA&authuser=0&hl=en",,https://www.facebook.com/TheSpokeEasyKentucky/?fref=ts, ,https://www.instagram.com/thespokeeasykentucky/,
Danville Bike and Footwear,417 W Main St  Danville  KY 40422  United States,417 W Main St,Danville,40422,Kentucky,US,America/New_York,18592387669,,http://www.danvillebikeandfootwear.com/,danvillebikeandfootwear.com,Bicycle store,Bicycle repair shop,Yes,139,4.9,open,"Friday, 10 AM-6 PM; Saturday, 10 AM-4 PM; Sunday, Closed; Monday, 10 AM-6 PM; Tuesday, 10 AM-6 PM; Wednesday, 10 AM-6 PM; Thursday, 10 AM-6 PM; ",10 AM-4 PM,Closed,10 AM-6 PM,10 AM-6 PM,10 AM-6 PM,10 AM-6 PM,10 AM-6 PM,Lat 37.6461736,Lng -84.77480969999999,https://www.google.com/maps/place/?q=place_id:ChIJl5KVN3-aQogRTB7MCUYmy90,https://www.google.com/search?kgmid=/g/1tkc2swx,https://lh5.googleusercontent.com/p/AF1QipPgBRr1HRcblIxKwLjThVq84-hWh7DSlrldnhmo,"https://t1.gstatic.com/faviconV2?client=SOCIAL&type=FAVICON&fallback_opts=TYPE,SIZE,URL&url=http://www.danvillebikeandfootwear.com/&size=48","https://search.google.com/local/reviews?placeid=ChIJl5KVN3-aQogRTB7MCUYmy90&q=bicycle+shop+near+Richmond,+Kentucky,+USA&authuser=0&hl=en",, , , , 
FAIRVIEW BIKE SHOP,1676 Vaughns Grove Fairview Rd  Pembroke  KY 42266  United States,1676 Vaughns Grove Fairview Rd,Pembroke,42266,Kentucky,US,America/Chicago,12708865254,,https://justplainbusiness.com/fairview-bike-shop/,justplainbusiness.com,Bicycle store,Bicycle repair shop,Yes,44,5,open,"Saturday, 8 AM-4 PM; Sunday, Closed; Monday, Closed; Tuesday, 8 AM-5:30 PM; Wednesday, 8 AM-5:30 PM; Thursday, 8 AM-5:30 PM; Friday, 8 AM-5:30 PM; ",8 AM-4 PM,Closed,Closed,8 AM-5:30 PM,8 AM-5:30 PM,8 AM-5:30 PM,8 AM-5:30 PM,Lat 36.861489299999995,Lng -87.32238009999999,https://www.google.com/maps/place/?q=place_id:ChIJm5m4Z0A5ZYgR6zPURLGpabE,https://www.google.com/search?kgmid=/g/1pp2t__5p,https://lh5.googleusercontent.com/p/AF1QipNlTSmhbkkq6S8VAbuhn7WeBI6M09f-v9qN47ZD,"https://t1.gstatic.com/faviconV2?client=SOCIAL&type=FAVICON&fallback_opts=TYPE,SIZE,URL&url=https://justplainbusiness.com/fairview-bike-shop/&size=48","https://search.google.com/local/reviews?placeid=ChIJm5m4Z0A5ZYgR6zPURLGpabE&q=bicycle+shop+near+Crestview+Hills,+Kentucky,+USA&authuser=0&hl=en",, , ,,
Trail Town Bicycles Service and Repair,104 7th St  Pikeville  KY 41501  United States,104 7th St,Pikeville,41501,Kentucky,US,America/New_York,16064228544,,https://americatopbusi.top/details/trail-town-bicycles-service-and-repair-ChIJMZ8,americatopbusi.top,Bicycle store,Bicycle repair shop,Yes,3,5,open, ,,,,,,,,Lat 37.484044399999995,Lng -82.5209338,https://www.google.com/maps/place/?q=place_id:ChIJMZ862sFrRYgR59l_9KIP9cI,https://www.google.com/search?kgmid=/g/11s6llsl20,https://lh5.googleusercontent.com/p/AF1QipN_rce6lh72aLmRLexxPCvCgL3ZDV8sxZpPz4Wx,"https://t1.gstatic.com/faviconV2?client=SOCIAL&type=FAVICON&fallback_opts=TYPE,SIZE,URL&url=https://americatopbusi.top/details/trail-town-bicycles-service-and-repair-ChIJMZ8&size=48","https://search.google.com/local/reviews?placeid=ChIJMZ862sFrRYgR59l_9KIP9cI&q=bicycle+shop+near+Marion,+Kentucky,+USA&authuser=0&hl=en",, , ,,
H & H Bicycles,11635 KY-501  Liberty  KY 42539  United States,11635 KY-501,Liberty,42539,Kentucky,US,America/New_York,16063038311,,https://justplainbusiness.com/h-and-h-bicycles/,justplainbusiness.com,Bicycle store,Bicycle rack,Yes,10,5,open,"Saturday, 8 AM-5 PM; Sunday, Closed; Monday, 8 AM-6 PM; Tuesday, 8 AM-6 PM; Wednesday, 8 AM-6 PM; Thursday, 8 AM-6 PM; Friday, 8 AM-6 PM; ",8 AM-5 PM,Closed,8 AM-6 PM,8 AM-6 PM,8 AM-6 PM,8 AM-6 PM,8 AM-6 PM,Lat 37.2145046,Lng -84.9597977,https://www.google.com/maps/place/?q=place_id:ChIJn4dYGupUXYgRjYG1qyfTAQ4,https://www.google.com/search?kgmid=/g/1tmxx9k2,https://lh5.googleusercontent.com/p/CIHM0ogKEICAgIDRw8_xCg,"https://t1.gstatic.com/faviconV2?client=SOCIAL&type=FAVICON&fallback_opts=TYPE,SIZE,URL&url=https://justplainbusiness.com/h-and-h-bicycles/&size=48","https://search.google.com/local/reviews?placeid=ChIJn4dYGupUXYgRjYG1qyfTAQ4&q=bicycle+shop+near+Marion,+Kentucky,+USA&authuser=0&hl=en",, , ,,
Wood-N-Wave Bicycles and Watersports,2109 Dover Rd #453  Grand Rivers  KY 42045  United States,2109 Dover Rd #453,Grand Rivers,42045,Kentucky,US,America/Chicago,12703622453,,http://www.woodnwavebicycles.com/,woodnwavebicycles.com,Bicycle store,Bicycle repair shop,Yes,67,5,open,"Friday, 10 AM-4 PM; Saturday, 8 AM-2 PM; Sunday, Closed; Monday, Closed; Tuesday, 10 AM-4 PM; Wednesday, 10 AM-4 PM; Thursday, 10 AM-4 PM; ",8 AM-2 PM,Closed,Closed,10 AM-4 PM,10 AM-4 PM,10 AM-4 PM,10 AM-4 PM,Lat 36.9973141,Lng -88.2334308,https://www.google.com/maps/place/?q=place_id:ChIJO946ATtheogRbGwUpqvohBc,https://www.google.com/search?kgmid=/g/1td1w619,https://lh5.googleusercontent.com/p/CIHM0ogKEICAgIDO6uPWmwE,"https://t1.gstatic.com/faviconV2?client=SOCIAL&type=FAVICON&fallback_opts=TYPE,SIZE,URL&url=http://www.woodnwavebicycles.com/&size=48","https://search.google.com/local/reviews?placeid=ChIJO946ATtheogRbGwUpqvohBc&q=bicycle+shop+near+Nicholasville,+Kentucky,+USA&authuser=0&hl=en",2703622453,https://www.facebook.com/121869084546823, ,,
SOMERCYCLE BIKE SHOP,243 Union St  Somerset  KY 42501  United States,243 Union St,Somerset,42501,Kentucky,US,America/New_York,16064254880,,https://www.somercyclebikes.com/,somercyclebikes.com,Bicycle store,Bicycle repair shop,Yes,39,4.9,open,"Friday, 9:30 AM-5:30 PM; Saturday, 9 AM-3 PM; Sunday, Closed; Monday, Closed; Tuesday, Closed; Wednesday, 9:30 AM-5:30 PM; Thursday, 9:30 AM-5:30 PM; ",9 AM-3 PM,Closed,Closed,Closed,9:30 AM-5:30 PM,9:30 AM-5:30 PM,9:30 AM-5:30 PM,Lat 37.0778586,Lng -84.6161436,https://www.google.com/maps/place/?q=place_id:ChIJoym3eu9JXYgR-Luum2R69MQ,https://www.google.com/search?kgmid=/g/11b7f2zmgh,https://lh5.googleusercontent.com/p/AF1QipNykbZ0CrI1HyAQcVbZoUzGN6tBkLN7rQ2XllEf,"https://t1.gstatic.com/faviconV2?client=SOCIAL&type=FAVICON&fallback_opts=TYPE,SIZE,URL&url=https://www.somercyclebikes.com/&size=48","https://search.google.com/local/reviews?placeid=ChIJoym3eu9JXYgR-Luum2R69MQ&q=bicycle+shop+near+Nicholasville,+Kentucky,+USA&authuser=0&hl=en",6064254880,https://www.facebook.com/somercyclebikes, ,https://www.instagram.com/somercycle_bikes/,http://youtube.com/drjmtb
Scheller's Fitness & Cycling - Lexington,1987 Harrodsburg Rd  Lexington  KY 40503  United States,1987 Harrodsburg Rd,Lexington,40503,Kentucky,US,America/New_York,18592761071,,http://schellers.com/,schellers.com,Bicycle store,Sporting goods store,Yes,526,4.9,open,"Friday, 10 AM-7 PM; Saturday, 10 AM-6 PM; Sunday, Closed; Monday, 10 AM-7 PM; Tuesday, 10 AM-7 PM; Wednesday, 10 AM-7 PM; Thursday, 10 AM-7 PM; ",10 AM-6 PM,Closed,10 AM-7 PM,10 AM-7 PM,10 AM-7 PM,10 AM-7 PM,10 AM-7 PM,Lat 38.0271782,Lng -84.53448519999999,https://www.google.com/maps/place/?q=place_id:ChIJOyUzCsNEQogRM0waOl0aCpc,https://www.google.com/search?kgmid=/g/1thw7dsy,https://lh5.googleusercontent.com/p/CIHM0ogKEICAgIDEsLahag,"https://t1.gstatic.com/faviconV2?client=SOCIAL&type=FAVICON&fallback_opts=TYPE,SIZE,URL&url=http://schellers.com/&size=48","https://search.google.com/local/reviews?placeid=ChIJOyUzCsNEQogRM0waOl0aCpc&q=bicycle+shop+near+Richmond,+Kentucky,+USA&authuser=0&hl=en",+1-502-245-1955 | +1-502-969-4100 | +1-502-897-2611 | +1-812-402-4950 | +1-859-276-1071 | +1-812-288-6100,https://www.facebook.com/Schellers-Fitness-Cycling-51235902251/, ,https://www.instagram.com/schellersfitnesscycling/,https://www.youtube.com/user/SchellersFitness
On Your Left Cycles,625 Baxter Ave  Louisville  KY 40204  United States,625 Baxter Ave,Louisville,40204,Kentucky,US,America/New_York,15027496775,,http://onyourleftcycles.net/,onyourleftcycles.net,Bicycle store, ,Yes,166,4.8,open,"Friday, 10 AM-6 PM; Saturday, 10 AM-4 PM; Sunday, Closed; Monday, Closed; Tuesday, 10 AM-6 PM; Wednesday, 10 AM-6 PM; Thursday, 10 AM-6 PM; ",10 AM-4 PM,Closed,Closed,10 AM-6 PM,10 AM-6 PM,10 AM-6 PM,10 AM-6 PM,Lat 38.2456728,Lng -85.72825379999999,https://www.google.com/maps/place/?q=place_id:ChIJpy-yjNZyaYgR6UxCp7hAf8g,https://www.google.com/search?kgmid=/g/1thkx_kv,https://lh5.googleusercontent.com/p/CIHM0ogKEICAgICEjPiNgwE,"https://t1.gstatic.com/faviconV2?client=SOCIAL&type=FAVICON&fallback_opts=TYPE,SIZE,URL&url=http://onyourleftcycles.net/&size=48","https://search.google.com/local/reviews?placeid=ChIJpy-yjNZyaYgR6UxCp7hAf8g&q=bicycle+shop+near+New+Albany,+Indiana,+USA&authuser=0&hl=en",5027496775,https://www.facebook.com/pages/On-Your-Left-Cycles/169162313839,https://twitter.com/oylc,https://www.instagram.com/onyourleftcycles/,
Easy Ride Bikes (Electric  E-Bikes),1531 Poole Mill Rd  Crofton  KY 42217  United States,1531 Poole Mill Rd,Crofton,42217,Kentucky,US,America/Chicago,12709857965,,https://justplainbusiness.com/easy-ride-bikes/,justplainbusiness.com,Bicycle store,Bicycle repair shop,Yes,3,5,open,"Saturday, 9 AM-12 PM; Sunday, Closed; Monday, Closed; Tuesday, 3-6 PM; Wednesday, 3-6 PM; Thursday, 3-6 PM; Friday, 3-6 PM; ",9 AM-12 PM,Closed,Closed,3-6 PM,3-6 PM,3-6 PM,3-6 PM,Lat 37.055917,Lng -87.510024,https://www.google.com/maps/place/?q=place_id:ChIJR2p2tYZNZYgRcf1mleS3a0k,https://www.google.com/search?kgmid=/g/11vyr_z2nr,https://lh5.googleusercontent.com/p/CIHM0ogKEICAgIDjoqyfaw,"https://t1.gstatic.com/faviconV2?client=SOCIAL&type=FAVICON&fallback_opts=TYPE,SIZE,URL&url=https://justplainbusiness.com/easy-ride-bikes/&size=48","https://search.google.com/local/reviews?placeid=ChIJR2p2tYZNZYgRcf1mleS3a0k&q=bicycle+shop+near+Dawson+Springs,+Kentucky,+USA&authuser=0&hl=en",, , ,,
Scheller's Fitness & Cycling - St. Matthews,132 Breckenridge Ln  Louisville  KY 40207  United States,132 Breckenridge Ln,Louisville,40207,Kentucky,US,America/New_York,15028972611,,https://www.schellers.com/,schellers.com,Bicycle store,Bicycle repair shop,Yes,428,5,open,"Friday, 10 AM-7 PM; Saturday, 10 AM-6 PM; Sunday, Closed; Monday, 10 AM-7 PM; Tuesday, 10 AM-7 PM; Wednesday, 10 AM-7 PM; Thursday, 10 AM-7 PM; ",10 AM-6 PM,Closed,10 AM-7 PM,10 AM-7 PM,10 AM-7 PM,10 AM-7 PM,10 AM-7 PM,Lat 38.251698999999995,Lng -85.65490659999999,https://www.google.com/maps/place/?q=place_id:ChIJt16-pcR0aYgRCFsHRjuR9aA,https://www.google.com/search?kgmid=/g/1tnplrcn,https://lh5.googleusercontent.com/p/AF1QipOAGfMa9NBxaSmJwi6tUATL0MJhwDdziJNYH1H8,"https://t1.gstatic.com/faviconV2?client=SOCIAL&type=FAVICON&fallback_opts=TYPE,SIZE,URL&url=https://www.schellers.com/&size=48","https://search.google.com/local/reviews?placeid=ChIJt16-pcR0aYgRCFsHRjuR9aA&q=bicycle+shop+near+Nicholasville,+Kentucky,+USA&authuser=0&hl=en",+1-502-245-1955 | +1-502-969-4100 | +1-502-897-2611 | +1-812-402-4950 | +1-859-276-1071 | +1-812-288-6100,https://www.facebook.com/Schellers-Fitness-Cycling-51235902251/, ,https://www.instagram.com/schellersfitnesscycling/,https://www.youtube.com/user/SchellersFitness
Bicycle Face,331 E Short St  Lexington  KY 40507  United States,331 E Short St,Lexington,40507,Kentucky,US,America/New_York,18598882453,,http://bicyclefacelex.com/,bicyclefacelex.com,Bicycle store,Bar,Yes,88,4.7,open,"Friday, 10 AM-6 PM; Saturday, 10 AM-5 PM; Sunday, Closed; Monday, Closed; Tuesday, 10 AM-6 PM; Wednesday, 10 AM-6 PM; Thursday, 10 AM-6 PM; ",10 AM-5 PM,Closed,Closed,10 AM-6 PM,10 AM-6 PM,10 AM-6 PM,10 AM-6 PM,Lat 38.043393,Lng -84.49166319999999,https://www.google.com/maps/place/?q=place_id:ChIJta7hkehEQogRQ3dK14Mr8Mg,https://www.google.com/search?kgmid=/g/11g6vjcr2w,https://lh5.googleusercontent.com/p/CIHM0ogKEICAgICquPLeFA,"https://t1.gstatic.com/faviconV2?client=SOCIAL&type=FAVICON&fallback_opts=TYPE,SIZE,URL&url=http://bicyclefacelex.com/&size=48","https://search.google.com/local/reviews?placeid=ChIJta7hkehEQogRQ3dK14Mr8Mg&q=bicycle+shop+near+Richmond,+Kentucky,+USA&authuser=0&hl=en",18598882453,https://www.facebook.com/bicyclefacelex, ,https://www.instagram.com/bicyclefacelex/,
Middle of Town Cycling,2140 Gardiner Ln  Louisville  KY 40205  United States,2140 Gardiner Ln,Louisville,40205,Kentucky,US,America/New_York,15028822453,,https://www.middletowncycling.com/,middletowncycling.com,Bicycle store,Bicycle repair shop,Yes,139,4.9,open,"Friday, 10 AM-7 PM; Saturday, 10 AM-6 PM; Sunday, 11 AM-5 PM; Monday, 10 AM-7 PM; Tuesday, 10 AM-7 PM; Wednesday, 10 AM-7 PM; Thursday, 10 AM-7 PM; ",10 AM-6 PM,11 AM-5 PM,10 AM-7 PM,10 AM-7 PM,10 AM-7 PM,10 AM-7 PM,10 AM-7 PM,Lat 38.2119864,Lng -85.6727978,https://www.google.com/maps/place/?q=place_id:ChIJuwzJrqILaYgRRhBzPfc7Pfs,https://www.google.com/search?kgmid=/g/11lq2plcm6,https://lh5.googleusercontent.com/p/AF1QipPzbXwdgOM-QUe_HAl8JN_LrlRGDVBHqxDboDW1,"https://t1.gstatic.com/faviconV2?client=SOCIAL&type=FAVICON&fallback_opts=TYPE,SIZE,URL&url=https://www.middletowncycling.com/&size=48","https://search.google.com/local/reviews?placeid=ChIJuwzJrqILaYgRRhBzPfc7Pfs&q=bicycle+shop+near+Jeffersontown,+Kentucky,+USA&authuser=0&hl=en",, , , , 
Howard's Cycling & Fitness,604 Park St  Bowling Green  KY 42101  United States,604 Park St,Bowling Green,42101,Kentucky,US,America/Chicago,12707827877,,http://howardscycling.com/contact/4549054,howardscycling.com,Bicycle store, ,Yes,170,4.6,open,"Saturday, 9 AM-3 PM; Sunday, Closed; Monday, 9 AM-5 PM; Tuesday, 9 AM-5 PM; Wednesday, 9 AM-5 PM; Thursday, 9 AM-5 PM; Friday, 9 AM-5 PM; ",9 AM-3 PM,Closed,9 AM-5 PM,9 AM-5 PM,9 AM-5 PM,9 AM-5 PM,9 AM-5 PM,Lat 36.992258799999995,Lng -86.4348883,https://www.google.com/maps/place/?q=place_id:ChIJx6qDXEnvZYgRRIFhSINtRFE,https://www.google.com/search?kgmid=/g/1td9r7wr,https://lh5.googleusercontent.com/p/CIHM0ogKEICAgIC4jfSBbg,"https://t1.gstatic.com/faviconV2?client=SOCIAL&type=FAVICON&fallback_opts=TYPE,SIZE,URL&url=http://howardscycling.com/contact/4549054&size=48","https://search.google.com/local/reviews?placeid=ChIJx6qDXEnvZYgRRIFhSINtRFE&q=bicycle+shop+near+Lakeside+Park,+Kentucky,+USA&authuser=0&hl=en",, , ,,
BikeWorld  Bikes & Fitness,809 Joe Clifton Dr  Paducah  KY 42001  United States,809 Joe Clifton Dr,Paducah,42001,Kentucky,US,America/Chicago,12704420751,,https://www.bikeworldky.com/,bikeworldky.com,Bicycle store,Bicycle rental service,Yes,335,5,open,"Friday, 10 AM-6 PM; Saturday, 10 AM-4:30 PM; Sunday, Closed; Monday, 9:30 AM-5:30 PM; Tuesday, 10 AM-6 PM; Wednesday, 10 AM-6 PM; Thursday, 10 AM-6 PM; ",10 AM-4:30 PM,Closed,9:30 AM-5:30 PM,10 AM-6 PM,10 AM-6 PM,10 AM-6 PM,10 AM-6 PM,Lat 37.0806149,Lng -88.6361688,https://www.google.com/maps/place/?q=place_id:ChIJxf2Mh4EaeogRbtgt_7HtY-c,https://www.google.com/search?kgmid=/g/1tgc0jjj,https://lh5.googleusercontent.com/p/AF1QipPsNLzwnzpaz7lSBoDSMOmrUkFSlOrFe_tOYMUT,"https://t1.gstatic.com/faviconV2?client=SOCIAL&type=FAVICON&fallback_opts=TYPE,SIZE,URL&url=https://www.bikeworldky.com/&size=48","https://search.google.com/local/reviews?placeid=ChIJxf2Mh4EaeogRbtgt_7HtY-c&q=bicycle+shop+near+Nicholasville,+Kentucky,+USA&authuser=0&hl=en",-1462,https://www.facebook.com/bikeworldky/, ,,
Middletown Cycling,11519 Shelbyville Rd  Louisville  KY 40243  United States,11519 Shelbyville Rd,Louisville,40243,Kentucky,US,America/New_York,15023840770,,http://www.middletowncycling.com/,middletowncycling.com,Bicycle store,Bicycle rack,Yes,275,4.8,open,"Friday, 10 AM-7 PM; Saturday, 10 AM-6 PM; Sunday, 11 AM-5 PM; Monday, 10 AM-7 PM; Tuesday, 10 AM-7 PM; Wednesday, 10 AM-7 PM; Thursday, 10 AM-7 PM; ",10 AM-6 PM,11 AM-5 PM,10 AM-7 PM,10 AM-7 PM,10 AM-7 PM,10 AM-7 PM,10 AM-7 PM,Lat 38.246071,Lng -85.5427273,https://www.google.com/maps/place/?q=place_id:ChIJY6GJr2mfaYgRF08zS87iTxw,https://www.google.com/search?kgmid=/g/12hkwjl3q,https://lh5.googleusercontent.com/p/AF1QipPxr_B8HVeeiY-KQpNcFwGVUY2WHrZO_d2UVXBo,"https://t1.gstatic.com/faviconV2?client=SOCIAL&type=FAVICON&fallback_opts=TYPE,SIZE,URL&url=http://www.middletowncycling.com/&size=48","https://search.google.com/local/reviews?placeid=ChIJY6GJr2mfaYgRF08zS87iTxw&q=bicycle+shop+near+Nicholasville,+Kentucky,+USA&authuser=0&hl=en",, , , , 
E-Rides Cincy,500 Fairfield Ave  Bellevue  KY 41073  United States,500 Fairfield Ave,Bellevue,41073,Kentucky,US,America/New_York,18596533729,,https://www.e-ridesusa.com/,e-ridesusa.com,Electric bicycle store, ,Yes,15,5,open,"Saturday, 10 AM-2 PM; Sunday, Closed; Monday, Closed; Tuesday, 11 AM-5 PM; Wednesday, 11 AM-5 PM; Thursday, 11 AM-5 PM; Friday, 11 AM-5 PM; ",10 AM-2 PM,Closed,Closed,11 AM-5 PM,11 AM-5 PM,11 AM-5 PM,11 AM-5 PM,Lat 39.1073139,Lng -84.4817432,https://www.google.com/maps/place/?q=place_id:ChIJLfWwgfSzQYgR_pkauefrK_8,https://www.google.com/search?kgmid=/g/11xfj9rxhy,https://lh5.googleusercontent.com/p/AF1QipPezRaWcs76pLgXZCtNn3fCNuRCK0ClZTsyLdvB,"https://t1.gstatic.com/faviconV2?client=SOCIAL&type=FAVICON&fallback_opts=TYPE,SIZE,URL&url=https://www.e-ridesusa.com/&size=48","https://search.google.com/local/reviews?placeid=ChIJLfWwgfSzQYgR_pkauefrK_8&q=bicycle+shop+near+Crestview+Hills,+Kentucky,+USA&authuser=0&hl=en",5024924935 | 8596533729,https://www.facebook.com/people/E-Rides/100068218321919/, ,,https://www.youtube.com/@erides6584
Derby City BMX,3000 Tom Sawyer Dr  Louisville  KY 40241  United States,3000 Tom Sawyer Dr,Louisville,40241,Kentucky,US,America/New_York,15026433690,,https://www.usabmx.com/tracks/1879/events/schedule?mode=grid,usabmx.com,Bicycle club,,Yes,62,4.8,open,"Friday, Closed; Saturday, 6-8 PM; Sunday, Closed; Monday, 6 AM-8 PM; Tuesday, Closed; Wednesday, 6-8 PM; Thursday, Closed; ",6-8 PM,Closed,6 AM-8 PM,Closed,6-8 PM,Closed,Closed,Lat 38.2838419,Lng -85.5529375,https://www.google.com/maps/place/?q=place_id:ChIJ0_M-cfeeaYgRJOQRiDgA9-8,https://www.google.com/search?kgmid=/g/11c1p7h5p8,https://lh5.googleusercontent.com/p/CIHM0ogKEICAgIDq2s6fKg,"https://t1.gstatic.com/faviconV2?client=SOCIAL&type=FAVICON&fallback_opts=TYPE,SIZE,URL&url=https://www.usabmx.com/tracks/1879/events/schedule?mode=grid&size=48","https://search.google.com/local/reviews?placeid=ChIJ0_M-cfeeaYgRJOQRiDgA9-8&q=bicycle+shop+near+Crestwood,+Kentucky,+USA&authuser=0&hl=en",, , ,,
REI,4350 Summit Plaza Dr  Louisville  KY 40241  United States,4350 Summit Plaza Dr,Louisville,40241,Kentucky,US,America/New_York,15029161776,,https://www.rei.com/stores/louisville?y_source=1_MTA4Njc4MDY3NS03MTUtbG9jYXRpb24ud2Vic2l0ZQ==,rei.com,Bicycle repair shop,,Yes,50,4.4,open,"Saturday, 10 AM-9 PM; Sunday, 11 AM-6 PM; Monday, 10 AM-9 PM; Tuesday, 10 AM-9 PM; Wednesday, 10 AM-9 PM; Thursday, 10 AM-9 PM; Friday, 10 AM-9 PM; ",10 AM-9 PM,11 AM-6 PM,10 AM-9 PM,10 AM-9 PM,10 AM-9 PM,10 AM-9 PM,10 AM-9 PM,Lat 38.3093054,Lng -85.5751192,https://www.google.com/maps/place/?q=place_id:ChIJISn2cACfaYgRR_V7DQZCnT0,https://www.google.com/search?kgmid=/g/11wg2kmnd7,https://lh5.googleusercontent.com/p/CIHM0ogKEICAgICv6pvpgQE,"https://t1.gstatic.com/faviconV2?client=SOCIAL&type=FAVICON&fallback_opts=TYPE,SIZE,URL&url=https://www.rei.com/stores/louisville?y_source=1_MTA4Njc4MDY3NS03MTUtbG9jYXRpb24ud2Vic2l0ZQ==&size=48","https://search.google.com/local/reviews?placeid=ChIJISn2cACfaYgRR_V7DQZCnT0&q=bicycle+shop+near+Graymoor-Devondale,+Kentucky,+USA&authuser=0&hl=en",+15029161776 | 5139241938,https://www.facebook.com/REI/, ,https://www.instagram.com/rei/,https://www.youtube.com/user/reifindout/
C&C Trading Company,6521 Greenwood Rd  Louisville  KY 40258  United States,6521 Greenwood Rd,Louisville,40258,Kentucky,US,America/New_York,15028352447,,http://cctradingcompany.org/?utm_source=gmb&utm_medium=referral,cctradingcompany.org,Bicycle Shop,,Yes,16,4.2,open,"Saturday, Closed; Sunday, Closed; Monday, 11 AM-5 PM; Tuesday, 11 AM-5 PM; Wednesday, 11 AM-5 PM; Thursday, 11 AM-5 PM; Friday, 11 AM-5 PM; ",Closed,Closed,11 AM-5 PM,11 AM-5 PM,11 AM-5 PM,11 AM-5 PM,11 AM-5 PM,Lat 38.1450587,Lng -85.8737592,https://www.google.com/maps/place/?q=place_id:ChIJPxtZlOoRaYgRFgbzKVFK1Nk,https://www.google.com/search?kgmid=/g/11lh61hqvv,https://lh5.googleusercontent.com/p/AF1QipPg5MJKyQNWMsQ5O_y54JCKGwBOU7o1xXzadjPs,"https://t1.gstatic.com/faviconV2?client=SOCIAL&type=FAVICON&fallback_opts=TYPE,SIZE,URL&url=http://cctradingcompany.org/?utm_source=gmb&utm_medium=referral&size=48","https://search.google.com/local/reviews?placeid=ChIJPxtZlOoRaYgRFgbzKVFK1Nk&q=bicycle+shop+near+Shively,+Kentucky,+USA&authuser=0&hl=en",, , , , 
Hooper's Outdoor Center,219 Broadway St  Paducah  KY 42001  United States,219 Broadway St,Paducah,42001,Kentucky,US,America/Chicago,12704430019,,http://www.hoopersoutdoorcenter.com/,hoopersoutdoorcenter.com,Bicycle repair shop,,Yes,49,4.6,open,"Friday, 10 AM-6 PM; Saturday, 10 AM-6 PM; Sunday, Closed; Monday, 10 AM-6 PM; Tuesday, 10 AM-6 PM; Wednesday, 10 AM-6 PM; Thursday, 10 AM-6 PM; ",10 AM-6 PM,Closed,10 AM-6 PM,10 AM-6 PM,10 AM-6 PM,10 AM-6 PM,10 AM-6 PM,Lat 37.0876148,Lng -88.59644039999999,https://www.google.com/maps/place/?q=place_id:ChIJVaHpIk0QeogRciA7TU6fOv8,https://www.google.com/search?kgmid=/g/1hc1sv1m0,https://lh5.googleusercontent.com/p/CIHM0ogKEICAgICEtbuAEA,"https://t1.gstatic.com/faviconV2?client=SOCIAL&type=FAVICON&fallback_opts=TYPE,SIZE,URL&url=http://www.hoopersoutdoorcenter.com/&size=48","https://search.google.com/local/reviews?placeid=ChIJVaHpIk0QeogRciA7TU6fOv8&q=bicycle+shop+near+Paducah,+Kentucky,+USA&authuser=0&hl=en",270-443-0019,https://www.facebook.com/hooperspaducah,https://twitter.com/HoopersOutdoor,https://www.instagram.com/hoopersoutdoorcenter/,https://www.youtube.com/channel/UC8agWLPBkYS9VjQwRpwy9tQ
GJ Custom Ebikes  LLC,,,Shively,,Kentucky,US,America/New_York,15028193124,,,,Bicycle store,Service establishment,Yes,,,open,"Saturday, Closed; Sunday, Open 24 hours; Monday, Open 24 hours; Tuesday, Open 24 hours; Wednesday, Open 24 hours; Thursday, Open 24 hours; Friday, Closed; ",Closed,Open 24 hours,Open 24 hours,Open 24 hours,Open 24 hours,Open 24 hours,Closed,Lat 46.423669,Lng -129.9427086,https://www.google.com/maps/place/?q=place_id:ChIJ-VcDpmANaYgRcJuIN_MtwAY,https://www.google.com/search?kgmid=/g/11mnhl_wtb,https://lh5.googleusercontent.com/p/AF1QipMs_lIbrNqJNiaq9aBQL3V3oqBPIYELW_AiS-7L, , , , , , , 
Velocity Bicycle Service  LLC,,,Elizabethtown,,Kentucky,US,America/New_York,17703447387,,http://velocitybicycleservice.com/,velocitybicycleservice.com,Bicycle repair shop,Service establishment,Yes,164,5,open,"Friday, 8 AM-10 PM; Saturday, 8 AM-10 PM; Sunday, 8 AM-10 PM; Monday, 8 AM-10 PM; Tuesday, 8 AM-10 PM; Wednesday, 8 AM-10 PM; Thursday, 8 AM-10 PM; ",8 AM-10 PM,8 AM-10 PM,8 AM-10 PM,8 AM-10 PM,8 AM-10 PM,8 AM-10 PM,8 AM-10 PM,Lat 34.008305,Lng -84.233188,https://www.google.com/maps/place/?q=place_id:ChIJuyDrLpif9YgRZQ3XByiOC2o,https://www.google.com/search?kgmid=/g/11fjn3j4mb,https://lh5.googleusercontent.com/p/AF1QipPKfw_MLZ2d-8ENwjw_BnDK6B6fBd2zKZEI6MIq,"https://t1.gstatic.com/faviconV2?client=SOCIAL&type=FAVICON&fallback_opts=TYPE,SIZE,URL&url=http://velocitybicycleservice.com/&size=48","https://search.google.com/local/reviews?placeid=ChIJuyDrLpif9YgRZQ3XByiOC2o&q=bicycle+shop+near+Lawrenceville,+Georgia,+USA&authuser=0&hl=en",, , ,,
Bicycles  Motorized Bicycles  Gas Scooters  Electric Scooters and E-Bikes - Builds & Repairs,,,Danville,,Kentucky,US,America/New_York,17248775595,,https://usa-stores.worldorgs.com/catalog/hermitage/bicycle-repair-shop/motorized-bicycles-scooters-etc-builds-and-repairs,usa-stores.worldorgs.com,Bicycle repair shop,Service establishment,Yes,,,open, ,,,,,,,,Lat 46.423669,Lng -129.9427086,https://www.google.com/maps/place/?q=place_id:ChIJ-VuRFMvBM4gRv53Qq9OAT5s,https://www.google.com/search?kgmid=/g/11fmbg93yn,https://lh5.googleusercontent.com/p/AF1QipMpYiqdmi1frsXfCfgOgk1z1GBzyZxY8GQYjo5z,"https://t1.gstatic.com/faviconV2?client=SOCIAL&type=FAVICON&fallback_opts=TYPE,SIZE,URL&url=https://usa-stores.worldorgs.com/catalog/hermitage/bicycle-repair-shop/motorized-bicycles-scooters-etc-builds-and-repairs&size=48", ,, , ,,
BiKoPia,,,Orchard Grass Hills,,Kentucky,US,America/Detroit,,,https://bikopia.com/,bikopia.com,Bicycle store,Service establishment,Yes,,,open, ,,,,,,,,Lat 46.423669,Lng -129.9427086,https://www.google.com/maps/place/?q=place_id:ChIJv8F00wLBlw4RLoB05gUvA28,https://www.google.com/search?kgmid=/g/11wp0hzxwp,https://lh5.googleusercontent.com/p/AF1QipOz5C9mEgOaOktyaB8-G_-rc1EkN9d_3iY61_1R,"https://t1.gstatic.com/faviconV2?client=SOCIAL&type=FAVICON&fallback_opts=TYPE,SIZE,URL&url=https://bikopia.com/&size=48", ,,https://www.facebook.com/bikopia, ,https://www.instagram.com/bikopia/,https://www.youtube.com/@bikopia
Capitol Custom Bicycles,,,London,,Kentucky,US,America/New_York,16067672541,,http://capitolbicycles.com/,capitolbicycles.com,Bicycle repair shop,,Yes,13,5,open, ,,,,,,,,Lat 46.423669,Lng -129.9427086,https://www.google.com/maps/place/?q=place_id:ChIJxcSr6DXNXIgRgjm6iJZM1qs,https://www.google.com/search?kgmid=/g/11gbzbl_s3,https://lh5.googleusercontent.com/p/AF1QipOKNPqVgtAWmDiWFINre_0RJ5fMAJrGHyx-V86m,"https://t1.gstatic.com/faviconV2?client=SOCIAL&type=FAVICON&fallback_opts=TYPE,SIZE,URL&url=http://capitolbicycles.com/&size=48","https://search.google.com/local/reviews?placeid=ChIJxcSr6DXNXIgRgjm6iJZM1qs&q=bicycle+shop+near+London,+Kentucky,+USA&authuser=0&hl=en",,https://www.facebook.com/CapitolBicycles/,https://twitter.com/CapitolBicycles,https://www.instagram.com/capitol_performance_bicycles/?hl=en,
Goose Creek Cycle,202 E Main St  La Grange  KY 40031  United States,202 E Main St,La Grange,40031,Kentucky,US,America/New_York,15023378570,jon@goosecreekcycle.com,http://www.goosecreekcycle.com/,goosecreekcycle.com,Bicycle store, ,No,31,4.5,permanently closed, ,,,,,,,,Lat 38.4079901,Lng -85.377408,https://www.google.com/maps/place/?q=place_id:ChIJ-y3Orz2OaYgR2Xh81ZT8Xd4,https://www.google.com/search?kgmid=/g/1tmpwqhx,https://lh5.googleusercontent.com/p/CIHM0ogKEICAgID4qpLPpwE,"https://t1.gstatic.com/faviconV2?client=SOCIAL&type=FAVICON&fallback_opts=TYPE,SIZE,URL&url=http://www.goosecreekcycle.com/&size=48","https://search.google.com/local/reviews?placeid=ChIJ-y3Orz2OaYgR2Xh81ZT8Xd4&q=bicycle+shop+near+Junction,+Kentucky,+USA&authuser=0&hl=en",,https://www.facebook.com/GooseCreekCycle,https://twitter.com/GooseCreekCycle,https://www.instagram.com/goosecreekskate,
Embry's Bike Division,602 N Main St  Leitchfield  KY 42754  United States,602 N Main St,Leitchfield,42754,Kentucky,US,America/Chicago,,,https://facebook.com/embrys-bike-shop-128390703841608/#!/embrys-bike-shop-128390703841608/,facebook.com,Bicycle store, ,No,10,4.9,permanently closed, ,,,,,,,,Lat 37.4872857,Lng -86.2929585,https://www.google.com/maps/place/?q=place_id:ChIJ1cWLboZMb4gRVbMvOuKhY9U,https://www.google.com/search?kgmid=/g/1tt0rwhg,https://lh5.googleusercontent.com/p/u5KDXEYLxkheIa2J3gYAqw,"https://t1.gstatic.com/faviconV2?client=SOCIAL&type=FAVICON&fallback_opts=TYPE,SIZE,URL&url=https://facebook.com/embrys-bike-shop-128390703841608/#!/embrys-bike-shop-128390703841608/&size=48",https://search.google.com/local/reviews?placeid=ChIJ1cWLboZMb4gRVbMvOuKhY9U&q=Embry's+Bike+Division&authuser=0&hl=en,, , ,,
Mild 2 Wild Motorized Bikes,502b W Highland Dr  Fulton  KY 42041  United States,502b W Highland Dr,Fulton,42041,Kentucky,US,America/Chicago,,,https://m.facebook.com/Carner1/?tsid=0.4725777045571674&source=result,m.facebook.com,Bicycle store, ,No,1,1,permanently closed, ,,,,,,,,Lat 36.5072496,Lng -88.892911,https://www.google.com/maps/place/?q=place_id:ChIJ28NvwY97eYgRNakzA2QetgU,https://www.google.com/search?kgmid=/g/11rx385j91,https://lh5.googleusercontent.com/p/MlYCZ3e1nAW9E2apfQmZ1g,"https://t1.gstatic.com/faviconV2?client=SOCIAL&type=FAVICON&fallback_opts=TYPE,SIZE,URL&url=https://m.facebook.com/Carner1/?tsid=0.4725777045571674&source=result&size=48",https://search.google.com/local/reviews?placeid=ChIJ28NvwY97eYgRNakzA2QetgU&q=Mild+2+Wild+Motorized+Bikes&authuser=0&hl=en,, , ,,
Crankworks Bicycles,439 Southland Dr  Lexington  KY 40503  United States,439 Southland Dr,Lexington,40503,Kentucky,US,America/New_York,18595237433,,http://www.crankworksbicycles.com/,crankworksbicycles.com,Bicycle store,Bicycle repair shop,No,54,4.7,permanently closed, ,,,,,,,,Lat 38.0192537,Lng -84.526681,https://www.google.com/maps/place/?q=place_id:ChIJHXS8eqtcQogRMpM_sBlyuE4,https://www.google.com/search?kgmid=/g/11h0y9rd1,https://lh5.googleusercontent.com/p/CIHM0ogKEICAgID4geTxag,"https://t1.gstatic.com/faviconV2?client=SOCIAL&type=FAVICON&fallback_opts=TYPE,SIZE,URL&url=http://www.crankworksbicycles.com/&size=48","https://search.google.com/local/reviews?placeid=ChIJHXS8eqtcQogRMpM_sBlyuE4&q=bicycle+shop+near+Nicholasville,+Kentucky,+USA&authuser=0&hl=en",, , , , 
Montgomery Cyclery,124 Marshall Ln #126  Highland Heights  KY 41076  United States,124 Marshall Ln #126,Highland Heights,41076,Kentucky,US,America/New_York,18597814480,,http://montgomerycyclery.com/,montgomerycyclery.com,Bicycle store, ,No,,,permanently closed, ,,,,,,,,Lat 39.0331889,Lng -84.4542878,https://www.google.com/maps/place/?q=place_id:ChIJnWTnm6q6QYgRtRnlUsh9dl8,https://www.google.com/search?kgmid=/g/1hm4rplsz,https://lh5.googleusercontent.com/p/dzoma4ad03-E24Z3rGahmA,"https://t1.gstatic.com/faviconV2?client=SOCIAL&type=FAVICON&fallback_opts=TYPE,SIZE,URL&url=http://montgomerycyclery.com/&size=48", ,,https://www.facebook.com/montgomerycyclery/, ,https://www.instagram.com/montgomerycyclery/,
Montgomery Cyclery & Fitness,Cold Spring  KY 41076  United States,Cold Spring  KY 41076,Cold Spring,41076,Kentucky,US,America/New_York,15135838600,,https://www.montgomerycyclery.com/,montgomerycyclery.com,Bicycle store, ,Yes,,,permanently closed, ,,,,,,,,Lat 39.0217283,Lng -84.4399406,https://www.google.com/maps/place/?q=place_id:ChIJnWTnm6q6QYgRuLgymUoodEM,https://www.google.com/search?kgmid=/g/1tftrs89,https://lh5.googleusercontent.com/p/97d3tPPsJOus_eYEPsN-Sw,"https://t1.gstatic.com/faviconV2?client=SOCIAL&type=FAVICON&fallback_opts=TYPE,SIZE,URL&url=https://www.montgomerycyclery.com/&size=48", ,,https://www.facebook.com/montgomerycyclery/, ,https://www.instagram.com/montgomerycyclery/,
Be Real Sports Cycling & Fitness,4325 Gateway  Owensboro  KY 42303  United States,4325 Gateway,Owensboro,42303,Kentucky,US,America/Chicago,12702402019,,https://berealsportscyclingandfitness.com/,berealsportscyclingandfitness.com,Bicycle store,Bicycle rental service,No,24,5,permanently closed, ,,,,,,,,Lat 37.745849,Lng -87.0420049,https://www.google.com/maps/place/?q=place_id:ChIJoyXC3j2lb4gR3Uli0ZdZ5rg,https://www.google.com/search?kgmid=/g/11f4qm0pf7,https://lh5.googleusercontent.com/p/CIHM0ogKEICAgICk7d-DEg,"https://t1.gstatic.com/faviconV2?client=SOCIAL&type=FAVICON&fallback_opts=TYPE,SIZE,URL&url=https://berealsportscyclingandfitness.com/&size=48","https://search.google.com/local/reviews?placeid=ChIJoyXC3j2lb4gR3Uli0ZdZ5rg&q=bicycle+shop+near+Lewisport,+Kentucky,+USA&authuser=0&hl=en",, , ,,
Kentucky Melody LLC,4703 KY-15  Pine Ridge  KY 41360  United States,4703 KY-15,Pine Ridge,41360,Kentucky,US,America/New_York,,,,,Bicycle rental service, ,Yes,5,5,Temporarily closed, ,,,,,,,,Lat 37.7546402,Lng -83.6100309,https://www.google.com/maps/place/?q=place_id:ChIJl2rk9pZ_Q4gR6CcIvZd6V8M,https://www.google.com/search?kgmid=/g/11w3clsshg,https://lh5.googleusercontent.com/p/AF1QipPWSAyjLr6TMyhnbE48J2XNF2c_N3KM7X_Lx_yc, ,"https://search.google.com/local/reviews?placeid=ChIJl2rk9pZ_Q4gR6CcIvZd6V8M&q=bicycle+shop+near+Olive+Hill,+Kentucky,+USA&authuser=0&hl=en", , , , , 