Name,Full_Address,Street_Address,City,Zip,State,Country,Timezone,Phone_1,Email,Website,Domain,First_category,Second_category,Claimed_google_my_business,Reviews_count,Average_rating,Business Status,Hours,Saturday,Sunday,Monday,Tuesday,Wednesday,Thursday,Friday,Latitude,Longitude,GMB_URL,Google_Knowledge_URL,Image_URL,Favicon,Review_URL,Phone From WEBSITE,Facebook URL,Twitter URL,Instagram URL,Youtube URL
Alex's Bikes,607 Marigny St  New Orleans  LA 70117  United States,607 Marigny St,New Orleans,70117,Louisiana,US,America/Chicago,15043279248,alexsbikesnola@gmail.com,http://www.alexsbikes.com/,alexsbikes.com,Bicycle store,Bicycle rental service,Yes,141,4.8,open,"Saturday, 10 AM-5 PM; Sunday, 12-5 PM; Monday, 10 AM-6 PM; Tuesday, 10 AM-6 PM; Wednesday, 10 AM-6 PM; Thursday, 10 AM-6 PM; Friday, 10 AM-6 PM; ",10 AM-5 PM,12-5 PM,10 AM-6 PM,10 AM-6 PM,10 AM-6 PM,10 AM-6 PM,10 AM-6 PM,Lat 29.96399,Lng -90.0549808,https://www.google.com/maps/place/?q=place_id:ChIJsdOdlSKmIIYRb40ggA4Hm6Y,https://www.google.com/search?kgmid=/g/11cjj1b4p3,https://lh5.googleusercontent.com/p/CIABIhADyddmsxQhamer4O4ADllq,"https://t1.gstatic.com/faviconV2?client=SOCIAL&type=FAVICON&fallback_opts=TYPE,SIZE,URL&url=http://www.alexsbikes.com/&size=48","https://search.google.com/local/reviews?placeid=ChIJsdOdlSKmIIYRb40ggA4Hm6Y&q=bicycle+shop+near+Many+town,+Louisiana,+USA&authuser=0&hl=en",, , ,,
The Benevolent Society for the Propagation of Two-Wheeled Transportation,6316 Willow St  New Orleans  LA 70118  United States,6316 Willow St,New Orleans,70118,Louisiana,US,America/Chicago,,benevolentjugglers@gmail.com,https://thebenevolentsociety.tulane.edu/ministry-of-transportation/,tulane.edu,Bicycle repair shop,Community garden,Yes,16,5,open,"Friday, Closed; Saturday, Closed; Sunday, 2-5 PM; Monday, Closed; Tuesday, Closed; Wednesday, Closed; Thursday, Closed; ",Closed,2-5 PM,Closed,Closed,Closed,Closed,Closed,Lat 29.9407003,Lng -90.11727359999999,https://www.google.com/maps/place/?q=place_id:ChIJm4VBVLelIIYReya1FgwkbH0,https://www.google.com/search?kgmid=/g/11t654sp7q,https://lh5.googleusercontent.com/p/AF1QipNl3pQmuQdZRUqlduaufLcu6rc87hbJ86igyec,"https://t1.gstatic.com/faviconV2?client=SOCIAL&type=FAVICON&fallback_opts=TYPE,SIZE,URL&url=https://thebenevolentsociety.tulane.edu/ministry-of-transportation/&size=48","https://search.google.com/local/reviews?placeid=ChIJm4VBVLelIIYReya1FgwkbH0&q=bicycle+shop+near+Westwego,+Louisiana,+USA&authuser=0&hl=en",, , ,,
Front Yard Bikes,700 Terrace Ave  Baton Rouge  LA 70802  United States,700 Terrace Ave,Baton Rouge,70802,Louisiana,US,America/Chicago,,frontyardbikes@gmail.com,http://www.frontyardbikes.com/,frontyardbikes.com,Bicycle repair shop, ,Yes,11,4.7,open,"Saturday, Closed; Sunday, Closed; Monday, 1-5 PM; Tuesday, 1-5 PM; Wednesday, Closed; Thursday, Closed; Friday, Closed; ",Closed,Closed,1-5 PM,1-5 PM,Closed,Closed,Closed,Lat 30.4363654,Lng -91.1832816,https://www.google.com/maps/place/?q=place_id:ChIJwcMAyOehJoYRgCHgh7waSRo,https://www.google.com/search?kgmid=/g/11h6dhl9xq,https://lh5.googleusercontent.com/p/CIHM0ogKEICAgICRuL2AJQ,"https://t1.gstatic.com/faviconV2?client=SOCIAL&type=FAVICON&fallback_opts=TYPE,SIZE,URL&url=http://www.frontyardbikes.com/&size=48","https://search.google.com/local/reviews?placeid=ChIJwcMAyOehJoYRgCHgh7waSRo&q=bicycle+shop+near+Brusly+town,+Louisiana,+USA&authuser=0&hl=en",,https://www.facebook.com/Frontyardbikes/, ,http://instagram.com/front_yard_bikes,
Bayou Bicycles,3530 Toulouse St  New Orleans  LA 70119  United States,3530 Toulouse St,New Orleans,70119,Louisiana,US,America/Chicago,15044881946,info@bayoubicycles.com,http://bayoubicycles.com/,bayoubicycles.com,Bicycle store, ,Yes,232,4.5,open,"Saturday, 10 AM-5 PM; Sunday, Closed; Monday, Closed; Tuesday, 10 AM-6 PM; Wednesday, 10 AM-6 PM; Thursday, 10 AM-6 PM; Friday, 10 AM-6 PM; ",10 AM-5 PM,Closed,Closed,10 AM-6 PM,10 AM-6 PM,10 AM-6 PM,10 AM-6 PM,Lat 29.974411699999997,Lng -90.0923912,https://www.google.com/maps/place/?q=place_id:ChIJM1nMk1-vIIYR0fghp6R0tH4,https://www.google.com/search?kgmid=/g/1tfd7b7y,https://lh5.googleusercontent.com/p/CIHM0ogKEICAgIDEh6_v4AE,"https://t1.gstatic.com/faviconV2?client=SOCIAL&type=FAVICON&fallback_opts=TYPE,SIZE,URL&url=http://bayoubicycles.com/&size=48","https://search.google.com/local/reviews?placeid=ChIJM1nMk1-vIIYR0fghp6R0tH4&q=bicycle+shop+near+Iowa+town,+Louisiana,+USA&authuser=0&hl=en",1-504-488-1946,https://www.facebook.com/bayoubicycles, ,https://www.instagram.com/bayoubicycles/,
Bicycle World of Louisiana,701 Jefferson Hwy  Jefferson  LA 70121  United States,701 Jefferson Hwy,Jefferson,70121,Louisiana,US,America/Chicago,15048281862,info@bicycleworldla.com,http://www.bicycleworldla.com/,bicycleworldla.com,Bicycle store,Bicycle repair shop,Yes,108,4.5,open,"Friday, 10 AM-6 PM; Saturday, 10 AM-5 PM; Sunday, 12-4 PM; Monday, 10 AM-6 PM; Tuesday, 10 AM-6 PM; Wednesday, 10 AM-6 PM; Thursday, 10 AM-6 PM; ",10 AM-5 PM,12-4 PM,10 AM-6 PM,10 AM-6 PM,10 AM-6 PM,10 AM-6 PM,10 AM-6 PM,Lat 29.965624299999998,Lng -90.1375458,https://www.google.com/maps/place/?q=place_id:ChIJz4nzqVulIIYR7OJXWIefBhU,https://www.google.com/search?kgmid=/g/1wt3nscr,https://lh5.googleusercontent.com/p/CIHM0ogKEICAgIC41uPHbA,"https://t1.gstatic.com/faviconV2?client=SOCIAL&type=FAVICON&fallback_opts=TYPE,SIZE,URL&url=http://www.bicycleworldla.com/&size=48",https://search.google.com/local/reviews?placeid=ChIJz4nzqVulIIYR7OJXWIefBhU&q=Bicycle+World&authuser=0&hl=en,5048281862, , ,,
YEP Bike Works,1604 Oretha Castle Haley Blvd  New Orleans  LA 70113  United States,1604 Oretha Castle Haley Blvd,New Orleans,70113,Louisiana,US,America/Chicago,15042647090,info@youthempowermentproject.org,https://www.youthempowermentproject.org/shop-yep,youthempowermentproject.org,Used bicycle shop,Bicycle Shop,Yes,56,4.5,open,"Saturday, Closed; Sunday, Closed; Monday, 10 AM-5 PM; Tuesday, 10 AM-5 PM; Wednesday, 10 AM-3 PM; Thursday, 10 AM-5 PM; Friday, 10 AM-5 PM; ",Closed,Closed,10 AM-5 PM,10 AM-5 PM,10 AM-3 PM,10 AM-5 PM,10 AM-5 PM,Lat 29.9402525,Lng -90.0796658,https://www.google.com/maps/place/?q=place_id:ChIJRd7HitClIIYROBq8rrnD5HY,https://www.google.com/search?kgmid=/g/1ptzwqz2p,https://lh5.googleusercontent.com/p/AF1QipPRzA6Sh7muItmYIKon8suBtNdBbLJb0xwxd79S,"https://t1.gstatic.com/faviconV2?client=SOCIAL&type=FAVICON&fallback_opts=TYPE,SIZE,URL&url=https://www.youthempowermentproject.org/shop-yep&size=48","https://search.google.com/local/reviews?placeid=ChIJRd7HitClIIYROBq8rrnD5HY&q=bicycle+shop+near+Many+town,+Louisiana,+USA&authuser=0&hl=en",5047028070,https://www.facebook.com/YEPNOLA, ,https://www.instagram.com/yepnola/,https://www.youtube.com/@Youthempowermentprojectyep
Owheelies Bicycle Co.,639 Girod St  Mandeville  LA 70448  United States,639 Girod St,Mandeville,70448,Louisiana,US,America/Chicago,19856294211,owheelies@yahoo.com,https://www.owheelies.com/,owheelies.com,Bicycle rental service,,Yes,36,5,open,"Saturday, 10 AM-4 PM; Sunday, 10 AM-4 PM; Monday, Closed; Tuesday, 12-7 PM; Wednesday, 12-7 PM; Thursday, 12-7 PM; Friday, 12-7 PM; ",10 AM-4 PM,10 AM-4 PM,Closed,12-7 PM,12-7 PM,12-7 PM,12-7 PM,Lat 30.3604636,Lng -90.0630935,https://www.google.com/maps/place/?q=place_id:ChIJLS6-AhtZJ4YRaxuqMH2zHaI,https://www.google.com/search?kgmid=/g/11s0k1v_2c,https://lh5.googleusercontent.com/p/AF1QipOzqJ0NcbbrMZ-9WLRAxqlj7U4xKnp3H9pWpyn2,"https://t1.gstatic.com/faviconV2?client=SOCIAL&type=FAVICON&fallback_opts=TYPE,SIZE,URL&url=https://www.owheelies.com/&size=48","https://search.google.com/local/reviews?placeid=ChIJLS6-AhtZJ4YRaxuqMH2zHaI&q=bicycle+shop+near+Pearl+River+town,+Louisiana,+USA&authuser=0&hl=en",985-629-4211,https://www.facebook.com/people/OWheelies/100073468733407/, ,https://www.instagram.com/owheelies/,
Pedego Electric Bikes Baton Rouge,711 Jefferson Hwy Suite 1C  Baton Rouge  LA 70806  United States,711 Jefferson Hwy Suite 1C,Baton Rouge,70806,Louisiana,US,America/Chicago,12252566775,team@pedegobatonrouge.com,https://pedegoelectricbikes.com/dealers/baton-rouge/,pedegoelectricbikes.com,Bicycle store,Bicycle rental service,Yes,26,5,open,"Friday, 11 AM-4 PM; Saturday, 11 AM-4 PM; Sunday, Closed; Monday, Closed; Tuesday, 11 AM-4 PM; Wednesday, 11 AM-4 PM; Thursday, 11 AM-4 PM; ",11 AM-4 PM,Closed,Closed,11 AM-4 PM,11 AM-4 PM,11 AM-4 PM,11 AM-4 PM,Lat 30.442642399999997,Lng -91.1299427,https://www.google.com/maps/place/?q=place_id:ChIJSTmuZ6OjJoYRDqbOVVQb5jw,https://www.google.com/search?kgmid=/g/11pb7dscv9,https://lh5.googleusercontent.com/p/AF1QipMvkzYk7uDA0Tall6Tu76NVUUan3w6NWuLznb74,"https://t1.gstatic.com/faviconV2?client=SOCIAL&type=FAVICON&fallback_opts=TYPE,SIZE,URL&url=https://pedegoelectricbikes.com/dealers/baton-rouge/&size=48","https://search.google.com/local/reviews?placeid=ChIJSTmuZ6OjJoYRDqbOVVQb5jw&q=bicycle+shop+near+Central,+Louisiana,+USA&authuser=0&hl=en",+1 (225) 256-6775,https://www.facebook.com/107262171444947, ,https://www.instagram.com/pedego,https://www.youtube.com/watch?v=FXMYYmKbVLI
Front Yard Bikes - Mid City,4308 Government St  Baton Rouge  LA 70806  United States,4308 Government St,Baton Rouge,70806,Louisiana,US,America/Chicago,12256365776,,http://frontyardbikes.com/,frontyardbikes.com,Bicycle store,Bicycle repair shop,Yes,92,4.7,open,"Friday, 11 AM-6 PM; Saturday, 10 AM-4 PM; Sunday, Closed; Monday, Closed; Tuesday, 11 AM-6 PM; Wednesday, 11 AM-6 PM; Thursday, 11 AM-6 PM; ",10 AM-4 PM,Closed,Closed,11 AM-6 PM,11 AM-6 PM,11 AM-6 PM,11 AM-6 PM,Lat 30.4441027,Lng -91.1454274,https://www.google.com/maps/place/?q=place_id:ChIJWVcE9jqhJoYRWiMHRAVaiz4,https://www.google.com/search?kgmid=/g/1tg2dvyn,https://lh5.googleusercontent.com/p/AF1QipOSo2H-11322wsv0UEcPS3xLeaVsRtl8yoi8ixa,"https://t1.gstatic.com/faviconV2?client=SOCIAL&type=FAVICON&fallback_opts=TYPE,SIZE,URL&url=http://frontyardbikes.com/&size=48","https://search.google.com/local/reviews?placeid=ChIJWVcE9jqhJoYRWiMHRAVaiz4&q=bicycle+shop+near+Central,+Louisiana,+USA&authuser=0&hl=en",,https://www.facebook.com/Frontyardbikes/, ,http://instagram.com/front_yard_bikes,
Sanchez Bicycle club,3040 Sorbonne Dr  Marrero  LA 70072  United States,3040 Sorbonne Dr,Marrero,70072,Louisiana,US,America/Chicago,,,,,Bicycle club, ,No,,,open,"Saturday, Open 24 hours; Sunday, Closed; Monday, Open 24 hours; Tuesday, Open 24 hours; Wednesday, Open 24 hours; Thursday, Open 24 hours; Friday, Open 24 hours; ",Open 24 hours,Closed,Open 24 hours,Open 24 hours,Open 24 hours,Open 24 hours,Open 24 hours,Lat 29.8509103,Lng -90.1193014,https://www.google.com/maps/place/?q=place_id:ChIJf4o2fACjIIYRqMbSAZQ5FiU,https://www.google.com/search?kgmid=/g/11xmmchvnv,https://lh5.googleusercontent.com/p/7Uy1Tj6lrvf7ZRSKz5wqhA, , , , , , , 
Bike Repair Station,Riverfront Plaza  300 S River Rd  Baton Rouge  LA 70802  United States,Riverfront Plaza,Baton Rouge,70802,Louisiana,US,America/Chicago,,,,,Bicycle rack, ,No,2,5,open,"Friday, Open 24 hours; Saturday, Open 24 hours; Sunday, Open 24 hours; Monday, Open 24 hours; Tuesday, Open 24 hours; Wednesday, Open 24 hours; Thursday, Open 24 hours; ",Open 24 hours,Open 24 hours,Open 24 hours,Open 24 hours,Open 24 hours,Open 24 hours,Open 24 hours,Lat 30.4453371,Lng -91.1908112,https://www.google.com/maps/place/?q=place_id:ChIJHXcUSUGhJoYR9QQKQxbBlXc,https://www.google.com/search?kgmid=/g/11j0_w5j0b,https://lh5.googleusercontent.com/p/CIHM0ogKEICAgICniPSiWw, ,"https://search.google.com/local/reviews?placeid=ChIJHXcUSUGhJoYR9QQKQxbBlXc&q=bicycle+shop+near+Port+Allen,+Louisiana,+USA&authuser=0&hl=en", , , , , 
Palmarès Cycling,128 Girod St  Mandeville  LA 70448  United States,128 Girod St,Mandeville,70448,Louisiana,US,America/Chicago,15046448680,,,,Bicycle rental service, ,No,2,5,open, ,,,,,,,,Lat 30.354218,Lng -90.06868899999999,https://www.google.com/maps/place/?q=place_id:ChIJN52nbfpZJ4YR9AWdbz55mnU,https://www.google.com/search?kgmid=/g/11q2y_nvcx,https://lh5.googleusercontent.com/p/T3DsozUcQmnKjmGrff02KA, ,"https://search.google.com/local/reviews?placeid=ChIJN52nbfpZJ4YR9AWdbz55mnU&q=bicycle+shop+near+Mandeville,+Louisiana,+USA&authuser=0&hl=en", , , , , 
Bike Night on the Seawall,Bord du Lac Dr  Lake Charles  LA 70601  United States,Bord du Lac Dr,Lake Charles,70601,Louisiana,US,America/Chicago,,,,,Bicycle rental service, ,No,1,5,open, ,,,,,,,,Lat 30.227534,Lng -93.2227606,https://www.google.com/maps/place/?q=place_id:ChIJT8tIIsyFO4YREkavklTwsOY,https://www.google.com/search?kgmid=/g/11f009cm0l,https://lh5.googleusercontent.com/p/CIHM0ogKEICAgICBif3FMA, ,"https://search.google.com/local/reviews?placeid=ChIJT8tIIsyFO4YREkavklTwsOY&q=bicycle+shop+near+Westlake,+Louisiana,+USA&authuser=0&hl=en", , , , , 
BOUGEE BIKES,21449 Marion Ln Ste 1  Mandeville  LA 70471  United States,21449 Marion Ln Ste 1,Mandeville,70471,Louisiana,US,America/Chicago,19856850011,,,,Bicycle repair shop,Bicycle rental service,Yes,2,5,open,"Saturday, 9 AM-5 PM; Sunday, 9 AM-5 PM; Monday, 9 AM-5 PM; Tuesday, 9 AM-5 PM; Wednesday, 9 AM-5 PM; Thursday, 9 AM-5 PM; Friday, 9 AM-5 PM; ",9 AM-5 PM,9 AM-5 PM,9 AM-5 PM,9 AM-5 PM,9 AM-5 PM,9 AM-5 PM,9 AM-5 PM,Lat 30.4257554,Lng -90.0443348,https://www.google.com/maps/place/?q=place_id:ChIJ_9oDm2VZJ4YRIARhs1LskSg,https://www.google.com/search?kgmid=/g/11x07xhqkl,https://lh5.googleusercontent.com/p/AF1QipOKNJlY_9TQo90du_e6oy2J1Vg3adwIAEU81DxY, ,"https://search.google.com/local/reviews?placeid=ChIJ_9oDm2VZJ4YRIARhs1LskSg&q=bicycle+shop+near+Franklinton+town,+Louisiana,+USA&authuser=0&hl=en", , , , , 
Massey's Bicycle Sales and Repairs,509 N Carrollton Ave  New Orleans  LA 70119  United States,509 N Carrollton Ave,New Orleans,70119,Louisiana,US,America/Chicago,15046480366,,,,Bicycle repair shop,Running store,Yes,55,4.8,open,"Saturday, 10 AM-6 PM; Sunday, 11 AM-5 PM; Monday, 10 AM-6 PM; Tuesday, 10 AM-6 PM; Wednesday, 10 AM-6 PM; Thursday, 10 AM-6 PM; Friday, 10 AM-6 PM; ",10 AM-6 PM,11 AM-5 PM,10 AM-6 PM,10 AM-6 PM,10 AM-6 PM,10 AM-6 PM,10 AM-6 PM,Lat 29.977895999999998,Lng -90.097359,https://www.google.com/maps/place/?q=place_id:ChIJaWhdZWGvIIYRZvtyyBGzuf4,https://www.google.com/search?kgmid=/g/119tbn50z,https://lh5.googleusercontent.com/p/CIHM0ogKEICAgID4u5HxRg, ,"https://search.google.com/local/reviews?placeid=ChIJaWhdZWGvIIYRZvtyyBGzuf4&q=bicycle+shop+near+Franklinton+town,+Louisiana,+USA&authuser=0&hl=en", , , , , 
A & A Custom Cyclery LLC,904 N Ave G  Crowley  LA 70526  United States,904 N Ave G,Crowley,70526,Louisiana,US,America/Chicago,13373985063,,,,Bicycle repair shop, ,No,,,open,"Friday, 9 AM-12 PM; Saturday, Closed; Sunday, Closed; Monday, 9 AM-4:30 PM; Tuesday, 9 AM-4:30 PM; Wednesday, 9 AM-4:30 PM; Thursday, 9 AM-4:30 PM; ",Closed,Closed,9 AM-4:30 PM,9 AM-4:30 PM,9 AM-4:30 PM,9 AM-4:30 PM,9 AM-12 PM,Lat 30.218787499999998,Lng -92.3744693,https://www.google.com/maps/place/?q=place_id:ChIJm_qS5jypJIYRMjpWRLJw2zg,https://www.google.com/search?kgmid=/g/11ngjq0fgj,https://lh5.googleusercontent.com/p/uFaSrFVNSEdMCOnD8DfZNA, , , , , , , 
Straight Bangin' Motorbikes,3551 Elon St  Shreveport  LA 71109  United States,3551 Elon St,Shreveport,71109,Louisiana,US,America/Chicago,13183743065,,,,Bicycle repair shop,Appliance repair service,Yes,22,4.9,open,"Saturday, 10 AM-8 PM; Sunday, Closed; Monday, 10 AM-10 PM; Tuesday, 10 AM-10 PM; Wednesday, 10 AM-8 PM; Thursday, 10 AM-8 PM; Friday, 10 AM-8 PM; ",10 AM-8 PM,Closed,10 AM-10 PM,10 AM-10 PM,10 AM-8 PM,10 AM-8 PM,10 AM-8 PM,Lat 32.496679199999996,Lng -93.79449149999999,https://www.google.com/maps/place/?q=place_id:ChIJT6Il7XvNNoYRTtIlZa0WCPM,https://www.google.com/search?kgmid=/g/11s2pv9gtt,https://lh5.googleusercontent.com/p/AF1QipMtQWh8-IFWVrFb3eNFLoUyn2DlYdW9rPZVDSdn, ,"https://search.google.com/local/reviews?placeid=ChIJT6Il7XvNNoYRTtIlZa0WCPM&q=bicycle+shop+near+Greenwood+town,+Louisiana,+USA&authuser=0&hl=en", , , , , 
Alexandria Bike Works,Alexandria  LA 71302  United States,Alexandria  LA 71302,Alexandria, ,Louisiana,US,America/Chicago,,,,,Bicycle store, ,No,,,open, ,,,,,,,,Lat 31.276385599999998,Lng -92.446147,https://www.google.com/maps/place/?q=place_id:ChIJE0fCedtKJYYRMGhobT7d3eM,https://www.google.com/search?kgmid=/g/11yjg49_xg,https://lh5.googleusercontent.com/p/dTN0HrQJsiPDfiEROtp8nA, , , , , , , 
Abw Bike Works,Alexandria  LA 71302  United States,Alexandria  LA 71302,Alexandria, ,Louisiana,US,America/Chicago,,,,,Bicycle store, ,No,,,open, ,,,,,,,,Lat 31.2764022,Lng -92.4461505,https://www.google.com/maps/place/?q=place_id:ChIJFXzEedtKJYYRHZriOlxVcsI,https://www.google.com/search?kgmid=/g/11yjg44f_b,https://lh5.googleusercontent.com/p/dTN0HrQJsiPDfiEROtp8nA, , , , , , , 
Bayou City Bicycles,205 Bayou Gardens Blvd Suite D  Houma  LA 70364  United States,205 Bayou Gardens Blvd Suite D,Houma,70364,Louisiana,US,America/Chicago,19858513446,,,,Bicycle store, ,No,34,4.8,open,"Friday, 9 AM-5 PM; Saturday, 9 AM-1 PM; Sunday, Closed; Monday, Closed; Tuesday, 9 AM-5 PM; Wednesday, 9 AM-5 PM; Thursday, 9 AM-5 PM; ",9 AM-1 PM,Closed,Closed,9 AM-5 PM,9 AM-5 PM,9 AM-5 PM,9 AM-5 PM,Lat 29.6373039,Lng -90.756058,https://www.google.com/maps/place/?q=place_id:ChIJu45P3HkQIYYRFuroMHQzns8,https://www.google.com/search?kgmid=/g/1tf9t5m3,https://lh5.googleusercontent.com/p/UkBmWkA0Z-dYQBoITPkNkw, ,"https://search.google.com/local/reviews?placeid=ChIJu45P3HkQIYYRFuroMHQzns8&q=bicycle+shop+near+Marksville,+Louisiana,+USA&authuser=0&hl=en", , , , , 
Southern Specialty Products,615 E Prien Lake Rd  Lake Charles  LA 70601  United States,615 E Prien Lake Rd,Lake Charles,70601,Louisiana,US,America/Chicago,13374749090,,,,Bicycle store,Bicycle repair shop,Yes,37,4.4,open,"Friday, 9 AM-5 PM; Saturday, 10 AM-3 PM; Sunday, Closed; Monday, 9 AM-5 PM; Tuesday, 9 AM-5 PM; Wednesday, 9 AM-5 PM; Thursday, 9 AM-5 PM; ",10 AM-3 PM,Closed,9 AM-5 PM,9 AM-5 PM,9 AM-5 PM,9 AM-5 PM,9 AM-5 PM,Lat 30.1986565,Lng -93.2127026,https://www.google.com/maps/place/?q=place_id:ChIJu609MY-GO4YR2sVdBibybZg,https://www.google.com/search?kgmid=/g/11bz0dc_3v,https://lh5.googleusercontent.com/p/CIHM0ogKEICAgICkzaX32QE, ,"https://search.google.com/local/reviews?placeid=ChIJu609MY-GO4YR2sVdBibybZg&q=bicycle+shop+near+Westlake,+Louisiana,+USA&authuser=0&hl=en", , , , , 
velohenderson,Feldstrasse 59 #8004  New Orleans  LA 70118  United States,Feldstrasse 59 #8004,New Orleans,70118,Louisiana,US,America/Chicago,15042850788,,,,Bicycle store,Recycling center,No,2,3.5,open,"Saturday, 10 AM-3 PM; Sunday, Closed; Monday, Closed; Tuesday, 10 AM-5 PM; Wednesday, 10 AM-5 PM; Thursday, 10 AM-5 PM; Friday, 10 AM-5 PM; ",10 AM-3 PM,Closed,Closed,10 AM-5 PM,10 AM-5 PM,10 AM-5 PM,10 AM-5 PM,Lat 29.945083999999998,Lng -90.12610099999999,https://www.google.com/maps/place/?q=place_id:ChIJvf___xOlIIYRtdo1bo358Fk,https://www.google.com/search?kgmid=/g/1tgln7s6,https://lh5.googleusercontent.com/p/UALH6Set48cC41btF0IiIQ, ,"https://search.google.com/local/reviews?placeid=ChIJvf___xOlIIYRtdo1bo358Fk&q=bicycle+shop+near+Franklinton+town,+Louisiana,+USA&authuser=0&hl=en", , , , , 
Wolf Auto and Small engine Repair,409 Brown St  West Monroe  LA 71292  United States,409 Brown St,West Monroe,71292,Louisiana,US,America/Chicago,13188840778,,,,Bicycle Shop,,Yes,2,5,open,"Saturday, Closed; Sunday, 9 AM-5 PM; Monday, 9 AM-5 PM; Tuesday, 9 AM-5 PM; Wednesday, 9 AM-5 PM; Thursday, 9 AM-5 PM; Friday, 9 AM-5 PM; ",Closed,9 AM-5 PM,9 AM-5 PM,9 AM-5 PM,9 AM-5 PM,9 AM-5 PM,9 AM-5 PM,Lat 32.4702176,Lng -92.16473409999999,https://www.google.com/maps/place/?q=place_id:ChIJKwlMv-U3LoYRl__I3XuE1w0,https://www.google.com/search?kgmid=/g/11tbzk7gjq,https://lh5.googleusercontent.com/p/AF1QipPVy94pKfK2qHrJtrVYYNx0JO01PaRkZj6c1Jxq, ,"https://search.google.com/local/reviews?placeid=ChIJKwlMv-U3LoYRl__I3XuE1w0&q=bicycle+shop+near+Rayville+town,+Louisiana,+USA&authuser=0&hl=en", , , , , 
Cajun Mobility & Transportation  LLC,17 5th St  Gretna  LA 70053  United States,17 5th St,Gretna,70053,Louisiana,US,America/Chicago,15049477005,,,,Electric bicycle store,,Yes,,,open,"Saturday, Closed; Sunday, Closed; Monday, 10 AM-5 PM; Tuesday, 10 AM-5 PM; Wednesday, 10 AM-5 PM; Thursday, 10 AM-5 PM; Friday, 10 AM-5 PM; ",Closed,Closed,10 AM-5 PM,10 AM-5 PM,10 AM-5 PM,10 AM-5 PM,10 AM-5 PM,Lat 29.921371699999998,Lng -90.05366479999999,https://www.google.com/maps/place/?q=place_id:ChIJVcH6Yn-nIIYRIv4kouAhx84,https://www.google.com/search?kgmid=/g/11xmfd_p3s,https://lh5.googleusercontent.com/p/AF1QipMjnXRF3DQNFqwVeUOuQtOy7Nta6lffwnVUYYJ2, , , , , , , 
Northshore Off-Road Bicycling Association,17049 State Park Blvd  Franklinton  LA 70438  United States,17049 State Park Blvd,Franklinton,70438,Louisiana,US,America/Chicago,,,http://norbatrails.org/,norbatrails.org,Bicycle club, ,Yes,8,5,open,"Saturday, 8 AM-10 PM; Sunday, 8 AM-9 PM; Monday, 8 AM-9 PM; Tuesday, 8 AM-9 PM; Wednesday, 8 AM-9 PM; Thursday, 8 AM-9 PM; Friday, 8 AM-10 PM; ",8 AM-10 PM,8 AM-9 PM,8 AM-9 PM,8 AM-9 PM,8 AM-9 PM,8 AM-9 PM,8 AM-10 PM,Lat 30.7679536,Lng -90.15721169999999,https://www.google.com/maps/place/?q=place_id:ChIJk9hPEYVwJ4YRn1GDhcGqLxo,https://www.google.com/search?kgmid=/g/11f5hm1dwt,https://lh5.googleusercontent.com/p/AF1QipPYVULdCLdPtgjlfJdqymgeQfW0UQXlM6MXTvAs,"https://t1.gstatic.com/faviconV2?client=SOCIAL&type=FAVICON&fallback_opts=TYPE,SIZE,URL&url=http://norbatrails.org/&size=48","https://search.google.com/local/reviews?placeid=ChIJk9hPEYVwJ4YRn1GDhcGqLxo&q=bicycle+shop+near+Franklinton+town,+Louisiana,+USA&authuser=0&hl=en",,https://www.facebook.com/profile.php/?id=100094248273946, ,https://www.instagram.com/boguechittomtb/,
Arts District Bikes Rental & Light Up Rides,1121 Margaret Pl  New Orleans  LA 70130  United States,1121 Margaret Pl,New Orleans,70130,Louisiana,US,America/Chicago,15045216390,,http://artsdistrictbikerental.com/,artsdistrictbikerental.com,Bicycle rental service,Event planner,Yes,249,4.8,open,"Friday, 11 AM-7 PM; Saturday, 11 AM-7 PM; Sunday, 11 AM-7 PM; Monday, 11 AM-7 PM; Tuesday, 11 AM-7 PM; Wednesday, 11 AM-7 PM; Thursday, 11 AM-7 PM; ",11 AM-7 PM,11 AM-7 PM,11 AM-7 PM,11 AM-7 PM,11 AM-7 PM,11 AM-7 PM,11 AM-7 PM,Lat 29.941045,Lng -90.0723218,https://www.google.com/maps/place/?q=place_id:ChIJ29APoHemIIYRq4sI-6U23lI,https://www.google.com/search?kgmid=/g/1tm88sxq,https://lh5.googleusercontent.com/p/AF1QipOu04PI9FXJtM8pGipVLUgRc9Ey3nyzf5Pr3seL,"https://t1.gstatic.com/faviconV2?client=SOCIAL&type=FAVICON&fallback_opts=TYPE,SIZE,URL&url=http://artsdistrictbikerental.com/&size=48","https://search.google.com/local/reviews?placeid=ChIJ29APoHemIIYRq4sI-6U23lI&q=bicycle+shop+near+New+Orleans,+Louisiana,+USA&authuser=0&hl=en",, , ,,
BLUE BIKES,94 Lincoln Rd  Monroe  LA 71203  United States,94 Lincoln Rd,Monroe,71203,Louisiana,US,America/Chicago,13183070794,,http://facebook.com/bluebikesmonroe,facebook.com,Bicycle repair shop,Bicycle Shop,Yes,56,4.9,open,"Friday, 10 AM-6 PM; Saturday, 10 AM-2 PM; Sunday, Closed; Monday, 10 AM-6 PM; Tuesday, 10 AM-6 PM; Wednesday, 10 AM-6 PM; Thursday, 10 AM-6 PM; ",10 AM-2 PM,Closed,10 AM-6 PM,10 AM-6 PM,10 AM-6 PM,10 AM-6 PM,10 AM-6 PM,Lat 32.533379499999995,Lng -92.02988219999999,https://www.google.com/maps/place/?q=place_id:ChIJCc3jpvdFLoYRuoIVyxWCtBs,https://www.google.com/search?kgmid=/g/11jrmxd1kk,https://lh5.googleusercontent.com/p/AF1QipMKLXBukdZqB8KLzyxiwdvOaCBftJEZlv5flgyy,"https://t1.gstatic.com/faviconV2?client=SOCIAL&type=FAVICON&fallback_opts=TYPE,SIZE,URL&url=http://facebook.com/bluebikesmonroe&size=48","https://search.google.com/local/reviews?placeid=ChIJCc3jpvdFLoYRuoIVyxWCtBs&q=bicycle+shop+near+Monroe,+North+Carolina,+USA&authuser=0&hl=en",,https://www.facebook.com/recover/initiate/?ars=facebook_login&cancel_lara_pswd=0&next=https%3A%2F%2Fwww.facebook.com%2Fbluebikesmonroe, ,https://l.facebook.com/l.php?u=https%3A%2F%2Fwww.instagram.com%2F&h=AT0DHvO59tjY4pJe-N-Xpr9km7EW4FAXjdUFVT4X42-SMM_Aq5Crsl1EjOrNGsK4VfJXNuZET7R61SqgdakwFGbfx_-FMRG7TrOx75IAwbUqbhVZ1A32Xcf3gNxltvSPS-7CW50d9CMHVDNRiY1jJg,
BALLER QUEST BICYCLES & EQUIPMENT,2405 Port St  New Orleans  LA 70117  United States,2405 Port St,New Orleans,70117,Louisiana,US,America/Chicago,19405940185,,http://www.facebook.com/BallerQuest,facebook.com,Bicycle repair shop,Aluminum welder,Yes,20,4.4,open, ,,,,,,,,Lat 29.982377699999997,Lng -90.04469639999999,https://www.google.com/maps/place/?q=place_id:ChIJmb831wKmIIYRj1zkzKjMYIU,https://www.google.com/search?kgmid=/g/12nqgnw7z,https://lh5.googleusercontent.com/p/CIHM0ogKEICAgIDyz7ix0QE,"https://t1.gstatic.com/faviconV2?client=SOCIAL&type=FAVICON&fallback_opts=TYPE,SIZE,URL&url=http://www.facebook.com/BallerQuest&size=48","https://search.google.com/local/reviews?placeid=ChIJmb831wKmIIYRj1zkzKjMYIU&q=bicycle+shop+near+Pearl+River+town,+Louisiana,+USA&authuser=0&hl=en",, , ,,
Llew's Country Pedaller,18591 Stoney Point Burch Rd  Greenwell Springs  LA 70739  United States,18591 Stoney Point Burch Rd,Greenwell Springs,70739,Louisiana,US,America/Chicago,12259217755,,http://www.llewscountrypedaller.com/,llewscountrypedaller.com,Bicycle repair shop,Bicycle Shop,Yes,3,4,open,"Friday, 7 AM-5 PM; Saturday, 7 AM-5 PM; Sunday, Closed; Monday, 7 AM-5 PM; Tuesday, 7 AM-5 PM; Wednesday, 7 AM-5 PM; Thursday, 7 AM-5 PM; ",7 AM-5 PM,Closed,7 AM-5 PM,7 AM-5 PM,7 AM-5 PM,7 AM-5 PM,7 AM-5 PM,Lat 30.6379271,Lng -90.93787809999999,https://www.google.com/maps/place/?q=place_id:ChIJTVM1a3OTJoYRIgeNFECwHao,https://www.google.com/search?kgmid=/g/11bw4y40q9,https://lh5.googleusercontent.com/p/AF1QipM8Mu9tNKoqJNFka2HVSsT-SCYpJzzJhmPR8Dto,"https://t1.gstatic.com/faviconV2?client=SOCIAL&type=FAVICON&fallback_opts=TYPE,SIZE,URL&url=http://www.llewscountrypedaller.com/&size=48","https://search.google.com/local/reviews?placeid=ChIJTVM1a3OTJoYRIgeNFECwHao&q=bicycle+shop+near+Central,+Louisiana,+USA&authuser=0&hl=en",,https://www.facebook.com/llewscountrypedaller, ,,
Dave's Bicycle Repair,Baton Rouge  LA 70809  United States,Baton Rouge  LA 70809,Baton Rouge,70809,Louisiana,US,America/Chicago,12259244337,,http://www.davesbicyclerepair.com/,davesbicyclerepair.com,Bicycle repair shop, ,No,36,4.8,open, ,,,,,,,,Lat 30.4165174,Lng -91.10189749999999,https://www.google.com/maps/place/?q=place_id:ChIJufDYf2SkJoYRRVK_RRtfeaM,https://www.google.com/search?kgmid=/g/1tdylkwh,https://lh5.googleusercontent.com/p/CIHM0ogKEICAgIDGnsilrQE,"https://t1.gstatic.com/faviconV2?client=SOCIAL&type=FAVICON&fallback_opts=TYPE,SIZE,URL&url=http://www.davesbicyclerepair.com/&size=48","https://search.google.com/local/reviews?placeid=ChIJufDYf2SkJoYRRVK_RRtfeaM&q=bicycle+shop+near+Delhi+town,+Louisiana,+USA&authuser=0&hl=en",, , ,,
Bokah Bikes,4233 St Claude Ave  New Orleans  LA 70117  United States,4233 St Claude Ave,New Orleans,70117,Louisiana,US,America/Chicago,15049420732,,https://www.bokahbikes.com/,bokahbikes.com,Bicycle store,Bicycle rental service,Yes,119,5,open,"Saturday, 10 AM-6 PM; Sunday, 10 AM-6 PM; Monday, Closed; Tuesday, 10 AM-6 PM; Wednesday, 10 AM-6 PM; Thursday, 10 AM-6 PM; Friday, 10 AM-6 PM; ",10 AM-6 PM,10 AM-6 PM,Closed,10 AM-6 PM,10 AM-6 PM,10 AM-6 PM,10 AM-6 PM,Lat 29.9652876,Lng -90.03257909999999,https://www.google.com/maps/place/?q=place_id:ChIJ__8PgNGnIIYRAKoTkDPc37A,https://www.google.com/search?kgmid=/g/11gf5swlq6,https://lh5.googleusercontent.com/p/AF1QipMLF21hxtzNs8jY1q3-Q7dZyTrTJ3PND0V1vzg9,"https://t1.gstatic.com/faviconV2?client=SOCIAL&type=FAVICON&fallback_opts=TYPE,SIZE,URL&url=https://www.bokahbikes.com/&size=48","https://search.google.com/local/reviews?placeid=ChIJ__8PgNGnIIYRAKoTkDPc37A&q=bicycle+shop+near+Many+town,+Louisiana,+USA&authuser=0&hl=en",,https://www.google.com/url?q=https%3A%2F%2Fwww.facebook.com%2Fbokahbikes%2Fvideos%2F%3Fref%3Dpage_internal&sa=D&sntz=1&usg=AOvVaw2qwg-KgcSjy1icYCuCrYoT, ,https://www.google.com/url?q=https%3A%2F%2Fwww.instagram.com%2Fbokahbikes%2F&sa=D&sntz=1&usg=AOvVaw0GO5z1B2NIoQOVzfTPyD-N,
Capitol Cyclery  The Bicycle Superstore,722 E Prien Lake Rd  Lake Charles  LA 70601  United States,722 E Prien Lake Rd,Lake Charles,70601,Louisiana,US,America/Chicago,13374797505,,http://www.capitolcyclery.com/,capitolcyclery.com,Bicycle store,Bicycle repair shop,Yes,57,4.8,open,"Saturday, 9:30 AM-5 PM; Sunday, Closed; Monday, 9:30 AM-5 PM; Tuesday, 9:30 AM-5 PM; Wednesday, 9:30 AM-5 PM; Thursday, 9:30 AM-5 PM; Friday, 9:30 AM-5 PM; ",9:30 AM-5 PM,Closed,9:30 AM-5 PM,9:30 AM-5 PM,9:30 AM-5 PM,9:30 AM-5 PM,9:30 AM-5 PM,Lat 30.197991,Lng -93.2106074,https://www.google.com/maps/place/?q=place_id:ChIJ_6hALo-GO4YR61_QXKh0nPI,https://www.google.com/search?kgmid=/g/1thvt219,https://lh5.googleusercontent.com/p/AF1QipNumbwcFHO146lg0AACA-5QX0O5jLNj3xJPWenn,"https://t1.gstatic.com/faviconV2?client=SOCIAL&type=FAVICON&fallback_opts=TYPE,SIZE,URL&url=http://www.capitolcyclery.com/&size=48","https://search.google.com/local/reviews?placeid=ChIJ_6hALo-GO4YR61_QXKh0nPI&q=bicycle+shop+near+Iowa+town,+Louisiana,+USA&authuser=0&hl=en",, ,https://twitter.com/CapitolCyclery,,
Brooks' Bike and Board Shop of Slidell,208 W Hall Ave  Slidell  LA 70460  United States,208 W Hall Ave,Slidell,70460,Louisiana,US,America/Chicago,19852654278,,http://brooksbikeshop.com/,brooksbikeshop.com,Bicycle store,Skate shop,Yes,84,4.7,open,"Friday, 9 AM-5 PM; Saturday, 9 AM-6 PM; Sunday, 9 AM-5 PM; Monday, 9 AM-5 PM; Tuesday, 9 AM-5 PM; Wednesday, 9 AM-5 PM; Thursday, 9 AM-5 PM; ",9 AM-6 PM,9 AM-5 PM,9 AM-5 PM,9 AM-5 PM,9 AM-5 PM,9 AM-5 PM,9 AM-5 PM,Lat 30.284879,Lng -89.78149189999999,https://www.google.com/maps/place/?q=place_id:ChIJ0WdmHILlnYgR1HRhXF9XtuA,https://www.google.com/search?kgmid=/g/11fvpyqxxk,https://lh5.googleusercontent.com/p/AF1QipM10YM7dqkpHMOf44G9C7gvDl854kHVu9MpXBtj,"https://t1.gstatic.com/faviconV2?client=SOCIAL&type=FAVICON&fallback_opts=TYPE,SIZE,URL&url=http://brooksbikeshop.com/&size=48","https://search.google.com/local/reviews?placeid=ChIJ0WdmHILlnYgR1HRhXF9XtuA&q=bicycle+shop+near+Slidell,+Louisiana,+USA&authuser=0&hl=en",1-985-338-5933 | 1-985-231-1079 | 1-985-265 4278,https://www.facebook.com/BrooksBikeShop, ,https://www.instagram.com/brooksbikeshop/,
Luna Bicycles,29 Westbank Expy  Gretna  LA 70053  United States,29 Westbank Expy,Gretna,70053,Louisiana,US,America/Chicago,15042208866,,http://lunabicycles.com/,lunabicycles.com,Bicycle store,Bicycle rental service,No,8,5,open,"Saturday, 9 AM-4 PM; Sunday, Closed; Monday, 10 AM-6 PM; Tuesday, 10 AM-6 PM; Wednesday, 10 AM-6 PM; Thursday, 10 AM-6 PM; Friday, 10 AM-6 PM; ",9 AM-4 PM,Closed,10 AM-6 PM,10 AM-6 PM,10 AM-6 PM,10 AM-6 PM,10 AM-6 PM,Lat 29.9204057,Lng -90.0440765,https://www.google.com/maps/place/?q=place_id:ChIJ2wbMtfumIIYR5lzcOMRcZow,https://www.google.com/search?kgmid=/g/11c38dzh87,https://lh5.googleusercontent.com/p/CIHM0ogKEICAgIDk4Oboeg,"https://t1.gstatic.com/faviconV2?client=SOCIAL&type=FAVICON&fallback_opts=TYPE,SIZE,URL&url=http://lunabicycles.com/&size=48","https://search.google.com/local/reviews?placeid=ChIJ2wbMtfumIIYR5lzcOMRcZow&q=bicycle+shop+near+Iowa+town,+Louisiana,+USA&authuser=0&hl=en",, , ,,
Mike the Bike Guy,4411 Magazine St  New Orleans  LA 70115  United States,4411 Magazine St,New Orleans,70115,Louisiana,US,America/Chicago,15048991344,,http://mikethebikeguy.com/,mikethebikeguy.com,Bicycle store,Bicycle rental service,Yes,125,4.3,open,"Saturday, 10 AM-5 PM; Sunday, Closed; Monday, 11 AM-5 PM; Tuesday, 11 AM-5 PM; Wednesday, 11 AM-5 PM; Thursday, 11 AM-5 PM; Friday, 10 AM-5 PM; ",10 AM-5 PM,Closed,11 AM-5 PM,11 AM-5 PM,11 AM-5 PM,11 AM-5 PM,10 AM-5 PM,Lat 29.9208698,Lng -90.1024063,https://www.google.com/maps/place/?q=place_id:ChIJ8bpAGU6kIIYRaJtciphqehs,https://www.google.com/search?kgmid=/g/1v26mgbn,https://lh5.googleusercontent.com/p/AF1QipOOXt3Rx-NylU_c-AgY2gN4Kw7A6UQVBVoiImZI,"https://t1.gstatic.com/faviconV2?client=SOCIAL&type=FAVICON&fallback_opts=TYPE,SIZE,URL&url=http://mikethebikeguy.com/&size=48","https://search.google.com/local/reviews?placeid=ChIJ8bpAGU6kIIYRaJtciphqehs&q=bicycle+shop+near+Many+town,+Louisiana,+USA&authuser=0&hl=en",,"https://www.facebook.com/sharer.php?u=https://mikethebikeguy.com/post/796047814752944128/closed-tuesday-september-30&t=Closed Tuesday, September 30", ,,https://gcc02.safelinks.protection.outlook.com/?url=https%3A%2F%2Furldefense.com%2Fv3%2F__https%3A%2F%2Fwww.youtube.com%2Fshorts%2FIJ1edORDBag__%3B!!MfIX9RQ!exH93_mDZ-8cPGHRdb3MMZ0mSg1ANOz3zLxv9bjm7XLGEpPnHCgrt_6MH3GhIVEfknnoZphA29VuGJ4sn-yq4TQF3GfWQ1YP1z4IYT5gGLEW%24&data=05%7C02%7Cemily.federer%40portnola.com%7C9c5174b38942414e2feb08dde59e4f48%7Cc0a62aa781a94a199c88a8be30e4d76d%7C0%7C0%7C638919192580246718%7CUnknown%7CTWFpbGZsb3d8eyJFbXB0eU1hcGkiOnRydWUsIlYiOiIwLjAuMDAwMCIsIlAiOiJXaW4zMiIsIkFOIjoiTWFpbCIsIldUIjoyfQ%3D%3D%7C40000%7C%7C%7C&sdata=2zOn9euc%2BRtUJNQAl7FzjP8dgb67Oddn7UHMv0zFPIw%3D&reserved=0
The Pedal Shop,1600 Lafayette St  Gretna  LA 70053  United States,1600 Lafayette St,Gretna,70053,Louisiana,US,America/Chicago,15043618551,,https://thepedalshop.com/,thepedalshop.com,Bicycle store, ,Yes,70,4,open,"Saturday, 10 AM-3 PM; Sunday, Closed; Monday, 10 AM-6 PM; Tuesday, 10 AM-6 PM; Wednesday, 10 AM-6 PM; Thursday, 10 AM-6 PM; Friday, 10 AM-6 PM; ",10 AM-3 PM,Closed,10 AM-6 PM,10 AM-6 PM,10 AM-6 PM,10 AM-6 PM,10 AM-6 PM,Lat 29.907516299999997,Lng -90.0551414,https://www.google.com/maps/place/?q=place_id:ChIJaUm0D42nIIYR1wcK_2bVpRE,https://www.google.com/search?kgmid=/g/1thfft5m,https://lh5.googleusercontent.com/p/CIHM0ogKEICAgIC466OJfg,"https://t1.gstatic.com/faviconV2?client=SOCIAL&type=FAVICON&fallback_opts=TYPE,SIZE,URL&url=https://thepedalshop.com/&size=48","https://search.google.com/local/reviews?placeid=ChIJaUm0D42nIIYR1wcK_2bVpRE&q=bicycle+shop+near+Iowa+town,+Louisiana,+USA&authuser=0&hl=en",, , ,,
Capitol Cyclery,4498 Johnston St  Lafayette  LA 70503  United States,4498 Johnston St,Lafayette,70503,Louisiana,US,America/Chicago,13379814449,,http://www.capitolcyclery.com/,capitolcyclery.com,Bicycle store,Bicycle repair shop,Yes,102,4,open,"Saturday, 9:30 AM-5 PM; Sunday, 1-5 PM; Monday, 9:30 AM-5 PM; Tuesday, 9:30 AM-5 PM; Wednesday, 9:30 AM-5 PM; Thursday, 9:30 AM-5 PM; Friday, 9:30 AM-5 PM; ",9:30 AM-5 PM,1-5 PM,9:30 AM-5 PM,9:30 AM-5 PM,9:30 AM-5 PM,9:30 AM-5 PM,9:30 AM-5 PM,Lat 30.1914515,Lng -92.0614445,https://www.google.com/maps/place/?q=place_id:ChIJB0HTfyucJIYRB2tj420gLso,https://www.google.com/search?kgmid=/g/1v3knf78,https://lh5.googleusercontent.com/p/AF1QipOEK-udB8S3QqeVTw3AUOXAfKM36wNIZj2fn4aK,"https://t1.gstatic.com/faviconV2?client=SOCIAL&type=FAVICON&fallback_opts=TYPE,SIZE,URL&url=http://www.capitolcyclery.com/&size=48","https://search.google.com/local/reviews?placeid=ChIJB0HTfyucJIYRB2tj420gLso&q=bicycle+shop+near+Iowa+town,+Louisiana,+USA&authuser=0&hl=en",, ,https://twitter.com/CapitolCyclery,,
985 Bikes,59013 Carroll Rd  Slidell  LA 70460  United States,59013 Carroll Rd,Slidell,70460,Louisiana,US,America/Chicago,19852592711,,https://jdubsbikeshop.myshopify.com/,jdubsbikeshop.myshopify.com,Bicycle store,Electric bicycle store,Yes,10,5,open,"Friday, 12-7 PM; Saturday, 12-2 PM; Sunday, Closed; Monday, 12-7 PM; Tuesday, 12-7 PM; Wednesday, 12-7 PM; Thursday, 12-7 PM; ",12-2 PM,Closed,12-7 PM,12-7 PM,12-7 PM,12-7 PM,12-7 PM,Lat 30.2849945,Lng -89.80360859999999,https://www.google.com/maps/place/?q=place_id:ChIJd959aHPlnYgRmEihEMHYmgM,https://www.google.com/search?kgmid=/g/11xl1ybyyn,https://lh5.googleusercontent.com/p/AF1QipNNVb5Q_9tetzatE5FZSkK1ihAIWdeXKUGqI70t,"https://t1.gstatic.com/faviconV2?client=SOCIAL&type=FAVICON&fallback_opts=TYPE,SIZE,URL&url=https://jdubsbikeshop.myshopify.com/&size=48","https://search.google.com/local/reviews?placeid=ChIJd959aHPlnYgRmEihEMHYmgM&q=bicycle+shop+near+Slidell,+Louisiana,+USA&authuser=0&hl=en",, , ,,
Hub City Cycles,501 Jefferson St  Lafayette  LA 70501  United States,501 Jefferson St,Lafayette,70501,Louisiana,US,America/Chicago,13372352453,,http://www.cyclehubcity.com/,cyclehubcity.com,Bicycle store, ,Yes,263,4.8,open,"Saturday, 10 AM-4 PM; Sunday, Closed; Monday, 10 AM-6 PM; Tuesday, 10 AM-6 PM; Wednesday, 10 AM-6 PM; Thursday, 10 AM-6 PM; Friday, 10 AM-6 PM; ",10 AM-4 PM,Closed,10 AM-6 PM,10 AM-6 PM,10 AM-6 PM,10 AM-6 PM,10 AM-6 PM,Lat 30.2255601,Lng -92.0183431,https://www.google.com/maps/place/?q=place_id:ChIJDbtnAZCcJIYRiPRsKtfPrX8,https://www.google.com/search?kgmid=/g/1pxwgdm2r,https://lh5.googleusercontent.com/p/CIHM0ogKEICAgID40J7AlwE,"https://t1.gstatic.com/faviconV2?client=SOCIAL&type=FAVICON&fallback_opts=TYPE,SIZE,URL&url=http://www.cyclehubcity.com/&size=48","https://search.google.com/local/reviews?placeid=ChIJDbtnAZCcJIYRiPRsKtfPrX8&q=bicycle+shop+near+La+Fayette,+Alabama,+USA&authuser=0&hl=en",1-337-235-2453,https://www.facebook.com/lafayettecycles/, ,https://www.instagram.com/hubcitycycles/,
Capitol Cyclery,1410 Louisiana 30 W  Gonzales  LA 70737  United States,1410 Louisiana 30 W,Gonzales,70737,Louisiana,US,America/Chicago,12256441996,,http://capitolcyclery.com/,capitolcyclery.com,Bicycle store,Bicycle repair shop,Yes,33,4.5,open,"Saturday, 9:30 AM-5 PM; Sunday, Closed; Monday, 9:30 AM-5 PM; Tuesday, 9:30 AM-5 PM; Wednesday, 9:30 AM-5 PM; Thursday, 9:30 AM-5 PM; Friday, 9:30 AM-5 PM; ",9:30 AM-5 PM,Closed,9:30 AM-5 PM,9:30 AM-5 PM,9:30 AM-5 PM,9:30 AM-5 PM,9:30 AM-5 PM,Lat 30.211231299999998,Lng -90.93540209999999,https://www.google.com/maps/place/?q=place_id:ChIJfVb5vSK1JoYRVr6TOAXQvyo,https://www.google.com/search?kgmid=/g/11h5xkmhbb,https://lh5.googleusercontent.com/p/CIHM0ogKEICAgIDyjOqwxwE,"https://t1.gstatic.com/faviconV2?client=SOCIAL&type=FAVICON&fallback_opts=TYPE,SIZE,URL&url=http://capitolcyclery.com/&size=48","https://search.google.com/local/reviews?placeid=ChIJfVb5vSK1JoYRVr6TOAXQvyo&q=bicycle+shop+near+Arcadia+town,+Louisiana,+USA&authuser=0&hl=en",, ,https://twitter.com/CapitolCyclery,,
eBike Baton Rouge,12654 Perkins Rd  Baton Rouge  LA 70810  United States,12654 Perkins Rd,Baton Rouge,70810,Louisiana,US,America/Chicago,12257732222,,http://ebikebr.com/,ebikebr.com,Bicycle store, ,Yes,17,4.8,open,"Saturday, 10:30 AM-4:30 PM; Sunday, Closed; Monday, 10:30 AM-4:30 PM; Tuesday, Closed; Wednesday, 10:30 AM-4:30 PM; Thursday, 10:30 AM-4:30 PM; Friday, 10:30 AM-4:30 PM; ",10:30 AM-4:30 PM,Closed,10:30 AM-4:30 PM,Closed,10:30 AM-4:30 PM,10:30 AM-4:30 PM,10:30 AM-4:30 PM,Lat 30.3679746,Lng -91.0764806,https://www.google.com/maps/place/?q=place_id:ChIJgcp_k8KlJoYRy24mvIvgwhY,https://www.google.com/search?kgmid=/g/11tcz3wzb6,https://lh5.googleusercontent.com/p/AF1QipNEFQNeG5mXrRu5avR5tJbdl9GMooZ2WyPElWRO,"https://t1.gstatic.com/faviconV2?client=SOCIAL&type=FAVICON&fallback_opts=TYPE,SIZE,URL&url=http://ebikebr.com/&size=48","https://search.google.com/local/reviews?placeid=ChIJgcp_k8KlJoYRy24mvIvgwhY&q=bicycle+shop+near+Arcadia+town,+Louisiana,+USA&authuser=0&hl=en",225-773-2222, , ,,
Dashing Bicycles,1927 Sophie Wright Pl  New Orleans  LA 70130  United States,1927 Sophie Wright Pl,New Orleans,70130,Louisiana,US,America/Chicago,15042643343,,http://www.dashingnola.com/,dashingnola.com,Bicycle store,Bicycle repair shop,Yes,122,4.7,open,"Saturday, 10 AM-7 PM; Sunday, 10 AM-5 PM; Monday, 10 AM-7 PM; Tuesday, Closed; Wednesday, 10 AM-7 PM; Thursday, 10 AM-7 PM; Friday, 10 AM-7 PM; ",10 AM-7 PM,10 AM-5 PM,10 AM-7 PM,Closed,10 AM-7 PM,10 AM-7 PM,10 AM-7 PM,Lat 29.9314975,Lng -90.0746879,https://www.google.com/maps/place/?q=place_id:ChIJhWrQGw-mIIYREHyJ1GwCFC8,https://www.google.com/search?kgmid=/g/1q665m489,https://lh5.googleusercontent.com/p/CIHM0ogKEICAgIC-9qPY4AE,"https://t1.gstatic.com/faviconV2?client=SOCIAL&type=FAVICON&fallback_opts=TYPE,SIZE,URL&url=http://www.dashingnola.com/&size=48","https://search.google.com/local/reviews?placeid=ChIJhWrQGw-mIIYREHyJ1GwCFC8&q=bicycle+shop+near+Many+town,+Louisiana,+USA&authuser=0&hl=en",,http://www.facebook.com/dashingnola, ,https://www.instagram.com/p/DPmBwa9Dl2b/,
BG Bicycles-A Professional Bicycle Shop,6860 W Park Ave D  Houma  LA 70364  United States,6860 W Park Ave D,Houma,70364,Louisiana,US,America/Chicago,19853278709,,http://www.bgbicycles.com/,bgbicycles.com,Bicycle store,Bicycle repair shop,No,39,4.4,open,"Friday, 10 AM-5 PM; Saturday, Closed; Sunday, Closed; Monday, 10 AM-5 PM; Tuesday, 10 AM-5 PM; Wednesday, 10 AM-5 PM; Thursday, 10 AM-5 PM; ",Closed,Closed,10 AM-5 PM,10 AM-5 PM,10 AM-5 PM,10 AM-5 PM,10 AM-5 PM,Lat 29.610558299999997,Lng -90.7442629,https://www.google.com/maps/place/?q=place_id:ChIJkSu_QjIFIYYRHBxLVmxDB_0,https://www.google.com/search?kgmid=/g/1td1ds84,https://lh5.googleusercontent.com/p/k6P28kpMubOhLYYPQMpypw,"https://t1.gstatic.com/faviconV2?client=SOCIAL&type=FAVICON&fallback_opts=TYPE,SIZE,URL&url=http://www.bgbicycles.com/&size=48","https://search.google.com/local/reviews?placeid=ChIJkSu_QjIFIYYRHBxLVmxDB_0&q=bicycle+shop+near+Houma,+Louisiana,+USA&authuser=0&hl=en",, , ,,
Bicycle Michael's,622 Frenchmen St  New Orleans  LA 70116  United States,622 Frenchmen St,New Orleans,70116,Louisiana,US,America/Chicago,15049459505,,http://bicyclemichaels.com/,bicyclemichaels.com,Bicycle store, ,Yes,172,4.1,open,"Saturday, 10 AM-5 PM; Sunday, 10 AM-3 PM; Monday, 10 AM-5 PM; Tuesday, 10 AM-5 PM; Wednesday, Closed; Thursday, 10 AM-5 PM; Friday, 10 AM-5 PM; ",10 AM-5 PM,10 AM-3 PM,10 AM-5 PM,10 AM-5 PM,Closed,10 AM-5 PM,10 AM-5 PM,Lat 29.964035199999998,Lng -90.0579947,https://www.google.com/maps/place/?q=place_id:ChIJkXhLSBimIIYRvZwFm21bJ9w,https://www.google.com/search?kgmid=/g/1tgn52k7,https://lh5.googleusercontent.com/p/AF1QipPmZdKgwi_SyaIVTgYgP9xV8smN1BMUheeJUxXm,"https://t1.gstatic.com/faviconV2?client=SOCIAL&type=FAVICON&fallback_opts=TYPE,SIZE,URL&url=http://bicyclemichaels.com/&size=48","https://search.google.com/local/reviews?placeid=ChIJkXhLSBimIIYRvZwFm21bJ9w&q=bicycle+shop+near+Iowa+town,+Louisiana,+USA&authuser=0&hl=en",, , , , 
Gno Cyclery,1426 S Carrollton Ave  New Orleans  LA 70118  United States,1426 S Carrollton Ave,New Orleans,70118,Louisiana,US,America/Chicago,15048610023,,http://gnocyclery.com/,gnocyclery.com,Bicycle store,Bicycle repair shop,Yes,92,4.5,open,"Saturday, 9 AM-3 PM; Sunday, Closed; Monday, Closed; Tuesday, 9 AM-5 PM; Wednesday, 9 AM-5 PM; Thursday, 9 AM-5 PM; Friday, 9 AM-5 PM; ",9 AM-3 PM,Closed,Closed,9 AM-5 PM,9 AM-5 PM,9 AM-5 PM,9 AM-5 PM,Lat 29.949389,Lng -90.1279442,https://www.google.com/maps/place/?q=place_id:ChIJL4js5xSlIIYRFuUSqHnc86M,https://www.google.com/search?kgmid=/g/1tk_pmsp,https://lh5.googleusercontent.com/p/CIHM0ogKEICAgIDzrZr5Gg,"https://t1.gstatic.com/faviconV2?client=SOCIAL&type=FAVICON&fallback_opts=TYPE,SIZE,URL&url=http://gnocyclery.com/&size=48","https://search.google.com/local/reviews?placeid=ChIJL4js5xSlIIYRFuUSqHnc86M&q=bicycle+shop+near+Iowa+town,+Louisiana,+USA&authuser=0&hl=en",, , ,,
Capitol Cyclery,5778 Essen Ln  Baton Rouge  LA 70810  United States,5778 Essen Ln,Baton Rouge,70810,Louisiana,US,America/Chicago,12257664004,,http://www.capitolcyclery.com/,capitolcyclery.com,Bicycle store,Bicycle repair shop,Yes,111,4.1,open,"Saturday, 9:30 AM-5 PM; Sunday, 1-5 PM; Monday, 9:30 AM-5 PM; Tuesday, 9:30 AM-5 PM; Wednesday, 9:30 AM-5 PM; Thursday, 9:30 AM-5 PM; Friday, 9:30 AM-5 PM; ",9:30 AM-5 PM,1-5 PM,9:30 AM-5 PM,9:30 AM-5 PM,9:30 AM-5 PM,9:30 AM-5 PM,9:30 AM-5 PM,Lat 30.3972181,Lng -91.1089276,https://www.google.com/maps/place/?q=place_id:ChIJLXSJd0-kJoYRVTuX7UtTV3E,https://www.google.com/search?kgmid=/g/1tz76bcw,https://lh5.googleusercontent.com/p/CIHM0ogKEICAgICElIGm_gE,"https://t1.gstatic.com/faviconV2?client=SOCIAL&type=FAVICON&fallback_opts=TYPE,SIZE,URL&url=http://www.capitolcyclery.com/&size=48","https://search.google.com/local/reviews?placeid=ChIJLXSJd0-kJoYRVTuX7UtTV3E&q=bicycle+shop+near+Iowa+town,+Louisiana,+USA&authuser=0&hl=en",, ,https://twitter.com/CapitolCyclery,,
Trek Bicycle Elmwood,1126 S Clearview Pkwy  Elmwood  LA 70123  United States,1126 S Clearview Pkwy,Elmwood,70123,Louisiana,US,America/Chicago,15048226006,,https://www.trekbikes.com/us/en_US/retail/elmwood/?y_source=1_MzI3NTc5MjAtNzE1LWxvY2F0aW9uLndlYnNpdGU%3D,trekbikes.com,Bicycle store,Bicycle repair shop,Yes,119,4.9,open,"Saturday, 10 AM-6 PM; Sunday, Closed; Monday, Closed; Tuesday, 10 AM-6 PM; Wednesday, 10 AM-6 PM; Thursday, 10 AM-6 PM; Friday, 10 AM-6 PM; ",10 AM-6 PM,Closed,Closed,10 AM-6 PM,10 AM-6 PM,10 AM-6 PM,10 AM-6 PM,Lat 29.9610953,Lng -90.1856466,https://www.google.com/maps/place/?q=place_id:ChIJMQ8LDnu7IIYRXDcRIa8D_1w,https://www.google.com/search?kgmid=/g/11spr3yp3v,https://lh5.googleusercontent.com/p/AF1QipPrkffS_b54ZoVhBc2TZ54zenqeozLHbF2pr_RY,"https://t1.gstatic.com/faviconV2?client=SOCIAL&type=FAVICON&fallback_opts=TYPE,SIZE,URL&url=https://www.trekbikes.com/us/en_US/retail/elmwood/?y_source=1_MzI3NTc5MjAtNzE1LWxvY2F0aW9uLndlYnNpdGU%3D&size=48","https://search.google.com/local/reviews?placeid=ChIJMQ8LDnu7IIYRXDcRIa8D_1w&q=bicycle+shop+near+Iowa+town,+Louisiana,+USA&authuser=0&hl=en",,https://www.facebook.com/TrekBicycleElmwood/,https://twitter.com/trekbikes,https://instagram.com/trekbikes/,https://www.youtube.com/user/trekbikesusa
Brooks' Bikes / Trikes & Beyond of Mandeville,128 Girod St  Mandeville  LA 70448  United States,128 Girod St,Mandeville,70448,Louisiana,US,America/Chicago,19852311079,,http://www.brooksbikeshop.com/,brooksbikeshop.com,Bicycle store,Bicycle club,Yes,48,5,open,"Saturday, 9 AM-5 PM; Sunday, 9 AM-5 PM; Monday, 9 AM-5 PM; Tuesday, 9 AM-5 PM; Wednesday, 9 AM-5 PM; Thursday, 9 AM-5 PM; Friday, 9 AM-5 PM; ",9 AM-5 PM,9 AM-5 PM,9 AM-5 PM,9 AM-5 PM,9 AM-5 PM,9 AM-5 PM,9 AM-5 PM,Lat 30.354229399999998,Lng -90.068634,https://www.google.com/maps/place/?q=place_id:ChIJN52nbfpZJ4YRtpifEHiX5YM,https://www.google.com/search?kgmid=/g/11g8x4jfbz,https://lh5.googleusercontent.com/p/CIABIhAoJUPicTqewqHdvxyxe1z4,"https://t1.gstatic.com/faviconV2?client=SOCIAL&type=FAVICON&fallback_opts=TYPE,SIZE,URL&url=http://www.brooksbikeshop.com/&size=48","https://search.google.com/local/reviews?placeid=ChIJN52nbfpZJ4YRtpifEHiX5YM&q=bicycle+shop+near+Many+town,+Louisiana,+USA&authuser=0&hl=en",1-985-338-5933 | 1-985-231-1079 | 1-985-265 4278,https://www.facebook.com/BrooksBikeShop, ,https://www.instagram.com/brooksbikeshop/,
Acadiana Bicycle Company,413 Coolidge St  Lafayette  LA 70501  United States,413 Coolidge St,Lafayette,70501,Louisiana,US,America/Chicago,13373547924,,https://www.facebook.com/pages/category/Bicycle-Shop/Acadiana-Bicycle-Company-121180231270078/,facebook.com,Bicycle store,Bicycle repair shop,Yes,90,4.2,open,"Saturday, 9:30 AM-5 PM; Sunday, Closed; Monday, 10 AM-6 PM; Tuesday, 10 AM-6 PM; Wednesday, 10 AM-6 PM; Thursday, 10 AM-6 PM; Friday, 10 AM-6 PM; ",9:30 AM-5 PM,Closed,10 AM-6 PM,10 AM-6 PM,10 AM-6 PM,10 AM-6 PM,10 AM-6 PM,Lat 30.2119166,Lng -92.00975509999999,https://www.google.com/maps/place/?q=place_id:ChIJo3T9ZtWdJIYRV0yMby2_0Ho,https://www.google.com/search?kgmid=/g/1tfxyd3p,https://lh5.googleusercontent.com/p/CIHM0ogKEICAgIDEltuOtgE,"https://t1.gstatic.com/faviconV2?client=SOCIAL&type=FAVICON&fallback_opts=TYPE,SIZE,URL&url=https://www.facebook.com/pages/category/Bicycle-Shop/Acadiana-Bicycle-Company-121180231270078/&size=48","https://search.google.com/local/reviews?placeid=ChIJo3T9ZtWdJIYRV0yMby2_0Ho&q=bicycle+shop+near+La+Fayette,+Alabama,+USA&authuser=0&hl=en",, , ,,
Trek Bicycle Mandeville,3450 US-190 Suite 12  Mandeville  LA 70471  United States,3450 US-190 Suite 12,Mandeville,70471,Louisiana,US,America/Chicago,15044990202,,https://www.trekbikes.com/us/en_US/retail/mandeville/?y_source=1_MjUwMDQ5OTYtNzE1LWxvY2F0aW9uLndlYnNpdGU%3D,trekbikes.com,Bicycle store,Bicycle rental service,Yes,184,4.9,open,"Saturday, 10 AM-6 PM; Sunday, Closed; Monday, 10 AM-6 PM; Tuesday, 10 AM-6 PM; Wednesday, 10 AM-6 PM; Thursday, 10 AM-6 PM; Friday, 10 AM-6 PM; ",10 AM-6 PM,Closed,10 AM-6 PM,10 AM-6 PM,10 AM-6 PM,10 AM-6 PM,10 AM-6 PM,Lat 30.390447499999997,Lng -90.08584689999999,https://www.google.com/maps/place/?q=place_id:ChIJO94z2OlbJ4YRPCgJ-pBgq5E,https://www.google.com/search?kgmid=/g/11q2m3ct1l,https://lh5.googleusercontent.com/p/AF1QipPmtWusSWY8gNAGUDKSiL9EWlL28RCG1u3qAdKO,"https://t1.gstatic.com/faviconV2?client=SOCIAL&type=FAVICON&fallback_opts=TYPE,SIZE,URL&url=https://www.trekbikes.com/us/en_US/retail/mandeville/?y_source=1_MjUwMDQ5OTYtNzE1LWxvY2F0aW9uLndlYnNpdGU%3D&size=48","https://search.google.com/local/reviews?placeid=ChIJO94z2OlbJ4YRPCgJ-pBgq5E&q=bicycle+shop+near+Delhi+town,+Louisiana,+USA&authuser=0&hl=en",,https://www.facebook.com/TrekBicycle,https://twitter.com/trekbikes,https://instagram.com/trekbikes/,https://www.youtube.com/user/trekbikesusa
The Bike Path,2641 Florida St  Mandeville  LA 70448  United States,2641 Florida St,Mandeville,70448,Louisiana,US,America/Chicago,19856743254,,http://www.thebikepath.net/,thebikepath.net,Bicycle store,Bicycle repair shop,Yes,68,5,open,"Saturday, 9 AM-4 PM; Sunday, Closed; Monday, Closed; Tuesday, 10 AM-6 PM; Wednesday, 10 AM-6 PM; Thursday, 10 AM-6 PM; Friday, 10 AM-6 PM; ",9 AM-4 PM,Closed,Closed,10 AM-6 PM,10 AM-6 PM,10 AM-6 PM,10 AM-6 PM,Lat 30.369267999999998,Lng -90.0717224,https://www.google.com/maps/place/?q=place_id:ChIJOXvcGotZJ4YRzPGyoqUwdm0,https://www.google.com/search?kgmid=/g/1td5m1m3,https://lh5.googleusercontent.com/p/AF1QipPUPNM6j8lKVEQTnLg3311Rp9ffKz18J40vUNwg,"https://t1.gstatic.com/faviconV2?client=SOCIAL&type=FAVICON&fallback_opts=TYPE,SIZE,URL&url=http://www.thebikepath.net/&size=48","https://search.google.com/local/reviews?placeid=ChIJOXvcGotZJ4YRzPGyoqUwdm0&q=bicycle+shop+near+Delhi+town,+Louisiana,+USA&authuser=0&hl=en",, , ,,
Capitol Cyclery,5542 Jones Creek Rd  Baton Rouge  LA 70817  United States,5542 Jones Creek Rd,Baton Rouge,70817,Louisiana,US,America/Chicago,12257563578,,http://www.capitolcyclery.com/,capitolcyclery.com,Bicycle store,Bicycle repair shop,Yes,92,3.9,open,"Saturday, 9:30 AM-5 PM; Sunday, Closed; Monday, 9:30 AM-5 PM; Tuesday, 9:30 AM-5 PM; Wednesday, 9:30 AM-5 PM; Thursday, 9:30 AM-5 PM; Friday, 9:30 AM-5 PM; ",9:30 AM-5 PM,Closed,9:30 AM-5 PM,9:30 AM-5 PM,9:30 AM-5 PM,9:30 AM-5 PM,9:30 AM-5 PM,Lat 30.4033901,Lng -91.0171167,https://www.google.com/maps/place/?q=place_id:ChIJp3nSyqa7JoYRou3z3-40dSI,https://www.google.com/search?kgmid=/g/1tf87fzt,https://lh5.googleusercontent.com/p/AF1QipNYiw7OTdAYsr1pLvyN-twp7-er-K22WLf4Vt_7,"https://t1.gstatic.com/faviconV2?client=SOCIAL&type=FAVICON&fallback_opts=TYPE,SIZE,URL&url=http://www.capitolcyclery.com/&size=48","https://search.google.com/local/reviews?placeid=ChIJp3nSyqa7JoYRou3z3-40dSI&q=bicycle+shop+near+Iowa+town,+Louisiana,+USA&authuser=0&hl=en",, ,https://twitter.com/CapitolCyclery,,
Gerken's Bike Shop,2803 St Claude Ave  New Orleans  LA 70117  United States,2803 St Claude Ave,New Orleans,70117,Louisiana,US,America/Chicago,15043736924,,http://www.gerkensbikeshop.com/,gerkensbikeshop.com,Bicycle store,Bicycle repair shop,Yes,129,4.5,open,"Saturday, 11 AM-6 PM; Sunday, Closed; Monday, Closed; Tuesday, 11 AM-6 PM; Wednesday, 11 AM-6 PM; Thursday, 11 AM-6 PM; Friday, 11 AM-6 PM; ",11 AM-6 PM,Closed,Closed,11 AM-6 PM,11 AM-6 PM,11 AM-6 PM,11 AM-6 PM,Lat 29.9687748,Lng -90.04805449999999,https://www.google.com/maps/place/?q=place_id:ChIJPe-_hyamIIYR1FJetu3vlNE,https://www.google.com/search?kgmid=/g/1w3w3c_v,https://lh5.googleusercontent.com/p/CIHM0ogKEICAgIDE6rHUFg,"https://t1.gstatic.com/faviconV2?client=SOCIAL&type=FAVICON&fallback_opts=TYPE,SIZE,URL&url=http://www.gerkensbikeshop.com/&size=48","https://search.google.com/local/reviews?placeid=ChIJPe-_hyamIIYR1FJetu3vlNE&q=bicycle+shop+near+Many+town,+Louisiana,+USA&authuser=0&hl=en",1 504 373 6924,https://www.facebook.com/Gerkens-Bike-Shop-296082503849397/,https://twitter.com/gerkensbikeshop,,
Capitol Cyclery,8424 Florida Blvd  Baton Rouge  LA 70806  United States,8424 Florida Blvd,Baton Rouge,70806,Louisiana,US,America/Chicago,12259271997,,http://capitolcyclery.com/,capitolcyclery.com,Bicycle store, ,Yes,54,4.1,open,"Friday, 9:30 AM-5 PM; Saturday, 9:30 AM-5 PM; Sunday, Closed; Monday, 9:30 AM-5 PM; Tuesday, 9:30 AM-5 PM; Wednesday, 9:30 AM-5 PM; Thursday, 9:30 AM-5 PM; ",9:30 AM-5 PM,Closed,9:30 AM-5 PM,9:30 AM-5 PM,9:30 AM-5 PM,9:30 AM-5 PM,9:30 AM-5 PM,Lat 30.451642999999997,Lng -91.0987387,https://www.google.com/maps/place/?q=place_id:ChIJr3kDrJ-jJoYRwhzvEHQzVkw,https://www.google.com/search?kgmid=/g/1tjdgkhr,https://lh5.googleusercontent.com/p/CIHM0ogKEICAgICluoq-YA,"https://t1.gstatic.com/faviconV2?client=SOCIAL&type=FAVICON&fallback_opts=TYPE,SIZE,URL&url=http://capitolcyclery.com/&size=48","https://search.google.com/local/reviews?placeid=ChIJr3kDrJ-jJoYRwhzvEHQzVkw&q=bicycle+shop+near+Central,+Louisiana,+USA&authuser=0&hl=en",, ,https://twitter.com/CapitolCyclery,,
Ebike Nola Electric Bike Sales & Rentals,223 Dauphine St  New Orleans  LA 70112  United States,223 Dauphine St,New Orleans,70112,Louisiana,US,America/Chicago,15045339688,,http://ebikenola.com/,ebikenola.com,Bicycle store,Bicycle rental service,Yes,21,4.9,open,"Saturday, 10 AM-4:30 PM; Sunday, 10 AM-4:30 PM; Monday, 10 AM-4:30 PM; Tuesday, 10 AM-4:30 PM; Wednesday, 10 AM-4:30 PM; Thursday, 10 AM-4:30 PM; Friday, 10 AM-4:30 PM; ",10 AM-4:30 PM,10 AM-4:30 PM,10 AM-4:30 PM,10 AM-4:30 PM,10 AM-4:30 PM,10 AM-4:30 PM,10 AM-4:30 PM,Lat 29.9557941,Lng -90.0697387,https://www.google.com/maps/place/?q=place_id:ChIJr9C9UySnIIYRrjhno4JD6Gg,https://www.google.com/search?kgmid=/g/11f2wdffcf,https://lh5.googleusercontent.com/p/AF1QipOrTvqJ3oARK2Co5V9YSJyGo8ZPWu2KmAeNpio_,"https://t1.gstatic.com/faviconV2?client=SOCIAL&type=FAVICON&fallback_opts=TYPE,SIZE,URL&url=http://ebikenola.com/&size=48","https://search.google.com/local/reviews?placeid=ChIJr9C9UySnIIYRrjhno4JD6Gg&q=bicycle+shop+near+Many+town,+Louisiana,+USA&authuser=0&hl=en",, , ,,
The Bike Shop,4609 Freret St  New Orleans  LA 70115  United States,4609 Freret St,New Orleans,70115,Louisiana,US,America/Chicago,15042658071,,http://thebikeshopnola.net/,thebikeshopnola.net,Bicycle store,Bicycle repair shop,Yes,65,4.5,open,"Saturday, 10 AM-5 PM; Sunday, Closed; Monday, 10 AM-6 PM; Tuesday, Closed; Wednesday, 10 AM-6 PM; Thursday, 10 AM-6 PM; Friday, 10 AM-6 PM; ",10 AM-5 PM,Closed,10 AM-6 PM,Closed,10 AM-6 PM,10 AM-6 PM,10 AM-6 PM,Lat 29.9352281,Lng -90.10564819999999,https://www.google.com/maps/place/?q=place_id:ChIJRxKjx66lIIYRlfM5hBKJkhA,https://www.google.com/search?kgmid=/g/11cfbknrw,https://lh5.googleusercontent.com/p/AF1QipND-vWO8QmY4YpZ6_q9wEluEyZhjqI-_swX7JqB,"https://t1.gstatic.com/faviconV2?client=SOCIAL&type=FAVICON&fallback_opts=TYPE,SIZE,URL&url=http://thebikeshopnola.net/&size=48","https://search.google.com/local/reviews?placeid=ChIJRxKjx66lIIYRlfM5hBKJkhA&q=bicycle+shop+near+Delhi+town,+Louisiana,+USA&authuser=0&hl=en",, , ,,
The Adventure Provision Company,3787 Youree Dr  Shreveport  LA 71105  United States,3787 Youree Dr,Shreveport,71105,Louisiana,US,America/Chicago,13186292453,,https://adventureprovisionco.com/,adventureprovisionco.com,Bicycle store,Bicycle repair shop,Yes,71,4.8,open,"Saturday, 11 AM-4 PM; Sunday, Closed; Monday, Closed; Tuesday, 10 AM-6 PM; Wednesday, 10 AM-6 PM; Thursday, 10 AM-6 PM; Friday, 10 AM-6 PM; ",11 AM-4 PM,Closed,Closed,10 AM-6 PM,10 AM-6 PM,10 AM-6 PM,10 AM-6 PM,Lat 32.469716,Lng -93.7217689,https://www.google.com/maps/place/?q=place_id:ChIJS-E3PmgtMYYR7ZL5Ta9-lX8,https://www.google.com/search?kgmid=/g/1v2yz700,https://lh5.googleusercontent.com/p/AF1QipP6bweRIBrMxOv07ZTM2OzllOHxvm0Kktsc4ZQG,"https://t1.gstatic.com/faviconV2?client=SOCIAL&type=FAVICON&fallback_opts=TYPE,SIZE,URL&url=https://adventureprovisionco.com/&size=48","https://search.google.com/local/reviews?placeid=ChIJS-E3PmgtMYYR7ZL5Ta9-lX8&q=bicycle+shop+near+Many+town,+Louisiana,+USA&authuser=0&hl=en",318-629-2453 | 3186292453,https://www.facebook.com/theadventureprovisioncompany, ,https://www.instagram.com/theadventureprovisioncompany/,
Eastbank Cyclery,1908 W Esplanade Ave  Kenner  LA 70065  United States,1908 W Esplanade Ave,Kenner,70065,Louisiana,US,America/Chicago,15044648803,,http://eastbankcyclery.com/,eastbankcyclery.com,Bicycle store,Bicycle repair shop,Yes,162,4.7,open,"Saturday, 9 AM-4 PM; Sunday, Closed; Monday, 9 AM-5 PM; Tuesday, 9 AM-5 PM; Wednesday, 9 AM-5 PM; Thursday, 9 AM-5 PM; Friday, 9 AM-5 PM; ",9 AM-4 PM,Closed,9 AM-5 PM,9 AM-5 PM,9 AM-5 PM,9 AM-5 PM,9 AM-5 PM,Lat 30.0201976,Lng -90.2409022,https://www.google.com/maps/place/?q=place_id:ChIJsU31gN-2IIYRlN3h5MaQACw,https://www.google.com/search?kgmid=/g/1tr7jrdn,https://lh5.googleusercontent.com/p/CIHM0ogKEICAgIC61p-miQE,"https://t1.gstatic.com/faviconV2?client=SOCIAL&type=FAVICON&fallback_opts=TYPE,SIZE,URL&url=http://eastbankcyclery.com/&size=48","https://search.google.com/local/reviews?placeid=ChIJsU31gN-2IIYRlN3h5MaQACw&q=bicycle+shop+near+Arcadia+town,+Louisiana,+USA&authuser=0&hl=en",15044648803,https://www.facebook.com/eastbankcyclery/, ,,
Southern Bicycle Company,4237 Perkins Rd  Baton Rouge  LA 70808  United States,4237 Perkins Rd,Baton Rouge,70808,Louisiana,US,America/Chicago,12253445624,,https://southernbicycle.com/,southernbicycle.com,Bicycle store, ,Yes,24,3.1,open,"Saturday, 9:30 AM-3 PM; Sunday, Closed; Monday, 9:30 AM-5 PM; Tuesday, 9:30 AM-5 PM; Wednesday, 9:30 AM-5 PM; Thursday, 9:30 AM-5 PM; Friday, 9:30 AM-5 PM; ",9:30 AM-3 PM,Closed,9:30 AM-5 PM,9:30 AM-5 PM,9:30 AM-5 PM,9:30 AM-5 PM,9:30 AM-5 PM,Lat 30.4179912,Lng -91.14601569999999,https://www.google.com/maps/place/?q=place_id:ChIJs-uvheSnJoYRzdsvUNwNm4c,https://www.google.com/search?kgmid=/g/11t6l76crd,https://lh5.googleusercontent.com/p/CIHM0ogKEICAgID-zJizogE,"https://t1.gstatic.com/faviconV2?client=SOCIAL&type=FAVICON&fallback_opts=TYPE,SIZE,URL&url=https://southernbicycle.com/&size=48","https://search.google.com/local/reviews?placeid=ChIJs-uvheSnJoYRzdsvUNwNm4c&q=bicycle+shop+near+Arcadia+town,+Louisiana,+USA&authuser=0&hl=en",, , , , 
Red River Cyclery,4023 Parliament Dr  Alexandria  LA 71303  United States,4023 Parliament Dr,Alexandria,71303,Louisiana,US,America/Chicago,13184734256,,http://www.redrivercyclery.com/,redrivercyclery.com,Bicycle store,Bicycle repair shop,Yes,75,4.9,open,"Saturday, 9 AM-1 PM; Sunday, Closed; Monday, 10 AM-5 PM; Tuesday, 10 AM-5 PM; Wednesday, 10 AM-5 PM; Thursday, 10 AM-5 PM; Friday, 10 AM-5 PM; ",9 AM-1 PM,Closed,10 AM-5 PM,10 AM-5 PM,10 AM-5 PM,10 AM-5 PM,10 AM-5 PM,Lat 31.28146,Lng -92.4796999,https://www.google.com/maps/place/?q=place_id:ChIJVc3IrBm1OoYRkInGlppY8AI,https://www.google.com/search?kgmid=/g/1v5fs8m8,https://lh5.googleusercontent.com/p/CIHM0ogKEICAgID4uJKg5AE,"https://t1.gstatic.com/faviconV2?client=SOCIAL&type=FAVICON&fallback_opts=TYPE,SIZE,URL&url=http://www.redrivercyclery.com/&size=48","https://search.google.com/local/reviews?placeid=ChIJVc3IrBm1OoYRkInGlppY8AI&q=bicycle+shop+near+Iowa+town,+Louisiana,+USA&authuser=0&hl=en",13184734256,https://www.facebook.com/pg/RedRiverCyclery/, ,,
Brooks' Bike Shop of Covington,416 E Gibson St  Covington  LA 70433  United States,416 E Gibson St,Covington,70433,Louisiana,US,America/Chicago,19853385933,,http://www.brooksbikeshop.com/,brooksbikeshop.com,Bicycle store,Bicycle club,Yes,534,4.9,open,"Saturday, 9 AM-6 PM; Sunday, 9 AM-6 PM; Monday, 9 AM-6 PM; Tuesday, 9 AM-6 PM; Wednesday, 9 AM-6 PM; Thursday, 9 AM-6 PM; Friday, 9 AM-6 PM; ",9 AM-6 PM,9 AM-6 PM,9 AM-6 PM,9 AM-6 PM,9 AM-6 PM,9 AM-6 PM,9 AM-6 PM,Lat 30.4769622,Lng -90.0954383,https://www.google.com/maps/place/?q=place_id:ChIJvxRK50tcJ4YRin3tacf-sx8,https://www.google.com/search?kgmid=/g/1hm5kmzvd,https://lh5.googleusercontent.com/p/CIHM0ogKEICAgICqxdz_Uw,"https://t1.gstatic.com/faviconV2?client=SOCIAL&type=FAVICON&fallback_opts=TYPE,SIZE,URL&url=http://www.brooksbikeshop.com/&size=48","https://search.google.com/local/reviews?placeid=ChIJvxRK50tcJ4YRin3tacf-sx8&q=bicycle+shop+near+Many+town,+Louisiana,+USA&authuser=0&hl=en",1-985-338-5933 | 1-985-231-1079 | 1-985-265 4278,https://www.facebook.com/BrooksBikeShop, ,https://www.instagram.com/brooksbikeshop/,
Bikes Etc,3723 E Texas St  Bossier City  LA 71111  United States,3723 E Texas St,Bossier City,71111,Louisiana,US,America/Chicago,13187460174,,https://bikesbossier.com/,bikesbossier.com,Bicycle store, ,Yes,82,4.7,open,"Saturday, 10 AM-2 PM; Sunday, Closed; Monday, 10 AM-6 PM; Tuesday, 10 AM-6 PM; Wednesday, 10 AM-6 PM; Thursday, 10 AM-6 PM; Friday, 10 AM-6 PM; ",10 AM-2 PM,Closed,10 AM-6 PM,10 AM-6 PM,10 AM-6 PM,10 AM-6 PM,10 AM-6 PM,Lat 32.529325,Lng -93.68639739999999,https://www.google.com/maps/place/?q=place_id:ChIJWUpFt7QzMYYRiH5CS9n06PI,https://www.google.com/search?kgmid=/g/1tg9hy81,https://lh5.googleusercontent.com/p/CIHM0ogKEICAgIDR-NGmUA,"https://t1.gstatic.com/faviconV2?client=SOCIAL&type=FAVICON&fallback_opts=TYPE,SIZE,URL&url=https://bikesbossier.com/&size=48","https://search.google.com/local/reviews?placeid=ChIJWUpFt7QzMYYRiH5CS9n06PI&q=bicycle+shop+near+Many+town,+Louisiana,+USA&authuser=0&hl=en",, , , , 
RideTHISbike,231 Dauphine St  New Orleans  LA 70112  United States,231 Dauphine St,New Orleans,70112,Louisiana,US,America/Chicago,15043242492,,http://ridethisbike.com/,ridethisbike.com,Bicycle store,Bicycle rental service,Yes,66,4.4,open,"Saturday, 9:30 AM-4:30 PM; Sunday, 9:30 AM-4:30 PM; Monday, 9:30 AM-4:30 PM; Tuesday, 9:30 AM-4:30 PM; Wednesday, 9:30 AM-4:30 PM; Thursday, 9:30 AM-4:30 PM; Friday, 9:30 AM-4:30 PM; ",9:30 AM-4:30 PM,9:30 AM-4:30 PM,9:30 AM-4:30 PM,9:30 AM-4:30 PM,9:30 AM-4:30 PM,9:30 AM-4:30 PM,9:30 AM-4:30 PM,Lat 29.955931999999997,Lng -90.069661,https://www.google.com/maps/place/?q=place_id:ChIJXTXKrQ6mIIYROrfWBe-1dvk,https://www.google.com/search?kgmid=/g/1wk6_3mb,https://lh5.googleusercontent.com/p/AF1QipOi1hvj2own1XxPJNIWAB_5UI6aDaCgtjiKyEg1,"https://t1.gstatic.com/faviconV2?client=SOCIAL&type=FAVICON&fallback_opts=TYPE,SIZE,URL&url=http://ridethisbike.com/&size=48","https://search.google.com/local/reviews?placeid=ChIJXTXKrQ6mIIYROrfWBe-1dvk&q=bicycle+shop+near+Many+town,+Louisiana,+USA&authuser=0&hl=en",, , ,,
Flugers - Bicycle & Outdoor Shop,1120 Airline Dr Suite 100  Bossier City  LA 71112  United States,1120 Airline Dr Suite 100,Bossier City,71112,Louisiana,US,America/Chicago,13187590374,,http://flugersoutdoors.com/,flugersoutdoors.com,Bicycle store,Bicycle rack,Yes,17,5,open,"Saturday, 10 AM-4 PM; Sunday, Closed; Monday, Closed; Tuesday, 10 AM-6 PM; Wednesday, 10 AM-6 PM; Thursday, 10 AM-6 PM; Friday, 10 AM-6 PM; ",10 AM-4 PM,Closed,Closed,10 AM-6 PM,10 AM-6 PM,10 AM-6 PM,10 AM-6 PM,Lat 32.5051859,Lng -93.6970534,https://www.google.com/maps/place/?q=place_id:ChIJYTOGlNAzMYYRrr2m-0aiSkU,https://www.google.com/search?kgmid=/g/11lzc21djf,https://lh5.googleusercontent.com/p/AF1QipOLGNekUGWLrIl470rLY7lBpJRz6uO8QrY1qhUy,"https://t1.gstatic.com/faviconV2?client=SOCIAL&type=FAVICON&fallback_opts=TYPE,SIZE,URL&url=http://flugersoutdoors.com/&size=48","https://search.google.com/local/reviews?placeid=ChIJYTOGlNAzMYYRrr2m-0aiSkU&q=bicycle+shop+near+Lockport+town,+Louisiana,+USA&authuser=0&hl=en",9034707220 | 3187590374,https://www.facebook.com/106760341289566, ,https://www.instagram.com/flugerslongview/,
Graycat Cycleworx,307 S Cate St  Hammond  LA 70403  United States,307 S Cate St,Hammond,70403,Louisiana,US,America/Chicago,19856623604,,https://graycatcycle.com/,graycatcycle.com,Bicycle store,Bicycle repair shop,Yes,54,4.2,open,"Saturday, 9 AM-3 PM; Sunday, Closed; Monday, 10 AM-5 PM; Tuesday, 10 AM-5 PM; Wednesday, 10 AM-5 PM; Thursday, 10 AM-5 PM; Friday, 10 AM-5 PM; ",9 AM-3 PM,Closed,10 AM-5 PM,10 AM-5 PM,10 AM-5 PM,10 AM-5 PM,10 AM-5 PM,Lat 30.5020067,Lng -90.4596442,https://www.google.com/maps/place/?q=place_id:ChIJzU6ix8ciJ4YRUk-sFvasE_k,https://www.google.com/search?kgmid=/g/1ptwd740p,https://lh5.googleusercontent.com/p/AF1QipNe9pwqItgpy8ka5ofvpP2aXSOkPkfA--tr1oNC,"https://t1.gstatic.com/faviconV2?client=SOCIAL&type=FAVICON&fallback_opts=TYPE,SIZE,URL&url=https://graycatcycle.com/&size=48","https://search.google.com/local/reviews?placeid=ChIJzU6ix8ciJ4YRUk-sFvasE_k&q=bicycle+shop+near+Many+town,+Louisiana,+USA&authuser=0&hl=en",9856623604, , ,,
eBikes Plus,2668 Johnston St A4  Lafayette  LA 70506  United States,2668 Johnston St A4,Lafayette,70506,Louisiana,US,America/Chicago,13378069851,,https://www.ebikespluslafayette.com/,ebikespluslafayette.com,Electric bicycle store,Bicycle repair shop,Yes,64,4.8,open,"Saturday, 10 AM-4 PM; Sunday, Closed; Monday, Closed; Tuesday, 10 AM-6 PM; Wednesday, 10 AM-6 PM; Thursday, 10 AM-6 PM; Friday, 10 AM-6 PM; ",10 AM-4 PM,Closed,Closed,10 AM-6 PM,10 AM-6 PM,10 AM-6 PM,10 AM-6 PM,Lat 30.209138399999997,Lng -92.0378432,https://www.google.com/maps/place/?q=place_id:ChIJ5zuQFkSdJIYRiZEevvyudek,https://www.google.com/search?kgmid=/g/11vcvnx4nk,https://lh5.googleusercontent.com/p/CIHM0ogKEICAgICfksHH5gE,"https://t1.gstatic.com/faviconV2?client=SOCIAL&type=FAVICON&fallback_opts=TYPE,SIZE,URL&url=https://www.ebikespluslafayette.com/&size=48","https://search.google.com/local/reviews?placeid=ChIJ5zuQFkSdJIYRiZEevvyudek&q=bicycle+shop+near+Many+town,+Louisiana,+USA&authuser=0&hl=en",1234567890, , ,,
Rogue Ridge,148 Country Club Cir  Minden  LA 71055  United States,148 Country Club Cir,Minden,71055,Louisiana,US,America/Chicago,18444714868,,https://www.rogueridge.com/,rogueridge.com,Electric bicycle store, ,Yes,,,open,"Friday, 9 AM-4 PM; Saturday, Closed; Sunday, Closed; Monday, 9 AM-4 PM; Tuesday, 9 AM-4 PM; Wednesday, 9 AM-4 PM; Thursday, 9 AM-4 PM; ",Closed,Closed,9 AM-4 PM,9 AM-4 PM,9 AM-4 PM,9 AM-4 PM,9 AM-4 PM,Lat 32.6290127,Lng -93.2505841,https://www.google.com/maps/place/?q=place_id:ChIJE7jpBZQNMYYRGy7JMpQe70s,https://www.google.com/search?kgmid=/g/11y5tw8t1c,https://lh5.googleusercontent.com/p/8xUMIj547dBp4exjfVYzUQ,"https://t1.gstatic.com/faviconV2?client=SOCIAL&type=FAVICON&fallback_opts=TYPE,SIZE,URL&url=https://www.rogueridge.com/&size=48", ,,https://www.facebook.com/rogue.ridge/, ,https://instagram.com/rogue.ridge,https://www.youtube.com/channel/UC1X4mGxJpxqYNmOS9fa-PEw
eco1bikes,1427 Parkway Dr  Port Allen  LA 70767  United States,1427 Parkway Dr,Port Allen,70767,Louisiana,US,America/Chicago,12259545030,,https://www.eco1bikes.com/,eco1bikes.com,Electric bicycle store, ,Yes,,,open,"Saturday, Open 24 hours; Sunday, Open 24 hours; Monday, Open 24 hours; Tuesday, Open 24 hours; Wednesday, Open 24 hours; Thursday, Open 24 hours; Friday, Open 24 hours; ",Open 24 hours,Open 24 hours,Open 24 hours,Open 24 hours,Open 24 hours,Open 24 hours,Open 24 hours,Lat 30.4873019,Lng -91.2525589,https://www.google.com/maps/place/?q=place_id:ChIJNXto3jsfJIYRk-PxI-_2Cbc,https://www.google.com/search?kgmid=/g/11x1fx03bx,https://lh5.googleusercontent.com/p/4rCGAenw-Pi8AXACTUEZQA,"https://t1.gstatic.com/faviconV2?client=SOCIAL&type=FAVICON&fallback_opts=TYPE,SIZE,URL&url=https://www.eco1bikes.com/&size=48", ,, , , , 
"The ""Old"" Bicycle Store",320 Center St  New Iberia  LA 70560  United States,320 Center St,New Iberia,70560,Louisiana,US,America/Chicago,13373806885,,https://www.iberiatravel.com/things-do/shopping/383,iberiatravel.com,Bicycle Shop,,Yes,5,5,open,"Friday, 10 AM-5 PM; Saturday, 10 AM-3:30 PM; Sunday, Closed; Monday, Closed; Tuesday, Closed; Wednesday, Closed; Thursday, 10 AM-5 PM; ",10 AM-3:30 PM,Closed,Closed,Closed,Closed,10 AM-5 PM,10 AM-5 PM,Lat 30.0015847,Lng -91.8186114,https://www.google.com/maps/place/?q=place_id:ChIJsRhyyY6CI4YRPOE_1NVgjGs,https://www.google.com/search?kgmid=/g/11gb3pvpp1,https://lh5.googleusercontent.com/p/xgdixUAWGm8rqHNU_q7ByA,"https://t1.gstatic.com/faviconV2?client=SOCIAL&type=FAVICON&fallback_opts=TYPE,SIZE,URL&url=https://www.iberiatravel.com/things-do/shopping/383&size=48",https://search.google.com/local/reviews?placeid=ChIJsRhyyY6CI4YRPOE_1NVgjGs&q=The+%22Old%22+Bicycle+Store&authuser=0&hl=en,, , , , 
French Quarter Go!,317 Burgundy St  New Orleans  LA 70112  United States,317 Burgundy St,New Orleans,70112,Louisiana,US,America/Chicago,15045224368,,https://www.frenchquartergo.com/,frenchquartergo.com,Bicycle rental service,,Yes,97,4.7,open,"Saturday, 9 AM-5 PM; Sunday, Closed; Monday, 9 AM-5 PM; Tuesday, 9 AM-5 PM; Wednesday, 9 AM-5 PM; Thursday, 9 AM-5 PM; Friday, 9 AM-5 PM; ",9 AM-5 PM,Closed,9 AM-5 PM,9 AM-5 PM,9 AM-5 PM,9 AM-5 PM,9 AM-5 PM,Lat 29.9571498,Lng -90.06999909999999,https://www.google.com/maps/place/?q=place_id:ChIJf6z2rA6mIIYRXmVCstZChzg,https://www.google.com/search?kgmid=/g/1w3w3c_q,https://lh5.googleusercontent.com/p/CIHM0ogKEICAgIDEoon2bw,"https://t1.gstatic.com/faviconV2?client=SOCIAL&type=FAVICON&fallback_opts=TYPE,SIZE,URL&url=https://www.frenchquartergo.com/&size=48","https://search.google.com/local/reviews?placeid=ChIJf6z2rA6mIIYRXmVCstZChzg&q=bicycle+shop+near+Many+town,+Louisiana,+USA&authuser=0&hl=en",, , ,,
Cycle Zydeco - Louisiana's Cajun & Créole Cycling Festival,413 Coolidge St CZ Suite  Lafayette  LA 70501  United States,413 Coolidge St CZ Suite,Lafayette,70501,Louisiana,US,America/Chicago,13377819416,,http://www.cyclezydeco.org/,cyclezydeco.org,Bicycle club,,Yes,8,4.5,open,"Friday, Open 24 hours; Saturday, Open 24 hours; Sunday, Open 24 hours; Monday, Open 24 hours; Tuesday, Open 24 hours; Wednesday, Open 24 hours; Thursday, Open 24 hours; ",Open 24 hours,Open 24 hours,Open 24 hours,Open 24 hours,Open 24 hours,Open 24 hours,Open 24 hours,Lat 30.2120024,Lng -92.00983529999999,https://www.google.com/maps/place/?q=place_id:ChIJLZfM2-qcJIYRC0_PLmV3Zrc,https://www.google.com/search?kgmid=/g/11c58pqq09,https://lh5.googleusercontent.com/p/AF1QipNa-Nc0ZGbF6aWvRnHVPYsoCstenx6oor-20Ujk,"https://t1.gstatic.com/faviconV2?client=SOCIAL&type=FAVICON&fallback_opts=TYPE,SIZE,URL&url=http://www.cyclezydeco.org/&size=48","https://search.google.com/local/reviews?placeid=ChIJLZfM2-qcJIYRC0_PLmV3Zrc&q=bicycle+shop+near+St.+Martinville,+Louisiana,+USA&authuser=0&hl=en",,https://www.facebook.com/cyclezydeco,https://twitter.com/cyclezydeco,https://www.instagram.com/cyclezydeco/,
RUBARB Community Bike Shop,2239 Piety  New Orleans  LA 70117  United States,2239 Piety,New Orleans,70117,Louisiana,US,America/Chicago,15049430216,,https://www.rubarbike.org/,rubarbike.org,Bicycle rack,,Yes,31,4.7,open,"Saturday, Closed; Sunday, Closed; Monday, 4-8 PM; Tuesday, Closed; Wednesday, Closed; Thursday, Closed; Friday, Closed; ",Closed,Closed,4-8 PM,Closed,Closed,Closed,Closed,Lat 29.979235199999998,Lng -90.0377285,https://www.google.com/maps/place/?q=place_id:ChIJ4wMesICoIIYRP6-YTH4yHBc,https://www.google.com/search?kgmid=/g/11b5pjpn11,https://lh5.googleusercontent.com/p/AF1QipNI7RSpmKhGoWxAY62uW9uGpbpvNSTEIJjTDkXJ,"https://t1.gstatic.com/faviconV2?client=SOCIAL&type=FAVICON&fallback_opts=TYPE,SIZE,URL&url=https://www.rubarbike.org/&size=48","https://search.google.com/local/reviews?placeid=ChIJ4wMesICoIIYRP6-YTH4yHBc&q=bicycle+shop+near+Pearl+River+town,+Louisiana,+USA&authuser=0&hl=en",,https://www.facebook.com/rubarbnola, ,https://www.instagram.com/rubarbcommunity/,
Pelican Pawn & Jewelry,2646 Florida Blvd  Baton Rouge  LA 70802  United States,2646 Florida Blvd,Baton Rouge,70802,Louisiana,US,America/Chicago,12253349390,,http://www.pelicanpawn.com/,pelicanpawn.com,Bicycle Shop,,Yes,174,4.5,open,"Saturday, 9 AM-5 PM; Sunday, Closed; Monday, 8:30 AM-6 PM; Tuesday, 8:30 AM-6 PM; Wednesday, 8:30 AM-6 PM; Thursday, 8:30 AM-6 PM; Friday, 8:30 AM-6 PM; ",9 AM-5 PM,Closed,8:30 AM-6 PM,8:30 AM-6 PM,8:30 AM-6 PM,8:30 AM-6 PM,8:30 AM-6 PM,Lat 30.4496076,Lng -91.1612238,https://www.google.com/maps/place/?q=place_id:ChIJ1RX2WTyhJoYRpfzP_F2o9fw,https://www.google.com/search?kgmid=/g/1tdq1hfg,https://lh5.googleusercontent.com/p/CIHM0ogKEICAgICxxKSmZQ,"https://t1.gstatic.com/faviconV2?client=SOCIAL&type=FAVICON&fallback_opts=TYPE,SIZE,URL&url=http://www.pelicanpawn.com/&size=48","https://search.google.com/local/reviews?placeid=ChIJ1RX2WTyhJoYRpfzP_F2o9fw&q=bicycle+shop+near+Pine+Prairie+village,+Louisiana,+USA&authuser=0&hl=en",(225) 367-1297 | (225) 757-5445 | (225) 644-0601 | (225) 664-6072 | (225) 334-9390, , ,,
Pawn Depot of Hammond,1803 N Morrison Blvd  Hammond  LA 70401  United States,1803 N Morrison Blvd,Hammond,70401,Louisiana,US,America/Chicago,19853187455,,http://www.pawndepot.net/,pawndepot.net,Bicycle Shop,,Yes,179,4.4,open,"Saturday, 8:30 AM-5 PM; Sunday, Closed; Monday, 8:30 AM-6 PM; Tuesday, 8:30 AM-6 PM; Wednesday, 8:30 AM-6 PM; Thursday, 8:30 AM-6 PM; Friday, 8:30 AM-6 PM; ",8:30 AM-5 PM,Closed,8:30 AM-6 PM,8:30 AM-6 PM,8:30 AM-6 PM,8:30 AM-6 PM,8:30 AM-6 PM,Lat 30.5170809,Lng -90.4833541,https://www.google.com/maps/place/?q=place_id:ChIJ7YJ7dYYiJ4YRGmUMqyfiF6s,https://www.google.com/search?kgmid=/g/11c3k9j8xq,https://lh5.googleusercontent.com/p/AF1QipOs3ZWfUlEdsfaYgb328bIN-mlBOzaSAjHY9nQp,"https://t1.gstatic.com/faviconV2?client=SOCIAL&type=FAVICON&fallback_opts=TYPE,SIZE,URL&url=http://www.pawndepot.net/&size=48","https://search.google.com/local/reviews?placeid=ChIJ7YJ7dYYiJ4YRGmUMqyfiF6s&q=bicycle+shop+near+Golden+Meadow+town,+Louisiana,+USA&authuser=0&hl=en",, , ,,
NOLA Fixed Cycling,,,Golden Meadow town,,Louisiana,US,America/Chicago,,nolafixedcycling@gmail.com,http://nolafixedcycling.com/,nolafixedcycling.com,Bicycle repair shop,Bicycle Shop,Yes,3,5,open, ,,,,,,,,Lat 30.0326605,Lng -89.88256349999999,https://www.google.com/maps/place/?q=place_id:ChIJua8vgUazcS8RMgFH3Msi3nY,https://www.google.com/search?kgmid=/g/11t_rpvzgf,https://lh5.googleusercontent.com/p/CIHM0ogKEICAgICpvMyq3QE,"https://t1.gstatic.com/faviconV2?client=SOCIAL&type=FAVICON&fallback_opts=TYPE,SIZE,URL&url=http://nolafixedcycling.com/&size=48","https://search.google.com/local/reviews?placeid=ChIJua8vgUazcS8RMgFH3Msi3nY&q=bicycle+shop+near+Golden+Meadow+town,+Louisiana,+USA&authuser=0&hl=en",, , ,https://www.instagram.com/nola_fixed/,
Bike Reviver,,,Sulphur,,Louisiana,US,America/Los_Angeles,12092029377,,,,Bicycle repair shop,Service establishment,Yes,,,open,"Friday, 3-7 PM; Saturday, 8 AM-5 PM; Sunday, 8 AM-5 PM; Monday, 3-5 PM; Tuesday, 3-5 PM; Wednesday, 3-5 PM; Thursday, 3-5 PM; ",8 AM-5 PM,8 AM-5 PM,3-5 PM,3-5 PM,3-5 PM,3-5 PM,3-7 PM,Lat 37.4787155,Lng -121.14834599999999,https://www.google.com/maps/place/?q=place_id:ChIJGY2c6Dnni0AR9BP3jQM2Nwc,https://www.google.com/search?kgmid=/g/11vrx171q4,https://lh5.googleusercontent.com/p/AF1QipO7yF0GLDK6aNAkf1QhtymhgVQdl8Jt--LTsYoC, , , , , , , 
Jojo's Bike Shop,,,Church Point town,,Louisiana,US,America/Chicago,13373501874,,,,Bicycle repair shop,Service establishment,Yes,2,5,open,"Friday, Open 24 hours; Saturday, Open 24 hours; Sunday, Open 24 hours; Monday, Open 24 hours; Tuesday, Open 24 hours; Wednesday, Open 24 hours; Thursday, Open 24 hours; ",Open 24 hours,Open 24 hours,Open 24 hours,Open 24 hours,Open 24 hours,Open 24 hours,Open 24 hours,Lat 30.218800599999998,Lng -92.3741424,https://www.google.com/maps/place/?q=place_id:ChIJwVTy9yupJIYRQ1kOnle91IM,https://www.google.com/search?kgmid=/g/11hzd10r7s,https://lh5.googleusercontent.com/p/AF1QipMibdX21vR_XrQIvb7EwPp6c6K4_V0MuHvgWRuC, ,"https://search.google.com/local/reviews?placeid=ChIJwVTy9yupJIYRQ1kOnle91IM&q=bicycle+shop+near+Church+Point+town,+Louisiana,+USA&authuser=0&hl=en", , , , , 
BikechMarket,,,Golden Meadow town,,Louisiana,US,America/Chicago,15043431009,,,,Bicycle store,Service establishment,Yes,,,open,"Saturday, Open 24 hours; Sunday, Open 24 hours; Monday, Open 24 hours; Tuesday, Open 24 hours; Wednesday, Open 24 hours; Thursday, Open 24 hours; Friday, Open 24 hours; ",Open 24 hours,Open 24 hours,Open 24 hours,Open 24 hours,Open 24 hours,Open 24 hours,Open 24 hours,Lat 30.0325644,Lng -89.88256349999999,https://www.google.com/maps/place/?q=place_id:ChIJuZElOpmnIIYR-sRJ7fkKNRw,https://www.google.com/search?kgmid=/g/11hh8_yct9,https://lh5.googleusercontent.com/p/AF1QipNa42CbFLdWwZt0NypbV2uIDBXAPzrG6s4pOhc4, , , , , , , 
A&b electric bike creations,,,Franklinton town,,Louisiana,US,America/Chicago,19858677069,,,,Bicycle store,Service establishment,Yes,,,open, ,,,,,,,,Lat 30.937373599999997,Lng -91.40087,https://www.google.com/maps/place/?q=place_id:ChIJverCjTu3vQMREOoMlv9eRww,https://www.google.com/search?kgmid=/g/11v3q5nd7t, , , , , , , , 
Bougie Rentals and Sales,,,Lockport town,,Louisiana,US,America/Chicago,19852589055,,https://bougierentalsandsales.godaddy.com/,godaddy.com,Bicycle rental service,Bicycle Shop,Yes,2,5,open,"Saturday, 9 AM-5 PM; Sunday, Closed; Monday, 9 AM-5 PM; Tuesday, 9 AM-5 PM; Wednesday, 9 AM-5 PM; Thursday, 9 AM-5 AM; Friday, 9 AM-5 PM; ",9 AM-5 PM,Closed,9 AM-5 PM,9 AM-5 PM,9 AM-5 PM,9 AM-5 AM,9 AM-5 PM,Lat 29.685082599999998,Lng -90.775262,https://www.google.com/maps/place/?q=place_id:ChIJIUz2lnERIYYRZuXQ7dZ-gtA,https://www.google.com/search?kgmid=/g/11y3m4p_nc,https://lh5.googleusercontent.com/p/AF1QipONWq89BBV61iUj8FeB751SLsnaSzaYkbILcuhZ,"https://t1.gstatic.com/faviconV2?client=SOCIAL&type=FAVICON&fallback_opts=TYPE,SIZE,URL&url=https://bougierentalsandsales.godaddy.com/&size=48","https://search.google.com/local/reviews?placeid=ChIJIUz2lnERIYYRZuXQ7dZ-gtA&q=bicycle+shop+near+Lockport+town,+Louisiana,+USA&authuser=0&hl=en",, , , , 
Nola City Lights,,,Golden Meadow town,,Louisiana,US,America/Detroit,15043145785,,http://www.nolacitylights.com/,nolacitylights.com,Bicycle store,Service establishment,Yes,,,open,"Saturday, 7 PM-12 AM; Sunday, 7 PM-12 AM; Monday, 7 PM-12 AM; Tuesday, 7 PM-12 AM; Wednesday, 7 PM-12 AM; Thursday, 7 PM-12 AM; Friday, 7 PM-12 AM; ",7 PM-12 AM,7 PM-12 AM,7 PM-12 AM,7 PM-12 AM,7 PM-12 AM,7 PM-12 AM,7 PM-12 AM,Lat 46.423669,Lng -129.9427086,https://www.google.com/maps/place/?q=place_id:ChIJjQbk-pZrGg0RzJE43jm2lVw,https://www.google.com/search?kgmid=/g/11ssfmxb8t, ,"https://t1.gstatic.com/faviconV2?client=SOCIAL&type=FAVICON&fallback_opts=TYPE,SIZE,URL&url=http://www.nolacitylights.com/&size=48", ,, , ,,
BCOE. INC,,,New Llano town,,Louisiana,US,America/Chicago,13187653060,,https://www.bicircleseat.com/,bicircleseat.com,Bicycle store,Service establishment,Yes,,,open, ,,,,,,,,Lat 32.504974,Lng -91.0228825,https://www.google.com/maps/place/?q=place_id:ChIJufn81XKhpwsRnx4sdUkex0Q,https://www.google.com/search?kgmid=/g/11y7x_2svx, ,"https://t1.gstatic.com/faviconV2?client=SOCIAL&type=FAVICON&fallback_opts=TYPE,SIZE,URL&url=https://www.bicircleseat.com/&size=48", ,, , ,,
Bougie Rentals & Sales,,,Golden Meadow town,,Louisiana,US,America/Chicago,19852589055,,https://bougierentalsandsales.godaddy.com/,godaddy.com,Electric bicycle store,Service establishment,Yes,14,5,open,"Saturday, Closed; Sunday, Closed; Monday, 10 AM-4 PM; Tuesday, 10 AM-4 PM; Wednesday, 10 AM-4 PM; Thursday, 10 AM-4 PM; Friday, 10 AM-4 PM; ",Closed,Closed,10 AM-4 PM,10 AM-4 PM,10 AM-4 PM,10 AM-4 PM,10 AM-4 PM,Lat 29.6893954,Lng -90.77003099999999,https://www.google.com/maps/place/?q=place_id:ChIJP32-W7cipSgR5Sx87P0Z8po,https://www.google.com/search?kgmid=/g/11vwj20hm4,https://lh5.googleusercontent.com/p/AF1QipMv5XxSpsHCRuUgtLDKzBN9VYeTv2RnHgDrg9Mt,"https://t1.gstatic.com/faviconV2?client=SOCIAL&type=FAVICON&fallback_opts=TYPE,SIZE,URL&url=https://bougierentalsandsales.godaddy.com/&size=48","https://search.google.com/local/reviews?placeid=ChIJP32-W7cipSgR5Sx87P0Z8po&q=bicycle+shop+near+Golden+Meadow+town,+Louisiana,+USA&authuser=0&hl=en",, , , , 
Bae's Bike Rentals,311 Burgundy St  New Orleans  LA 70112  United States,311 Burgundy St,New Orleans,70112,Louisiana,US,America/Chicago,15043715479,,,,Bicycle rental service,Bicycle club,Yes,32,4.6,Temporarily closed, ,,,,,,,,Lat 29.9569756,Lng -90.07009049999999,https://www.google.com/maps/place/?q=place_id:ChIJHyGDhvinIIYRxfzPtx0Zv5M,https://www.google.com/search?kgmid=/g/11rgcf_brd,https://lh5.googleusercontent.com/p/AF1QipNmRDXlgR6VHhxEA8UlEX1PNrtUnYsiudAuNTHA, ,"https://search.google.com/local/reviews?placeid=ChIJHyGDhvinIIYRxfzPtx0Zv5M&q=bicycle+shop+near+New+Roads,+Louisiana,+USA&authuser=0&hl=en", , , , , 
LEAD RIDES,,,Church Point town,,Louisiana,US,America/Chicago,12254505056,,,,Bicycle store,Bicycle rental service,Yes,32,5,Temporarily closed, ,,,,,,,,Lat 30.2147576,Lng -90.92582399999999,https://www.google.com/maps/place/?q=place_id:ChIJbbA_1RO3JoYRAfNZiMTKcjY,https://www.google.com/search?kgmid=/g/11qpswf0xq,https://lh5.googleusercontent.com/p/AF1QipNmMfkptI2csmmL_9G4H2HFkZDM5-_8gmrT1WPm, ,"https://search.google.com/local/reviews?placeid=ChIJbbA_1RO3JoYRAfNZiMTKcjY&q=bicycle+shop+near+Church+Point+town,+Louisiana,+USA&authuser=0&hl=en", , , , , 