County,City,ZIP
Androscoggin,Auburn,04210
Androscoggin,Auburn,04211
Androscoggin,Auburn,04212
Androscoggin,Durham,04222
Androscoggin,Greene,04236
Androscoggin,Leeds,04263
Androscoggin,Lewiston,04240
Androscoggin,Lewiston,04241
Androscoggin,Lewiston,04243
Androscoggin,Lisbon,04250
Androscoggin,Livermore,04253
Androscoggin,Livermore Falls,04254
Androscoggin,Mechanic Falls,04256
Androscoggin,Minot,04258
Androscoggin,Poland,04274
Androscoggin,Sabattus,04280
Androscoggin,Turner,04282
Androscoggin,Wales,
Aroostook,Allagash,
Aroostook,Amity,
Aroostook,Ashland,04732
Aroostook,Bancroft,
Aroostook,Blaine,04734
Aroostook,Bridgewater,04735
Aroostook,Caribou,04736
Aroostook,Castle Hill,
Aroostook,Caswell,
Aroostook,Chapman,
Aroostook,Crystal,
Aroostook,Dyer Brook,
Aroostook,Eagle Lake,04739
Aroostook,Easton,04740
Aroostook,Fort Fairfield,04742
Aroostook,Fort Kent,04743
Aroostook,Frenchville,04745
Aroostook,Grand Isle,04746
Aroostook,Hamlin,
Aroostook,Hammond,
Aroostook,Haynesville,
Aroostook,Hersey,
Aroostook,Hodgdon,
Aroostook,Houlton,04730
Aroostook,Island Falls,04747
Aroostook,Limestone,04750
Aroostook,Limestone,04751
Aroostook,Linneus,
Aroostook,Littleton,
Aroostook,Ludlow,
Aroostook,Madawaska,04756
Aroostook,Mapleton,04757
Aroostook,Mars Hill,04758
Aroostook,Masardis,
Aroostook,Merrill,
Aroostook,Monticello,04760
Aroostook,New Canada,
Aroostook,New Limerick,04761
Aroostook,New Sweden,04762
Aroostook,Oakfield,04763
Aroostook,Orient,04471
Aroostook,Perham,04766
Aroostook,Portage Lake,04768
Aroostook,Presque Isle,04769
Aroostook,Saint Agatha,04772
Aroostook,Saint Francis,04774
Aroostook,Sherman,04776
Aroostook,Smyrna,04780
Aroostook,Stockholm,04783
Aroostook,Van Buren,04785
Aroostook,Wade,
Aroostook,Washburn,04786
Aroostook,Westfield,04787
Aroostook,Westmanland,
Aroostook,Weston,
Aroostook,Woodland,
Cumberland,Baldwin,04024
Cumberland,Baldwin,04091
Cumberland,Bridgton,04009
Cumberland,Brunswick,04011
Cumberland,Cape Elizabeth,04107
Cumberland,Casco,04015
Cumberland,Cumberland,04021
Cumberland,Cumberland,04110
Cumberland,Falmouth,04105
Cumberland,Freeport,04032
Cumberland,Freeport,04033
Cumberland,Freeport,04034
Cumberland,Gorham,04038
Cumberland,Gray,04039
Cumberland,Harpswell,04079
Cumberland,Harrison,04040
Cumberland,Naples,04055
Cumberland,New Gloucester,04260
Cumberland,North Yarmouth,04097
Cumberland,Portland,04101
Cumberland,Portland,04102
Cumberland,Portland,04103
Cumberland,Portland,04104
Cumberland,Portland,04109
Cumberland,Portland,04112
Cumberland,Portland,04122
Cumberland,Portland,04123
Cumberland,Portland,04124
Cumberland,Pownal,04069
Cumberland,Raymond,04071
Cumberland,Scarborough,04070
Cumberland,Scarborough,04074
Cumberland,Sebago,04029
Cumberland,South Portland,04106
Cumberland,South Portland,04116
Cumberland,Standish,04084
Cumberland,Westbrook,04092
Cumberland,Westbrook,04098
Cumberland,Windham,04062
Cumberland,Yarmouth,04096
Franklin,Avon,
Franklin,Carrabassett Valley,
Franklin,Carthage,
Franklin,Chesterville,
Franklin,Eustis,04936
Franklin,Farmington,04938
Franklin,Industry,
Franklin,Jay,04239
Franklin,Kingfield,04947
Franklin,Madrid,
Franklin,New Sharon,04955
Franklin,New Vineyard,04956
Franklin,Phillips,04966
Franklin,Rangeley,04970
Franklin,Strong,04983
Franklin,Temple,04984
Franklin,Weld,04285
Franklin,Wilton,04294
Hancock,Amherst,
Hancock,Aurora,04408
Hancock,Bar Harbor,04609
Hancock,Blue Hill,04614
Hancock,Brooklin,04616
Hancock,Brooksville,04617
Hancock,Bucksport,04416
Hancock,Castine,04420
Hancock,Castine,04421
Hancock,Cranberry Isles,04625
Hancock,Dedham,
Hancock,Deer Isle,04627
Hancock,Eastbrook,
Hancock,Ellsworth,04605
Hancock,Franklin,04634
Hancock,Frenchboro,04635
Hancock,Gouldsboro,04607
Hancock,Great Pond,
Hancock,Hancock,04640
Hancock,Lamoine,
Hancock,Mariaville,
Hancock,Mount Desert,04660
Hancock,Orland,04472
Hancock,Osborn,
Hancock,Otis,
Hancock,Penobscot,04476
Hancock,Sedgwick,04676
Hancock,Sorrento,04677
Hancock,Southwest Harbor,04679
Hancock,Stonington,04681
Hancock,Sullivan,04664
Hancock,Surry,04684
Hancock,Swans Island,04685
Hancock,Tremont,
Hancock,Trenton,
Hancock,Verona,
Hancock,Waltham,
Hancock,Winter Harbor,04693
Kennebec,Albion,04910
Kennebec,Augusta,04330
Kennebec,Augusta,04332
Kennebec,Augusta,04333
Kennebec,Augusta,04336
Kennebec,Augusta,04338
Kennebec,Belgrade,04917
Kennebec,Benton,
Kennebec,Chelsea,
Kennebec,China,04358
Kennebec,China,04926
Kennebec,Clinton,04927
Kennebec,Farmingdale,04344
Kennebec,Fayette,
Kennebec,Gardiner,04345
Kennebec,Hallowell,04347
Kennebec,Litchfield,04350
Kennebec,Manchester,04351
Kennebec,Monmouth,04259
Kennebec,Mount Vernon,04352
Kennebec,Oakland,04963
Kennebec,Pittston,
Kennebec,Randolph,04346
Kennebec,Readfield,04355
Kennebec,Rome,
Kennebec,Sidney,
Kennebec,Vassalboro,04989
Kennebec,Vienna,04360
Kennebec,Waterville,04901
Kennebec,Waterville,04903
Kennebec,Wayne,04284
Kennebec,West Gardiner,04345
Kennebec,Windsor,04363
Kennebec,Winslow,
Kennebec,Winthrop,04364
Knox,Appleton,
Knox,Camden,04843
Knox,Cushing,04563
Knox,Friendship,04547
Knox,Hope,04847
Knox,Isle au Haut,04645
Knox,North Haven,04853
Knox,Owls Head,04854
Knox,Rockland,04841
Knox,Rockport,04856
Knox,South Thomaston,04858
Knox,St. George,
Knox,Thomaston,04861
Knox,Union,04862
Knox,Vinalhaven,04863
Knox,Warren,04864
Knox,Washington,04574
Lincoln,Alna,04535
Lincoln,Boothbay,04537
Lincoln,Boothbay Harbor,04538
Lincoln,Bremen,04551
Lincoln,Bristol,04539
Lincoln,Damariscotta,04543
Lincoln,Dresden,04342
Lincoln,Edgecomb,04556
Lincoln,Jefferson,04348
Lincoln,Newcastle,04553
Lincoln,Nobleboro,04555
Lincoln,Somerville,
Lincoln,South Bristol,04568
Lincoln,Southport,04576
Lincoln,Waldoboro,04572
Lincoln,Westport,
Lincoln,Whitefield,04353
Lincoln,Wiscasset,04578
Oxford,Andover,04216
Oxford,Bethel,04217
Oxford,Brownfield,04010
Oxford,Buckfield,04220
Oxford,Byron,
Oxford,Canton,04221
Oxford,Denmark,04022
Oxford,Dixfield,04224
Oxford,Fryeburg,04037
Oxford,Gilead,
Oxford,Greenwood,04255
Oxford,Hanover,04237
Oxford,Hartford,
Oxford,Hebron,04238
Oxford,Hiram,04041
Oxford,Lovell,04051
Oxford,Mexico,04257
Oxford,Newry,04261
Oxford,Norway,04268
Oxford,Otisfield,
Oxford,Oxford,04270
Oxford,Paris,04271
Oxford,Peru,04290
Oxford,Porter,04068
Oxford,Roxbury,04275
Oxford,Rumford,04276
Oxford,Stoneham,04231
Oxford,Stowe,
Oxford,Sumner,04292
Oxford,Sweden,04762
Oxford,Upton,
Oxford,Waterford,04088
Oxford,West Paris,04289
Oxford,Woodstock,
Penobscot,Alton,
Penobscot,Bangor,04401
Penobscot,Bangor,04402
Penobscot,Bradford,04410
Penobscot,Bradley,04411
Penobscot,Brewer,04412
Penobscot,Burlington,04417
Penobscot,Carmel,04419
Penobscot,Charleston,04422
Penobscot,Chester,04351
Penobscot,Clifton,
Penobscot,Corinna,04928
Penobscot,Corinth,04427
Penobscot,Dexter,04930
Penobscot,Dixmont,04932
Penobscot,East Millinocket,04430
Penobscot,Eddington,04428
Penobscot,Edinburg,
Penobscot,Enfield,04493
Penobscot,Etna,04434
Penobscot,Exeter,04435
Penobscot,Garland,04939
Penobscot,Glenburn,
Penobscot,Greenbush,04418
Penobscot,Greenfield,
Penobscot,Hampden,04444
Penobscot,Hermon,
Penobscot,Holden,04429
Penobscot,Howland,04448
Penobscot,Hudson,04449
Penobscot,Indian Island,
Penobscot,Kenduskeag,04450
Penobscot,Lagrange,04453
Penobscot,Lakeville,
Penobscot,Lee,04455
Penobscot,Levant,04456
Penobscot,Lincoln,04457
Penobscot,Lowell,04347
Penobscot,Mattawamkeag,04459
Penobscot,Maxfield,
Penobscot,Medway,04460
Penobscot,Milford,04461
Penobscot,Millinocket,04462
Penobscot,Mount Chase,
Penobscot,Newburgh,
Penobscot,Newport,04953
Penobscot,Old Town,04468
Penobscot,Orono,04469
Penobscot,Orono,04473
Penobscot,Orrington,04474
Penobscot,Passadumkeag,04475
Penobscot,Patten,04765
Penobscot,Plymouth,04969
Penobscot,Springfield,04487
Penobscot,Stacyville,04777
Penobscot,Stetson,04488
Penobscot,Veazie,
Penobscot,Winn,04495
Penobscot,Woodville,
Piscataquis,Abbott,04406
Piscataquis,Atkinson,
Piscataquis,Beaver Cove,
Piscataquis,Bowerbank,
Piscataquis,Brownville,04414
Piscataquis,Dover-Foxcroft,04426
Piscataquis,Greenville,04441
Piscataquis,Guilford,04443
Piscataquis,Medford,
Piscataquis,Milo,04463
Piscataquis,Monson,04464
Piscataquis,Parkman,
Piscataquis,Sangerville,04479
Piscataquis,Sebec,04481
Piscataquis,Shirley,04485
Piscataquis,Wellington,
Piscataquis,Willimantic,
Sagadahoc,Arrowsic,
Sagadahoc,Bath,04530
Sagadahoc,Bowdoin,04287
Sagadahoc,Bowdoinham,04008
Sagadahoc,Georgetown,04548
Sagadahoc,Phippsburg,04562
Sagadahoc,Richmond,04357
Sagadahoc,Topsham,04086
Sagadahoc,West Bath,04530
Sagadahoc,Woolwich,04579
Somerset,Anson,04911
Somerset,Athens,04912
Somerset,Bingham,04920
Somerset,Cambridge,04923
Somerset,Canaan,04924
Somerset,Cornville,
Somerset,Detroit,04929
Somerset,Embden,
Somerset,Fairfield,04937
Somerset,Harmony,04942
Somerset,Hartland,04943
Somerset,Jackman,04945
Somerset,Madison,04950
Somerset,Mercer,
Somerset,Moose River,
Somerset,Moscow,
Somerset,New Portland,04954
Somerset,New Portland,04961
Somerset,Norridgewock,04957
Somerset,Palmyra,04965
Somerset,Pittsfield,04967
Somerset,Ripley,
Somerset,Saint Albans,04971
Somerset,Skowhegan,04976
Somerset,Smithfield,04978
Somerset,Solon,04979
Somerset,Starks,
Waldo,Belfast,04915
Waldo,Belmont,
Waldo,Brooks,04921
Waldo,Burnham,04922
Waldo,Frankfort,04438
Waldo,Freedom,04941
Waldo,Islesboro,04848
Waldo,Jackson,
Waldo,Knox,
Waldo,Liberty,04949
Waldo,Lincolnville,04849
Waldo,Monroe,04951
Waldo,Montville,
Waldo,Morrill,04952
Waldo,Northport,
Waldo,Palermo,04354
Waldo,Prospect,04669
Waldo,Searsmont,04973
Waldo,Searsport,04974
Waldo,Stockton Springs,04981
Waldo,Swanville,
Waldo,Thorndike,04986
Waldo,Troy,04987
Waldo,Unity,04988
Waldo,Waldo,04572
Waldo,Winterport,04496
Washington,Addison,04606
Washington,Alexander,
Washington,Baileyville,04694
Washington,Beals,04611
Washington,Beddington,04428
Washington,Calais,04619
Washington,Centerville,
Washington,Charlotte,
Washington,Cherryfield,04622
Washington,Columbia,04623
Washington,Columbia Falls,04623
Washington,Cooper,04341
Washington,Crawford,
Washington,Cutler,04626
Washington,Danforth,04424
Washington,Deblois,
Washington,Dennysville,04628
Washington,East Machias,04630
Washington,Eastport,04631
Washington,Harrington,04643
Washington,Indian Township,
Washington,Jonesboro,04648
Washington,Jonesport,04649
Washington,Lubec,04652
Washington,Machias,04654
Washington,Machiasport,04655
Washington,Marshfield,
Washington,Meddybemps,04657
Washington,Milbridge,04658
Washington,Northfield,
Washington,Pembroke,04666
Washington,Perry,04667
Washington,Princeton,04668
Washington,Robbinston,04671
Washington,Roque Bluffs,
Washington,Steuben,04680
Washington,Talmadge,
Washington,Topsfield,04490
Washington,Vanceboro,04491
Washington,Waite,04492
Washington,Wesley,04686
Washington,Whiting,04691
Washington,Whitneyville,
York,Acton,04001
York,Alfred,04002
York,Arundel,
York,Berwick,03901
York,Biddeford,04005
York,Biddeford,04007
York,Buxton,04093
York,Cornish,04020
York,Dayton,
York,Eliot,03903
York,Hollis,04042
York,Kennebunk,04043
York,Kennebunkport,04046
York,Kittery,03904
York,Lebanon,04027
York,Limerick,04048
York,Limington,04049
York,Lyman,
York,Newfield,04056
York,North Berwick,03906
York,Ogunquit,03907
York,Old Orchard Beach,04064
York,Parsonsfield,04047
York,Saco,04072
York,Sanford,04073
York,Shapleigh,04076
York,South Berwick,03908
York,Waterboro,04087
York,Wells,04090
York,York,03909
