County,City,ZIP
Allegany,Cumberland,21501
Allegany,Cumberland,21502
Allegany,Frostburg,21532
Allegany,Lonaconing,21539
Allegany,Luke,21540
Allegany,Westernport,21562
Anne Arundel,Annapolis,21401
Anne Arundel,Annapolis,21402
Anne Arundel,Annapolis,21403
Anne Arundel,Highland Beach,20714
Baltimore City,Baltimore,21201
Baltimore City,Baltimore,21202
Baltimore City,Baltimore,21203
Baltimore City,Baltimore,21204
Baltimore City,Baltimore,21205
Baltimore City,Baltimore,21206
Baltimore City,Baltimore,21207
Baltimore City,Baltimore,21208
Baltimore City,Baltimore,21209
Baltimore City,Baltimore,21210
Baltimore City,Baltimore,21211
Baltimore City,Baltimore,21212
Baltimore City,Baltimore,21213
Baltimore City,Baltimore,21214
Baltimore City,Baltimore,21215
Baltimore City,Baltimore,21216
Baltimore City,Baltimore,21217
Baltimore City,Baltimore,21218
Baltimore City,Baltimore,21219
Baltimore City,Baltimore,21220
Baltimore City,Baltimore,21221
Baltimore City,Baltimore,21222
Baltimore City,Baltimore,21223
Baltimore City,Baltimore,21224
Baltimore City,Baltimore,21225
Baltimore City,Baltimore,21226
Baltimore City,Baltimore,21227
Baltimore City,Baltimore,21228
Baltimore City,Baltimore,21229
Baltimore City,Baltimore,21230
Baltimore City,Baltimore,21231
Baltimore City,Baltimore,21233
Baltimore City,Baltimore,21234
Baltimore City,Baltimore,21235
Baltimore City,Baltimore,21236
Baltimore City,Baltimore,21237
Baltimore City,Baltimore,21239
Baltimore City,Baltimore,21240
Baltimore City,Baltimore,21241
Baltimore City,Baltimore,21244
Baltimore City,Baltimore,21250
Baltimore City,Baltimore,21251
Baltimore City,Baltimore,21252
Baltimore City,Baltimore,21263
Baltimore City,Baltimore,21264
Baltimore City,Baltimore,21270
Baltimore City,Baltimore,21273
Baltimore City,Baltimore,21274
Baltimore City,Baltimore,21275
Baltimore City,Baltimore,21278
Baltimore City,Baltimore,21279
Baltimore City,Baltimore,21280
Baltimore City,Baltimore,21281
Baltimore City,Baltimore,21282
Baltimore City,Baltimore,21283
Baltimore City,Baltimore,21284
Baltimore City,Baltimore,21285
Baltimore City,Baltimore,21286
Baltimore City,Baltimore,21287
Baltimore City,Baltimore,21288
Baltimore City,Baltimore,21289
Baltimore City,Baltimore,21290
Baltimore City,Baltimore,21297
Baltimore City,Baltimore,21298
Calvert,Chesapeake Beach,20732
Caroline,Denton,21629
Caroline,Federalsburg,21632
Caroline,Greensboro,21639
Caroline,Henderson,21640
Caroline,Hillsboro,21641
Caroline,Marydel,21649
Caroline,Preston,21655
Caroline,Ridgely,21660
Caroline,Templeville,21670
Carroll,Hampstead,21074
Carroll,Manchester,21102
Carroll,Mount Airy,21771
Carroll,New Windsor,21776
Carroll,Sykesville,21784
Carroll,Taneytown,21787
Carroll,Union Bridge,21791
Carroll,Westminster,21157
Carroll,Westminster,21158
Cecil,Cecilton,21913
Cecil,Charlestown,21914
Cecil,Chesapeake City,21915
Cecil,Elkton,21921
Cecil,Elkton,21922
Cecil,North East,21901
Cecil,Perryville,21903
Cecil,Port Deposit,21904
Cecil,Rising Sun,21911
Charles,Indian Head,20640
Charles,La Plata,20646
Dorchester,Cambridge,21613
Dorchester,Church Creek,21622
Dorchester,East New Market,21631
Dorchester,Eldorado,21635
Dorchester,Galestown,21635
Dorchester,Hurlock,21643
Dorchester,Secretary,21664
Dorchester,Vienna,21869
Frederick,Emmitsburg,21727
Frederick,Frederick,21701
Frederick,Frederick,21702
Frederick,Frederick,21703
Frederick,Frederick,21704
Frederick,Middletown,21769
Frederick,Mount Airy,21771
Frederick,Myersville,21773
Frederick,New Market,21774
Frederick,Rosemont,21784
Frederick,Thurmont,21788
Frederick,Walkersville,21793
Frederick,Woodsboro,21798
Garrett,Accident,21520
Garrett,Deer Park,21550
Garrett,Friendsville,21531
Garrett,Grantsville,21536
Garrett,Kitzmiller,21538
Garrett,Loch Lynn Heights,21550
Garrett,Mountain Lake Park,21550
Garrett,Oakland,21550
Harford,Aberdeen,21001
Harford,Bel Air,21014
Harford,Bel Air,21015
Harford,Havre de Grace,21078
Howard,Columbia,21044
Kent,Betterton,21610
Kent,Chestertown,21620
Kent,Galena,21635
Kent,Millington,21651
Kent,Rock Hall,21661
Montgomery,Barnesville,20838
Montgomery,Brookeville,20833
Montgomery,Chevy Chase,20815
Montgomery,Chevy Chase Section 3,20815
Montgomery,Chevy Chase Section 5,20815
Montgomery,Chevy Chase View,20895
Montgomery,Chevy Chase Village,20815
Montgomery,Drummond,20854
Montgomery,Garrett Park,20896
Montgomery,Gaithersburg,20877
Montgomery,Gaithersburg,20878
Montgomery,Gaithersburg,20879
Montgomery,Gaithersburg,20882
Montgomery,Gaithersburg,20883
Montgomery,Gaithersburg,20884
Montgomery,Gaithersburg,20885
Montgomery,Glen Echo,20812
Montgomery,Kensington,20895
Montgomery,Laytonsville,20882
Montgomery,Martin's Additions,20815
Montgomery,Poolesville,20837
Montgomery,Rockville,20847
Montgomery,Rockville,20848
Montgomery,Rockville,20849
Montgomery,Rockville,20850
Montgomery,Rockville,20851
Montgomery,Rockville,20852
Montgomery,Rockville,20853
Montgomery,Somerset,20814
Montgomery,Takoma Park,20912
Montgomery,Washington Grove,20880
Prince George's,Bowie,20715
Prince George's,Bowie,20716
Prince George's,Bowie,20720
Prince George's,Bowie,20721
Prince George's,Bladensburg,20710
Prince George's,Brentwood,20722
Prince George's,Capitol Heights,20743
Prince George's,Cheverly,20785
Prince George's,College Park,20740
Prince George's,College Park,20741
Prince George's,College Park,20742
Prince George's,Cottage City,20722
Prince George's,District Heights,20747
Prince George's,Eagle Harbor,20608
Prince George's,Edmonston,20781
Prince George's,Fairmount Heights,20743
Prince George's,Forest Heights,20745
Prince George's,Glenarden,20706
Prince George's,Greenbelt,20768
Prince George's,Greenbelt,20770
Prince George's,Hyattsville,20781
Prince George's,Hyattsville,20782
Prince George's,Hyattsville,20783
Prince George's,Hyattsville,20784
Prince George's,Landover Hills,20784
Prince George's,Laurel,20707
Prince George's,Laurel,20708
Prince George's,Laurel,20709
Prince George's,Morningside,20746
Prince George's,Mount Rainier,20712
Prince George's,New Carrollton,20784
Prince George's,North Brentwood,20722
Prince George's,Riverdale Park,20737
Prince George's,Seat Pleasant,20743
Prince George's,University Park,20782
Prince George's,Upper Marlboro,20772
Prince George's,Upper Marlboro,20773
Queen Anne's,Barclay,21607
Queen Anne's,Centreville,21617
Queen Anne's,Church Hill,21623
Queen Anne's,Millington,21651
Queen Anne's,Queen Anne,21657
Queen Anne's,Queenstown,21658
Queen Anne's,Sudlersville,21668
Queen Anne's,Templeville,21670
Somerset,Crisfield,21817
Somerset,Princess Anne,21853
Somerset,Smith Island,21824
St. Mary's,Leonardtown,20650
Talbot,Easton,21601
Talbot,Oxford,21654
Talbot,St. Michaels,21663
Talbot,Trappe,21673
Washington,Boonsboro,21713
Washington,Clear Spring,21722
Washington,Funkstown,21734
Washington,Hagerstown,21740
Washington,Hagerstown,21741
Washington,Hagerstown,21742
Washington,Hancock,21750
Washington,Keedysville,21756
Washington,Sharpsburg,21782
Washington,Smithsburg,21783
Washington,Williamsport,21795
Wicomico,Delmar,21875
Wicomico,Fruitland,21826
Wicomico,Hebron,21830
Wicomico,Mardela Springs,21837
Wicomico,Pittsville,21850
Wicomico,Salisbury,21801
Wicomico,Salisbury,21802
Wicomico,Salisbury,21803
Wicomico,Sharptown,21861
Wicomico,Willards,21874
Worcester,Berlin,21811
Worcester,Ocean City,21842
Worcester,Ocean City,21843
Worcester,Pocomoke City,21851
Worcester,Snow Hill,21863
