County,City,ZIP
St Clair County,Algonac,48001
St Clair County,Allenton,48002
Lapeer County,Almont,48003
St. Clair County,Anchorville,48004
Macomb County,Armada,48005
St Clair County,Avoca,48006
Oakland County,Troy,48007
Oakland County,Birmingham,48009
Oakland County,Birmingham,48012
St Clair County,Capac,48014
Macomb County,Center Line,48015
Oakland County,Clawson,48017
Macomb County,Eastpointe,48021
St Clair County,Emmett,48022
St Clair County,Fair Haven,48023
Oakland County,Franklin,48025
Macomb County,Fraser,48026
St Clair County,Goodells,48027
St Clair County,Harsens Island,48028
Oakland County,Hazel Park,48030
St Clair County,Jeddo,48032
Oakland County,Southfield,48033
Oakland County,Southfield,48034
Macomb County,Clinton Township,48035
Macomb County,Clinton Township,48036
Oakland County,Southfield,48037
Macomb County,Clinton Township,48038
St Clair County,Marine City,48039
St Clair County,Marysville,48040
St Clair County,Memphis,48041
Macomb County,Macomb,48042
Macomb County,Mount Clemens,48043
Macomb County,Macomb,48044
Macomb County,Harrison Township,48045
Macomb County,Mount Clemens,48046
Macomb County,New Baltimore,48047
Macomb County,New Haven,48048
St Clair County,North Street,48049
Macomb County,New Haven,48050
Macomb County,New Baltimore,48051
St Clair County,East China,48054
St Clair County,Fort Gratiot,48059
St Clair County,Port Huron,48060
St. Clair County,Port Huron,48061
Macomb County,Richmond,48062
St Clair County,Columbus,48063
St Clair County,Casco,48064
Macomb County,Romeo,48065
Macomb County,Roseville,48066
Oakland County,Royal Oak,48067
Oakland County,Royal Oak,48068
Oakland County,Pleasant Ridge,48069
Oakland County,Huntington Woods,48070
Oakland County,Madison Heights,48071
Oakland County,Berkley,48072
Oakland County,Royal Oak,48073
St Clair County,Smiths Creek,48074
Oakland County,Southfield,48075
Oakland County,Southfield,48076
St Clair County,Saint Clair,48079
Macomb County,Saint Clair Shores,48080
Macomb County,Saint Clair Shores,48081
Macomb County,Saint Clair Shores,48082
Oakland County,Troy,48083
Oakland County,Troy,48084
Oakland County,Troy,48085
Oakland County,Southfield,48086
Macomb County,Warren,48088
Macomb County,Warren,48089
Macomb County,Warren,48090
Macomb County,Warren,48091
Macomb County,Warren,48092
Macomb County,Warren,48093
Macomb County,Washington,48094
Macomb County,Washington,48095
Macomb County,Ray,48096
St Clair County,Yale,48097
Oakland County,Troy,48098
Oakland County,Troy,48099
Wayne County,Allen Park,48101
Washtenaw County,Ann Arbor,48103
Washtenaw County,Ann Arbor,48104
Washtenaw County,Ann Arbor,48105
Washtenaw County,Ann Arbor,48106
Washtenaw County,Ann Arbor,48107
Washtenaw County,Ann Arbor,48108
Washtenaw County,Ann Arbor,48109
Monroe County,Azalia,48110
Wayne County,Belleville,48111
Wayne County,Belleville,48112
Washtenaw County,Ann Arbor,48113
Livingston County,Brighton,48114
Washtenaw County,Bridgewater,48115
Livingston County,Brighton,48116
Monroe County,Carleton,48117
Washtenaw County,Chelsea,48118
Wayne County,Dearborn,48120
Wayne County,Dearborn,48121
Wayne County,Melvindale,48122
Wayne County,Dearborn,48123
Wayne County,Dearborn,48124
Wayne County,Dearborn Heights,48125
Wayne County,Dearborn,48126
Wayne County,Dearborn Heights,48127
Wayne County,Dearborn,48128
Washtenaw County,Dexter,48130
Monroe County,Dundee,48131
Monroe County,Erie,48133
Wayne County,Flat Rock,48134
Wayne County,Garden City,48135
Wayne County,Garden City,48136
Livingston County,Gregory,48137
Wayne County,Grosse Ile,48138
Livingston County,Hamburg,48139
Monroe County,Ida,48140
Wayne County,Inkster,48141
Livingston County,Lakeland,48143
Monroe County,Lambertville,48144
Monroe County,La Salle,48145
Wayne County,Lincoln Park,48146
Wayne County,Livonia,48150
Wayne County,Livonia,48151
Wayne County,Livonia,48152
Wayne County,Livonia,48153
Wayne County,Livonia,48154
Monroe County,Luna Pier,48157
Washtenaw County,Manchester,48158
Monroe County,Maybee,48159
Washtenaw County,Milan,48160
Monroe County,Monroe,48161
Monroe County,Monroe,48162
Wayne County,New Boston,48164
Oakland County,New Hudson,48165
Monroe County,Newport,48166
Wayne County,Northville,48167
Wayne County,Northville,48168
Livingston County,Pinckney,48169
Wayne County,Plymouth,48170
Wayne County,Rockwood,48173
Wayne County,Romulus,48174
Washtenaw County,Salem,48175
Washtenaw County,Saline,48176
Monroe County,Samaria,48177
Oakland County,South Lyon,48178
Monroe County,South Rockwood,48179
Wayne County,Taylor,48180
Monroe County,Temperance,48182
Wayne County,Trenton,48183
Wayne County,Wayne,48184
Wayne County,Westland,48185
Wayne County,Westland,48186
Wayne County,Canton,48187
Wayne County,Canton,48188
Washtenaw County,Whitmore Lake,48189
Washtenaw County,Whittaker,48190
Washtenaw County,Willis,48191
Wayne County,Wyandotte,48192
Wayne County,Riverview,48193
Wayne County,Southgate,48195
Washtenaw County,Ypsilanti,48197
Washtenaw County,Ypsilanti,48198
Wayne County,Detroit,48201
Wayne County,Detroit,48202
Wayne County,Highland Park,48203
Wayne County,Detroit,48204
Wayne County,Detroit,48205
Wayne County,Detroit,48206
Wayne County,Detroit,48207
Wayne County,Detroit,48208
Wayne County,Detroit,48209
Wayne County,Detroit,48210
Wayne County,Detroit,48211
Wayne County,Hamtramck,48212
Wayne County,Detroit,48213
Wayne County,Detroit,48214
Wayne County,Detroit,48215
Wayne County,Detroit,48216
Wayne County,Detroit,48217
Wayne County,River Rouge,48218
Wayne County,Detroit,48219
Oakland County,Ferndale,48220
Wayne County,Detroit,48221
Wayne County,Detroit,48222
Wayne County,Detroit,48223
Wayne County,Detroit,48224
Wayne County,Harper Woods,48225
Wayne County,Detroit,48226
Wayne County,Detroit,48227
Wayne County,Detroit,48228
Wayne County,Ecorse,48229
Wayne County,Grosse Pointe,48230
Wayne County,Detroit,48231
Wayne County,Detroit,48232
Wayne County,Detroit,48233
Wayne County,Detroit,48234
Wayne County,Detroit,48235
Wayne County,Grosse Pointe,48236
Oakland County,Oak Park,48237
Wayne County,Detroit,48238
Wayne County,Redford,48239
Wayne County,Redford,48240
Wayne County,Detroit,48242
Wayne County,Detroit,48243
Wayne County,Detroit,48244
Wayne County,Detroit,48255
Wayne County,Detroit,48260
Wayne County,Detroit,48264
Wayne County,Detroit,48265
Wayne County,Detroit,48266
Wayne County,Detroit,48267
Wayne County,Detroit,48268
Wayne County,Detroit,48269
Wayne County,Detroit,48272
Wayne County,Detroit,48275
Wayne County,Detroit,48277
Wayne County,Detroit,48278
Wayne County,Detroit,48279
Wayne County,Detroit,48288
Oakland County,Bloomfield Hills,48301
Oakland County,Bloomfield Hills,48302
Oakland County,Bloomfield Hills,48303
Oakland County,Bloomfield Hills,48304
Oakland County,Rochester,48306
Oakland County,Rochester,48307
Oakland County,Rochester,48308
Oakland County,Rochester,48309
Macomb County,Sterling Heights,48310
Macomb County,Sterling Heights,48311
Macomb County,Sterling Heights,48312
Macomb County,Sterling Heights,48313
Macomb County,Sterling Heights,48314
Macomb County,Utica,48315
Macomb County,Utica,48316
Macomb County,Utica,48317
Macomb County,Utica,48318
Oakland County,Keego Harbor,48320
Oakland County,Auburn Hills,48321
Oakland County,West Bloomfield,48322
Oakland County,West Bloomfield,48323
Oakland County,West Bloomfield,48324
Oakland County,West Bloomfield,48325
Oakland County,Auburn Hills,48326
Oakland County,Waterford,48327
Oakland County,Waterford,48328
Oakland County,Waterford,48329
Oakland County,Drayton Plains,48330
Oakland County,Farmington,48331
Oakland County,Farmington,48332
Oakland County,Farmington,48333
Oakland County,Farmington,48334
Oakland County,Farmington,48335
Oakland County,Farmington,48336
Oakland County,Pontiac,48340
Oakland County,Pontiac,48341
Oakland County,Pontiac,48342
Oakland County,Pontiac,48343
Oakland County,Clarkston,48346
Oakland County,Clarkston,48347
Oakland County,Clarkston,48348
Oakland County,Davisburg,48350
Livingston County,Hartland,48353
Oakland County,Highland,48356
Oakland County,Highland,48357
Oakland County,Lake Orion,48359
Oakland County,Lake Orion,48360
Oakland County,Lake Orion,48361
Oakland County,Lake Orion,48362
Oakland County,Oakland,48363
Oakland County,Lakeville,48366
Oakland County,Leonard,48367
Oakland County,Oxford,48370
Oakland County,Oxford,48371
Oakland County,Novi,48374
Oakland County,Novi,48375
Oakland County,Novi,48376
Oakland County,Novi,48377
Oakland County,Milford,48380
Oakland County,Milford,48381
Oakland County,Commerce Township,48382
Oakland County,White Lake,48383
Oakland County,White Lake,48386
Oakland County,Union Lake,48387
Oakland County,Walled Lake,48390
Oakland County,Walled Lake,48391
Oakland County,Wixom,48393
Macomb County,Warren,48397
Sanilac County,Applegate,48401
Sanilac County,Argyle,48410
Genesee County,Atlas,48411
Lapeer County,Attica,48412
Huron County,Bad Axe,48413
Shiawassee County,Bancroft,48414
Saginaw County,Birch Run,48415
Sanilac County,Brown City,48416
Saginaw County,Burt,48417
Shiawassee County,Byron,48418
Sanilac County,Carsonville,48419
Genesee County,Clio,48420
Lapeer County,Columbiaville,48421
Sanilac County,Croswell,48422
Genesee County,Davison,48423
Sanilac County,Decker,48426
Sanilac County,Deckerville,48427
Lapeer County,Dryden,48428
Shiawassee County,Durand,48429
Genesee County,Fenton,48430
Huron County,Filion,48432
Genesee County,Flushing,48433
Sanilac County,Forestville,48434
Tuscola County,Fostoria,48435
Genesee County,Gaines,48436
Genesee County,Genesee,48437
Genesee County,Goodrich,48438
Genesee County,Grand Blanc,48439
Lapeer County,Hadley,48440
Huron County,Harbor Beach,48441
Oakland County,Holly,48442
Lapeer County,Imlay City,48444
Huron County,Kinde,48445
Lapeer County,Lapeer,48446
Shiawassee County,Lennon,48449
Sanilac County,Lexington,48450
Genesee County,Linden,48451
Sanilac County,Marlette,48453
Sanilac County,Melvin,48454
Lapeer County,Metamora,48455
Sanilac County,Minden City,48456
Genesee County,Montrose,48457
Genesee County,Mount Morris,48458
Shiawassee County,New Lothrop,48460
Lapeer County,North Branch,48461
Oakland County,Ortonville,48462
Genesee County,Otisville,48463
Lapeer County,Otter Lake,48464
Sanilac County,Palms,48465
Sanilac County,Peck,48466
Huron County,Port Austin,48467
Huron County,Port Hope,48468
Sanilac County,Port Sanilac,48469
Huron County,Ruth,48470
Sanilac County,Sandusky,48471
Sanilac County,Snover,48472
Genesee County,Swartz Creek,48473
Huron County,Ubly,48475
Shiawassee County,Vernon,48476
Genesee County,Grand Blanc,48480
Genesee County,Flint,48501
Genesee County,Flint,48502
Genesee County,Flint,48503
Genesee County,Flint,48504
Genesee County,Flint,48505
Genesee County,Flint,48506
Genesee County,Flint,48507
Genesee County,Burton,48509
Genesee County,Burton,48519
Genesee County,Burton,48529
Genesee County,Flint,48531
Genesee County,Flint,48532
Genesee County,Flint,48550
Genesee County,Flint,48551
Genesee County,Flint,48552
Genesee County,Flint,48553
Genesee County,Flint,48554
Genesee County,Flint,48555
Genesee County,Flint,48556
Genesee County,Flint,48557
Genesee County,Flint,48559
Saginaw County,Saginaw,48601
Saginaw County,Saginaw,48602
Saginaw County,Saginaw,48603
Saginaw County,Saginaw,48604
Saginaw County,Saginaw,48605
Saginaw County,Saginaw,48606
Saginaw County,Saginaw,48607
Saginaw County,Saginaw,48608
Saginaw County,Saginaw,48609
Arenac County,Alger,48610
Bay County,Auburn,48611
Gladwin County,Beaverton,48612
Bay County,Bentley,48613
Saginaw County,Brant,48614
Gratiot County,Breckenridge,48615
Saginaw County,Chesaning,48616
Clare County,Clare,48617
Midland County,Coleman,48618
Oscoda County,Comins,48619
Midland County,Edenville,48620
Oscoda County,Fairview,48621
Clare County,Farwell,48622
Saginaw County,Freeland,48623
Gladwin County,Gladwin,48624
Clare County,Harrison,48625
Saginaw County,Hemlock,48626
Roscommon County,Higgins Lake,48627
Midland County,Hope,48628
Roscommon County,Houghton Lake,48629
Roscommon County,Houghton Lake Heights,48630
Bay County,Kawkawlin,48631
Clare County,Lake,48632
Clare County,Lake George,48633
Bay County,Linwood,48634
Ogemaw County,Lupton,48635
Oscoda County,Luzerne,48636
Saginaw County,Merrill,48637
Saginaw County,Saginaw,48638
Midland County,Midland,48640
Midland County,Midland,48641
Midland County,Midland,48642
Oscoda County,Mio,48647
Saginaw County,Oakley,48649
Bay County,Pinconning,48650
Roscommon County,Prudenville,48651
Gladwin County,Rhodes,48652
Roscommon County,Roscommon,48653
Ogemaw County,Rose City,48654
Saginaw County,Saint Charles,48655
Roscommon County,Saint Helen,48656
Midland County,Sanford,48657
Arenac County,Standish,48658
Arenac County,Sterling,48659
Ogemaw County,West Branch,48661
Gratiot County,Wheeler,48662
Saginaw County,Saginaw,48663
Midland County,Midland,48667
Midland County,Midland,48670
Midland County,Midland,48674
Midland County,Midland,48686
Tuscola County,Akron,48701
Arenac County,Au Gres,48703
Alcona County,Barton City,48705
Bay County,Bay City,48706
Bay County,Bay City,48707
Bay County,Bay City,48708
Saginaw County,University Center,48710
Huron County,Bay Port,48720
Alcona County,Black River,48721
Saginaw County,Bridgeport,48722
Tuscola County,Caro,48723
Saginaw County,Carrollton,48724
Huron County,Caseville,48725
Tuscola County,Cass City,48726
Lapeer County,Clifford,48727
Alcona County,Curran,48728
Tuscola County,Deford,48729
Iosco County,East Tawas,48730
Huron County,Elkton,48731
Bay County,Essexville,48732
Tuscola County,Fairgrove,48733
Saginaw County,Frankenmuth,48734
Tuscola County,Gagetown,48735
Tuscola County,Gilford,48736
Alcona County,Glennie,48737
Alcona County,Greenbush,48738
Iosco County,Hale,48739
Alcona County,Harrisville,48740
Tuscola County,Kingston,48741
Alcona County,Lincoln,48742
Iosco County,Long Lake,48743
Tuscola County,Mayville,48744
Alcona County,Mikado,48745
Tuscola County,Millington,48746
Bay County,Munger,48747
Iosco County,National City,48748
Arenac County,Omer,48749
Iosco County,Oscoda,48750
Huron County,Owendale,48754
Huron County,Pigeon,48755
Ogemaw County,Prescott,48756
Tuscola County,Reese,48757
Tuscola County,Richville,48758
Huron County,Sebewaing,48759
Tuscola County,Silverwood,48760
Alcona County,South Branch,48761
Alcona County,Spruce,48762
Iosco County,Tawas City,48763
Iosco County,Tawas City,48764
Arenac County,Turner,48765
Arenac County,Twining,48766
Tuscola County,Unionville,48767
Tuscola County,Vassar,48768
Tuscola County,Vassar,48769
Iosco County,Whittemore,48770
Saginaw County,Frankenmuth,48787
Gratiot County,Alma,48801
Gratiot County,Alma,48802
Isabella County,Mount Pleasant,48804
Ingham County,Okemos,48805
Gratiot County,Ashley,48806
Gratiot County,Bannister,48807
Clinton County,Bath,48808
Ionia County,Belding,48809
Montcalm County,Carson City,48811
Montcalm County,Cedar Lake,48812
Eaton County,Charlotte,48813
Ionia County,Clarksville,48815
Livingston County,Cohoctah,48816
Shiawassee County,Corunna,48817
Montcalm County,Crystal,48818
Ingham County,Dansville,48819
Clinton County,Dewitt,48820
Eaton County,Dimondale,48821
Clinton County,Eagle,48822
Ingham County,East Lansing,48823
Ingham County,East Lansing,48824
Ingham County,East Lansing,48825
Ingham County,East Lansing,48826
Eaton County,Eaton Rapids,48827
Montcalm County,Edmore,48829
Gratiot County,Elm Hall,48830
Clinton County,Elsie,48831
Gratiot County,Elwell,48832
Clinton County,Eureka,48833
Montcalm County,Fenwick,48834
Clinton County,Fowler,48835
Livingston County,Fowlerville,48836
Eaton County,Grand Ledge,48837
Montcalm County,Greenville,48838
Ingham County,Haslett,48840
Shiawassee County,Henderson,48841
Ingham County,Holt,48842
Livingston County,Howell,48843
Livingston County,Howell,48844
Ionia County,Hubbardston,48845
Ionia County,Ionia,48846
Gratiot County,Ithaca,48847
Shiawassee County,Laingsburg,48848
Ionia County,Lake Odessa,48849
Montcalm County,Lakeview,48850
Ionia County,Lyons,48851
Montcalm County,Mcbrides,48852
Clinton County,Maple Rapids,48853
Ingham County,Mason,48854
Livingston County,Howell,48855
Gratiot County,Middleton,48856
Shiawassee County,Morrice,48857
Isabella County,Mount Pleasant,48858
Isabella County,Mount Pleasant,48859
Ionia County,Muir,48860
Eaton County,Mulliken,48861
Gratiot County,North Star,48862
Livingston County,Howell,48863
Ingham County,Okemos,48864
Ionia County,Orleans,48865
Clinton County,Ovid,48866
Shiawassee County,Owosso,48867
Ionia County,Palo,48870
Gratiot County,Perrinton,48871
Shiawassee County,Perry,48872
Ionia County,Pewamo,48873
Gratiot County,Pompeii,48874
Ionia County,Portland,48875
Eaton County,Potterville,48876
Gratiot County,Riverdale,48877
Isabella County,Rosebush,48878
Clinton County,Saint Johns,48879
Gratiot County,Saint Louis,48880
Ionia County,Saranac,48881
Shiawassee County,Shaftsburg,48882
Isabella County,Shepherd,48883
Montcalm County,Sheridan,48884
Montcalm County,Sidney,48885
Montcalm County,Six Lakes,48886
Ionia County,Smyrna,48887
Montcalm County,Stanton,48888
Gratiot County,Sumner,48889
Eaton County,Sunfield,48890
Montcalm County,Vestaburg,48891
Ingham County,Webberville,48892
Isabella County,Weidman,48893
Clinton County,Westphalia,48894
Ingham County,Williamston,48895
Isabella County,Winn,48896
Barry County,Woodland,48897
Ingham County,Lansing,48901
Ingham County,Lansing,48906
Ingham County,Lansing,48908
Ingham County,Lansing,48909
Ingham County,Lansing,48910
Ingham County,Lansing,48911
Ingham County,Lansing,48912
Ingham County,Lansing,48913
Ingham County,Lansing,48915
Ingham County,Lansing,48916
Eaton County,Lansing,48917
Ingham County,Lansing,48918
Ingham County,Lansing,48919
Ingham County,Lansing,48921
Ingham County,Lansing,48922
Ingham County,Lansing,48924
Ingham County,Lansing,48929
Ingham County,Lansing,48930
Ingham County,Lansing,48933
Ingham County,Lansing,48937
Ingham County,Lansing,48950
Ingham County,Lansing,48951
Ingham County,Lansing,48956
Ingham County,Lansing,48980
Kalamazoo County,Kalamazoo,49001
Kalamazoo County,Portage,49002
Kalamazoo County,Kalamazoo,49003
Kalamazoo County,Kalamazoo,49004
Kalamazoo County,Kalamazoo,49005
Kalamazoo County,Kalamazoo,49006
Kalamazoo County,Kalamazoo,49007
Kalamazoo County,Kalamazoo,49008
Kalamazoo County,Kalamazoo,49009
Allegan County,Allegan,49010
Calhoun County,Athens,49011
Kalamazoo County,Augusta,49012
Van Buren County,Bangor,49013
Calhoun County,Battle Creek,49014
Calhoun County,Battle Creek,49015
Calhoun County,Battle Creek,49016
Calhoun County,Battle Creek,49017
Calhoun County,Battle Creek,49018
Kalamazoo County,Kalamazoo,49019
Calhoun County,Bedford,49020
Eaton County,Bellevue,49021
Berrien County,Benton Harbor,49022
Berrien County,Benton Harbor,49023
Kalamazoo County,Portage,49024
Van Buren County,Bloomingdale,49026
Van Buren County,Breedsville,49027
Branch County,Bronson,49028
Calhoun County,Burlington,49029
St Joseph County,Burr Oak,49030
Cass County,Cassopolis,49031
St Joseph County,Centreville,49032
Calhoun County,Ceresco,49033
Kalamazoo County,Climax,49034
Barry County,Cloverdale,49035
Branch County,Coldwater,49036
Calhoun County,Battle Creek,49037
Berrien County,Coloma,49038
Berrien County,Hagar Shores,49039
St Joseph County,Colon,49040
Kalamazoo County,Comstock,49041
St Joseph County,Constantine,49042
Van Buren County,Covert,49043
Van Buren County,Decatur,49045
Barry County,Delton,49046
Cass County,Dowagiac,49047
Kalamazoo County,Kalamazoo,49048
Barry County,Dowling,49050
Calhoun County,East Leroy,49051
Kalamazoo County,Fulton,49052
Kalamazoo County,Galesburg,49053
Van Buren County,Gobles,49055
Van Buren County,Grand Junction,49056
Van Buren County,Hartford,49057
Barry County,Hastings,49058
Barry County,Hickory Corners,49060
Cass County,Jones,49061
Van Buren County,Kendall,49062
Van Buren County,Lacota,49063
Van Buren County,Lawrence,49064
Van Buren County,Lawton,49065
St Joseph County,Leonidas,49066
Cass County,Marcellus,49067
Calhoun County,Marshall,49068
Calhoun County,Marshall,49069
Allegan County,Martin,49070
Van Buren County,Mattawan,49071
St Joseph County,Mendon,49072
Barry County,Nashville,49073
Kalamazoo County,Nazareth,49074
St Joseph County,Nottawa,49075
Eaton County,Olivet,49076
Kalamazoo County,Oshtemo,49077
Allegan County,Otsego,49078
Van Buren County,Paw Paw,49079
Allegan County,Plainwell,49080
Kalamazoo County,Portage,49081
Branch County,Quincy,49082
Kalamazoo County,Richland,49083
Berrien County,Riverside,49084
Berrien County,Saint Joseph,49085
Kalamazoo County,Schoolcraft,49087
Kalamazoo County,Scotts,49088
Branch County,Sherwood,49089
Van Buren County,South Haven,49090
St Joseph County,Sturgis,49091
Calhoun County,Tekonsha,49092
St Joseph County,Three Rivers,49093
Branch County,Union City,49094
Cass County,Vandalia,49095
Eaton County,Vermontville,49096
Kalamazoo County,Vicksburg,49097
Berrien County,Watervliet,49098
St Joseph County,White Pigeon,49099
Berrien County,Baroda,49101
Berrien County,Berrien Center,49102
Berrien County,Berrien Springs,49103
Berrien County,Berrien Springs,49104
Berrien County,Bridgman,49106
Berrien County,Buchanan,49107
Berrien County,Eau Claire,49111
Cass County,Edwardsburg,49112
Berrien County,Galien,49113
Berrien County,Harbert,49115
Berrien County,Lakeside,49116
Berrien County,New Buffalo,49117
Berrien County,New Troy,49119
Berrien County,Niles,49120
Berrien County,Niles,49121
Berrien County,Sawyer,49125
Berrien County,Sodus,49126
Berrien County,Stevensville,49127
Berrien County,Three Oaks,49128
Berrien County,Union Pier,49129
Cass County,Union,49130
Jackson County,Jackson,49201
Jackson County,Jackson,49202
Jackson County,Jackson,49203
Jackson County,Jackson,49204
Lenawee County,Addison,49220
Lenawee County,Adrian,49221
Calhoun County,Albion,49224
Hillsdale County,Allen,49227
Lenawee County,Blissfield,49228
Lenawee County,Britton,49229
Jackson County,Brooklyn,49230
Hillsdale County,Camden,49232
Hillsdale County,Cement City,49233
Jackson County,Clarklake,49234
Lenawee County,Clayton,49235
Lenawee County,Clinton,49236
Jackson County,Concord,49237
Lenawee County,Deerfield,49238
Hillsdale County,Frontier,49239
Jackson County,Grass Lake,49240
Jackson County,Hanover,49241
Hillsdale County,Hillsdale,49242
Calhoun County,Homer,49245
Jackson County,Horton,49246
Lenawee County,Hudson,49247
Lenawee County,Jasper,49248
Hillsdale County,Jerome,49249
Hillsdale County,Jonesville,49250
Ingham County,Leslie,49251
Hillsdale County,Litchfield,49252
Lenawee County,Manitou Beach,49253
Jackson County,Michigan Center,49254
Branch County,Montgomery,49255
Lenawee County,Morenci,49256
Hillsdale County,Moscow,49257
Hillsdale County,Mosherville,49258
Jackson County,Munith,49259
Jackson County,Napoleon,49261
Hillsdale County,North Adams,49262
Jackson County,Norvell,49263
Ingham County,Onondaga,49264
Lenawee County,Onsted,49265
Hillsdale County,Osseo,49266
Monroe County,Ottawa Lake,49267
Lenawee County,Palmyra,49268
Jackson County,Parma,49269
Monroe County,Petersburg,49270
Hillsdale County,Pittsford,49271
Jackson County,Pleasant Lake,49272
Hillsdale County,Reading,49274
Lenawee County,Riga,49276
Jackson County,Rives Junction,49277
Lenawee County,Sand Creek,49279
Hillsdale County,Somerset,49281
Hillsdale County,Somerset Center,49282
Jackson County,Spring Arbor,49283
Jackson County,Springport,49284
Ingham County,Stockbridge,49285
Lenawee County,Tecumseh,49286
Lenawee County,Tipton,49287
Hillsdale County,Waldron,49288
Lenawee County,Weston,49289
Kent County,Ada,49301
Kent County,Alto,49302
Muskegon County,Bailey,49303
Lake County,Baldwin,49304
Mecosta County,Barryton,49305
Kent County,Belmont,49306
Mecosta County,Big Rapids,49307
Newaygo County,Bitely,49309
Isabella County,Blanchard,49310
Allegan County,Bradley,49311
Newaygo County,Brohman,49312
Allegan County,Burnips,49314
Kent County,Byron Center,49315
Kent County,Caledonia,49316
Kent County,Cannonsburg,49317
Muskegon County,Casnovia,49318
Kent County,Cedar Springs,49319
Mecosta County,Chippewa Lake,49320
Kent County,Comstock Park,49321
Montcalm County,Coral,49322
Allegan County,Dorr,49323
Barry County,Freeport,49325
Kent County,Gowen,49326
Newaygo County,Grant,49327
Allegan County,Hopkins,49328
Montcalm County,Howard City,49329
Kent County,Kent City,49330
Kent County,Lowell,49331
Mecosta County,Mecosta,49332
Barry County,Middleville,49333
Allegan County,Moline,49335
Mecosta County,Morley,49336
Newaygo County,Newaygo,49337
Newaygo County,Paris,49338
Montcalm County,Pierson,49339
Mecosta County,Remus,49340
Kent County,Rockford,49341
Mecosta County,Rodney,49342
Kent County,Sand Lake,49343
Allegan County,Shelbyville,49344
Kent County,Sparta,49345
Mecosta County,Stanwood,49346
Montcalm County,Trufant,49347
Allegan County,Wayland,49348
Newaygo County,White Cloud,49349
Kent County,Rockford,49351
Kent County,Ada,49355
Kent County,Ada,49356
Kent County,Ada,49357
Ottawa County,Allendale,49401
Mason County,Branch,49402
Ottawa County,Conklin,49403
Ottawa County,Coopersville,49404
Mason County,Custer,49405
Allegan County,Douglas,49406
Allegan County,Fennville,49408
Ottawa County,Ferrysburg,49409
Mason County,Fountain,49410
Mason County,Free Soil,49411
Newaygo County,Fremont,49412
Newaygo County,Fremont,49413
Muskegon County,Fruitport,49415
Allegan County,Glenn,49416
Ottawa County,Grand Haven,49417
Kent County,Grandville,49418
Allegan County,Hamilton,49419
Oceana County,Hart,49420
Oceana County,Hesperia,49421
Ottawa County,Holland,49422
Allegan County,Holland,49423
Ottawa County,Holland,49424
Muskegon County,Holton,49425
Ottawa County,Hudsonville,49426
Ottawa County,Jamestown,49427
Ottawa County,Jenison,49428
Ottawa County,Jenison,49429
Ottawa County,Lamont,49430
Mason County,Ludington,49431
Ottawa County,Macatawa,49434
Ottawa County,Marne,49435
Oceana County,Mears,49436
Muskegon County,Montague,49437
Muskegon County,Muskegon,49440
Muskegon County,Muskegon,49441
Muskegon County,Muskegon,49442
Muskegon County,Muskegon,49443
Muskegon County,Muskegon,49444
Muskegon County,Muskegon,49445
Oceana County,New Era,49446
Ottawa County,Nunica,49448
Oceana County,Pentwater,49449
Allegan County,Pullman,49450
Muskegon County,Ravenna,49451
Oceana County,Rothbury,49452
Allegan County,Saugatuck,49453
Mason County,Scottville,49454
Oceana County,Shelby,49455
Ottawa County,Spring Lake,49456
Muskegon County,Twin Lake,49457
Mason County,Walhalla,49458
Oceana County,Walkerville,49459
Ottawa County,West Olive,49460
Muskegon County,Whitehall,49461
Muskegon County,Sylvan Beach,49463
Ottawa County,Zeeland,49464
Kent County,Grandville,49468
Kent County,Grand Rapids,49501
Kent County,Grand Rapids,49502
Kent County,Grand Rapids,49503
Kent County,Grand Rapids,49504
Kent County,Grand Rapids,49505
Kent County,Grand Rapids,49506
Kent County,Grand Rapids,49507
Kent County,Grand Rapids,49508
Kent County,Wyoming,49509
Kent County,Grand Rapids,49510
Kent County,Grand Rapids,49512
Kent County,Grand Rapids,49514
Kent County,Grand Rapids,49515
Kent County,Grand Rapids,49516
Kent County,Grand Rapids,49518
Kent County,Wyoming,49519
Kent County,Grand Rapids,49523
Kent County,Grand Rapids,49525
Kent County,Grand Rapids,49528
Kent County,Grand Rapids,49530
Kent County,Grand Rapids,49534
Kent County,Grand Rapids,49544
Kent County,Grand Rapids,49546
Kent County,Grand Rapids,49548
Kent County,Grand Rapids,49550
Kent County,Grand Rapids,49555
Kent County,Grand Rapids,49560
Kent County,Grand Rapids,49588
Kent County,Grand Rapids,49599
Wexford County,Cadillac,49601
Grand Traverse County,Acme,49610
Antrim County,Alba,49611
Antrim County,Alden,49612
Manistee County,Arcadia,49613
Manistee County,Bear Lake,49614
Antrim County,Bellaire,49615
Benzie County,Benzonia,49616
Benzie County,Beulah,49617
Wexford County,Boon,49618
Manistee County,Brethren,49619
Grand Traverse County,Buckley,49620
Leelanau County,Cedar,49621
Antrim County,Central Lake,49622
Lake County,Chase,49623
Manistee County,Copemish,49625
Manistee County,Eastlake,49626
Antrim County,Eastport,49627
Benzie County,Elberta,49628
Antrim County,Elk Rapids,49629
Leelanau County,Empire,49630
Osceola County,Evart,49631
Missaukee County,Falmouth,49632
Kalkaska County,Fife Lake,49633
Manistee County,Filer City,49634
Benzie County,Frankfort,49635
Leelanau County,Glen Arbor,49636
Grand Traverse County,Grawn,49637
Wexford County,Harrietta,49638
Osceola County,Hersey,49639
Benzie County,Honor,49640
Lake County,Idlewild,49642
Grand Traverse County,Interlochen,49643
Lake County,Irons,49644
Manistee County,Kaleva,49645
Kalkaska County,Kalkaska,49646
Antrim County,Kewadin,49648
Grand Traverse County,Kingsley,49649
Benzie County,Lake Ann,49650
Missaukee County,Lake City,49651
Leelanau County,Lake Leelanau,49653
Leelanau County,Leland,49654
Osceola County,Leroy,49655
Lake County,Luther,49656
Missaukee County,Mc Bain,49657
Antrim County,Mancelona,49659
Manistee County,Manistee,49660
Wexford County,Manton,49663
Leelanau County,Maple City,49664
Clare County,Marion,49665
Grand Traverse County,Mayfield,49666
Missaukee County,Merritt,49667
Wexford County,Mesick,49668
Leelanau County,Northport,49670
Grand Traverse County,Old Mission,49673
Leelanau County,Omena,49674
Manistee County,Onekama,49675
Kalkaska County,Rapid City,49676
Osceola County,Reed City,49677
Osceola County,Sears,49679
Kalkaska County,South Boardman,49680
Leelanau County,Suttons Bay,49682
Benzie County,Thompsonville,49683
Grand Traverse County,Traverse City,49684
Grand Traverse County,Traverse City,49685
Grand Traverse County,Traverse City,49686
Osceola County,Tustin,49688
Manistee County,Wellston,49689
Grand Traverse County,Williamsburg,49690
Grand Traverse County,Traverse City,49696
Emmet County,Mackinaw City,49701
Cheboygan County,Afton,49705
Emmet County,Alanson,49706
Alpena County,Alpena,49707
Montmorency County,Atlanta,49709
Chippewa County,Barbeau,49710
Charlevoix County,Bay Shore,49711
Charlevoix County,Boyne City,49712
Charlevoix County,Boyne Falls,49713
Chippewa County,Brimley,49715
Cheboygan County,Brutus,49716
Cheboygan County,Burt Lake,49717
Emmet County,Carp Lake,49718
Mackinac County,Cedarville,49719
Charlevoix County,Charlevoix,49720
Cheboygan County,Cheboygan,49721
Emmet County,Conway,49722
Emmet County,Cross Village,49723
Chippewa County,Dafter,49724
Chippewa County,De Tour Village,49725
Chippewa County,Drummond Island,49726
Charlevoix County,East Jordan,49727
Chippewa County,Eckerman,49728
Antrim County,Ellsworth,49729
Antrim County,Elmira,49730
Crawford County,Frederic,49733
Otsego County,Gaylord,49734
Otsego County,Gaylord,49735
Chippewa County,Goetzville,49736
Emmet County,Good Hart,49737
Crawford County,Grayling,49738
Crawford County,Grayling,49739
Emmet County,Harbor Springs,49740
Presque Isle County,Hawks,49743
Alpena County,Herron,49744
Mackinac County,Hessel,49745
Montmorency County,Hillman,49746
Alcona County,Hubbard Lake,49747
Chippewa County,Hulbert,49748
Cheboygan County,Indian River,49749
Otsego County,Johannesburg,49751
Chippewa County,Kinross,49752
Alpena County,Lachine,49753
Emmet County,Levering,49755
Oscoda County,Lewiston,49756
Mackinac County,Mackinac Island,49757
Presque Isle County,Millersburg,49759
Mackinac County,Moran,49760
Cheboygan County,Mullett Lake,49761
Mackinac County,Naubinway,49762
Emmet County,Oden,49764
Presque Isle County,Onaway,49765
Alpena County,Ossineke,49766
Chippewa County,Paradise,49768
Emmet County,Pellston,49769
Emmet County,Petoskey,49770
Chippewa County,Pickford,49774
Mackinac County,Pointe Aux Pins,49775
Presque Isle County,Posen,49776
Presque Isle County,Presque Isle,49777
Presque Isle County,Rogers City,49779
Chippewa County,Rudyard,49780
Mackinac County,Saint Ignace,49781
Charlevoix County,Beaver Island,49782
Chippewa County,Sault Sainte Marie,49783
Chippewa County,Kincheloe,49784
Chippewa County,Kincheloe,49785
Chippewa County,Kincheloe,49786
Chippewa County,Kincheloe,49788
Chippewa County,Eckerman,49790
Cheboygan County,Topinabee,49791
Cheboygan County,Tower,49792
Chippewa County,Trout Lake,49793
Otsego County,Vanderbilt,49795
Charlevoix County,Walloon Lake,49796
Otsego County,Waters,49797
Cheboygan County,Wolverine,49799
Dickinson County,Iron Mountain,49801
Dickinson County,Kingsford,49802
Keweenaw County,Allouez,49805
Alger County,Au Train,49806
Delta County,Bark River,49807
Marquette County,Big Bay,49808
Menominee County,Carney,49812
Marquette County,Champion,49814
Dickinson County,Channing,49815
Alger County,Chatham,49816
Delta County,Cooks,49817
Delta County,Cornell,49818
Marquette County,Arnold,49819
Mackinac County,Curtis,49820
Menominee County,Daggett,49821
Alger County,Deerton,49822
Alger County,Eben Junction,49825
Alger County,Rumely,49826
Mackinac County,Engadine,49827
Delta County,Escanaba,49829
Dickinson County,Felch,49831
Marquette County,Little Lake,49833
Dickinson County,Foster City,49834
Delta County,Garden,49835
Schoolcraft County,Germfask,49836
Delta County,Gladstone,49837
Mackinac County,Gould City,49838
Alger County,Grand Marais,49839
Schoolcraft County,Gulliver,49840
Marquette County,Gwinn,49841
Menominee County,Harris,49845
Menominee County,Hermansville,49847
Menominee County,Ingalls,49848
Marquette County,Ishpeming,49849
Dickinson County,Loretto,49852
Luce County,Mc Millan,49853
Schoolcraft County,Manistique,49854
Marquette County,Marquette,49855
Menominee County,Menominee,49858
Baraga County,Michigamme,49861
Alger County,Munising,49862
Menominee County,Nadeau,49863
Delta County,Nahma,49864
Marquette County,National Mine,49865
Marquette County,Negaunee,49866
Luce County,Newberry,49868
Dickinson County,Norway,49870
Marquette County,Palmer,49871
Delta County,Perkins,49872
Menominee County,Perronville,49873
Menominee County,Powers,49874
Dickinson County,Quinnesec,49876
Dickinson County,Ralph,49877
Delta County,Rapid River,49878
Marquette County,Republic,49879
Delta County,Rock,49880
Dickinson County,Sagola,49881
Schoolcraft County,Seney,49883
Alger County,Shingleton,49884
Marquette County,Skandia,49885
Menominee County,Spalding,49886
Menominee County,Stephenson,49887
Alger County,Trenary,49891
Dickinson County,Vulcan,49892
Menominee County,Wallace,49893
Delta County,Wells,49894
Alger County,Wetmore,49895
Menominee County,Wilson,49896
Keweenaw County,Ahmeek,49901
Iron County,Alpha,49902
Iron County,Amasa,49903
Houghton County,Atlantic Mine,49905
Baraga County,Baraga,49908
Ontonagon County,Bergland,49910
Gogebic County,Bessemer,49911
Ontonagon County,Bruce Crossing,49912
Houghton County,Calumet,49913
Iron County,Caspian,49915
Houghton County,Chassell,49916
Houghton County,Copper City,49917
Keweenaw County,Copper Harbor,49918
Baraga County,Covington,49919
Iron County,Crystal Falls,49920
Houghton County,Dodgeville,49921
Houghton County,Dollar Bay,49922
Ontonagon County,Ewen,49925
Iron County,Gaastra,49927
Ontonagon County,Greenland,49929
Houghton County,Hancock,49930
Houghton County,Houghton,49931
Houghton County,Hubbell,49934
Iron County,Iron River,49935
Gogebic County,Ironwood,49938
Houghton County,Kearsarge,49942
Houghton County,Lake Linden,49945
Baraga County,Lanse,49946
Gogebic County,Marenisco,49947
Ontonagon County,Mass City,49948
Keweenaw County,Mohawk,49950
Houghton County,Nisula,49952
Ontonagon County,Ontonagon,49953
Houghton County,Painesdale,49955
Baraga County,Pelkie,49958
Gogebic County,Ramsay,49959
Ontonagon County,Rockland,49960
Houghton County,Sidnaw,49961
Baraga County,Skanee,49962
Houghton County,South Range,49963
Iron County,Stambaugh,49964
Houghton County,Toivola,49965
Houghton County,Trout Creek,49967
Gogebic County,Wakefield,49968
Gogebic County,Watersmeet,49969
Baraga County,Watton,49970
Ontonagon County,White Pine,49971
