County,City,ZIP Code
Norman,Ada,56510
Mower,Adams,55909
Nobles,Adrian,56110
Washington,Afton,55001
Cass,Ah-Gwah-Ching,56430
Aitkin,Aitkin,56431
Hubbard,Akeley,56433
Stearns,Albany,56307
Freeborn,Albert Lea,56007
Stevens,Alberta,56207
Wright,Albertville,55301
St. Louis,Alborn,55702
Freeborn,Alden,56009
Wadena,Aldrich,56434
Douglas,Alexandria,56308
Jackson,Alpha,56111
Winona,Altura,55910
Marshall,Alvarado,56710
Itasca,Alvwood,56630
Blue Earth,Amboy,56010
Lyon,Amiret,56175
Anoka,Andover,55303
Anoka,Andover,55304
Wright,Annandale,55302
Anoka,Anoka,55303
Anoka,Anoka,55304
Dakota,Apple Valley,55124
Swift,Appleton,56208
Dakota,Apple Valley,55124
Hubbard,Arago,56470
Lincoln,Arco,56113
Ramsey,Arden Hills,55112
Ramsey,Arden Hills,55126
Marshall,Argyle,56713
Sibley,Arlington,55307
Grant,Ashby,56309
Pine,Askov,55704
Carlton,Atkinson,55718
Kandiyohi,Atwater,56209
Becker,Audubon,56511
St. Louis,Aurora,55705
Mower,Austin,55912
Clay,Averill,56547
Murray,Avoca,56114
Stearns,Avon,56310
St. Louis,Babbitt,55706
Cass,Backus,56435
Roseau,Badger,56714
Clearwater,Bagley,56621
Clay,Baker,56580
Lyon,Balaton,56115
Clay,Barnesville,56514
Carlton,Barnum,55707
Grant,Barrett,56311
Big Stone,Barry,56210
Otter Tail,Battle Lake,56515
Lake Of Woods,Baudette,56623
Crow Wing,Baxter,56401
Washington,Bayport,55003
Big Stone,Beardsley,56211
Mahnomen,Beaulieu,56557
Lake,Beaver Bay,55601
Rock,Beaver Creek,56116
Hubbard,Becida,56678
Sherburne,Becker,55308
Mahnomen,Bejou,56516
Stearns,Belgrade,56312
Scott,Belle Plaine,56011
Morrison,Belle Prairie,56345
Goodhue,Bellechester,55027
Lac Qui Parle,Bellingham,56212
Polk,Beltrami,56517
Redwood,Belview,56214
Beltrami,Bemidji,56601
Cass,Bena,56626
Swift,Benson,56215
Pine,Beroun,55063
Anoka,Bertha,56437
Anoka,Bethel,55005
Hennepin,Bible College,55375
Koochiching,Big Falls,56627
Sherburne,Big Lake,55309
Nobles,Bigelow,56117
Itasca,Bigfork,56628
Cottonwood,Bingham Lake,56118
Koochiching,Birchdale,56629
Ramsey,Birchwood,55110
Renville,Bird Island,55310
Mcleod,Biscay,55336
St. Louis,Biwabik,55708
Beltrami,Blackduck,56630
Anoka,Blaine,55014
Anoka,Blaine,55434
Anoka,Blaine,55449
Kandiyohi,Blomkest,56216
Steele,Blooming Prairie,55917
Hennepin,Bloomington,55420
Hennepin,Bloomington,55425
Hennepin,Bloomington,55431
Hennepin,Bloomington,55435
Hennepin,Bloomington,55437
Hennepin,Bloomington,55438
Hennepin,Bloomington,55439
Faribault,Blue Earth,56013
Otter Tail,Bluffton,56518
Mille Lacs,Bock,56313
Carver,Bongards,55368
Norman,Borup,56519
Itasca,Bovey,55709
Morrison,Bowlus,56314
Itasca,Bowstring,56631
Cass,Boy River,56632
Lac Qui Parle,Boyd,56218
Isanti,Braham,55006
Crow Wing,Brainerd,56401
Douglas,Brandon,56315
Wilkin,Breckenridge,56520
Crow Wing,Breezy Point,56472
Nobles,Brewster,56119
Faribault,Bricelyn,56014
St. Louis,Brimson,55602
Pine,Brook Park,55007
Hennepin,Brooklyn Center,55428
Hennepin,Brooklyn Center,55429
Hennepin,Brooklyn Center,55430
Hennepin,Brooklyn Center,55443
Hennepin,Brooklyn Center,55444
Hennepin,Brooklyn Park,55428
Hennepin,Brooklyn Park,55429
Hennepin,Brooklyn Park,55443
Hennepin,Brooklyn Park,55444
Hennepin,Brooklyn Park,55445
Red Lake,Brooks,56715
St. Louis,Brookston,55711
Stearns,Brooten,56316
Todd,Browerville,56438
Traverse,Browns Valley,56219
Mower,Brownsdale,55918
Houston,Brownsville,55919
Mcleod,Brownton,55312
Pine,Bruno,55712
Morrison,Buckman,56317
Wright,Buffalo,55313
Renville,Buffalo Lake,55314
St. Louis,Buhl,55713
Dakota,Burnsville,55306
Dakota,Burnsville,55337
Todd,Burtrum,56318
Watonwan,Butterfield,56120
St. Louis,Buyck,55771
Olmsted,Byron,55920
Houston,Caledonia,55921
Becker,Callaway,56521
Itasca,Calumet,55716
Isanti,Cambridge,55008
Wilkin,Campbell,56522
Wilkin,Campbell,56583
Yellow Medicine,Canby,56220
Goodhue,Cannon Falls,55009
Fillmore,Canton,55922
St. Louis,Canyon,55717
Otter Tail,Carlisle,56537
Douglas,Carlos,56319
Carlton,Carlton,55718
Carver,Carver,55315
Cass,Cass Lake,56633
Dakota,Castle Rock,55010
Anoka,Cedar,55011
Mcleod,Cedar Mills,55350
Chisago,Center City,55002
Chisago,Center City,55012
Washington,Centerville,55038
Martin,Ceylon,56121
Hennepin,Champlin,55316
Murray,Chandler,56122
Carver,Chanhassen,55317
Carver,Chaska,55318
Fillmore,Chatfield,55923
Cass,Chickamaw Beach,56474
Chisago,Chisago City,55013
St. Louis,Chisholm,55719
Stevens,Chokio,56221
Anoka,Circle Pines,55014
Chippewa,Clara City,56222
Dodge,Claremont,55924
Todd,Clarissa,56440
Yellow Medicine,Clarkfield,56223
Freeborn,Clarks Grove,56016
Sherburne,Clear Lake,55319
Clearwater,Clearbrook,56634
Wright,Clearwater,55320
Redwood,Clements,56224
Lake Of Woods,Clementson,56623
Lesueur,Cleveland,56017
Polk,Climax,56523
Big Stone,Clinton,56225
Otter Tail,Clitherall,56524
Swift,Clontarf,56226
Carlton,Cloquet,55720
Pine,Cloverton,55048
Brown,Cobden,56085
Itasca,Cohasset,55721
Wright,Cokato,55321
Wright,Cold Spring,56320
Itasca,Coleraine,55722
Stearns,Collegeville,56321
Carver,Cologne,55322
Anoka,Columbia Heights,55421
Anoka,Columbus,55025
Brown,Comfrey,56019
Clay,Comstock,56525
Freeborn,Conger,56020
St. Louis,Cook,55723
Anoka,Coon Rapids,55433
Anoka,Coon Rapids,55448
Hennepin,Corcoran,55340
Otter Tail,Cormorant,56572
Big Stone,Correll,56227
Meeker,Cosmos,56228
Washington,Cottage Grove,55016
St. Louis,Cotton,55724
Lyon,Cottonwood,56229
Nicollet,Courtland,56021
St. Louis,Crane Lake,55725
Carlton,Cromwell,55726
Polk,Crookston,56716
Crow Wing,Crosby,56441
Crow Wing,Crosslake,56442
Hennepin,Crystal,55422
Hennepin,Crystal,55427
Hennepin,Crystal,55428
Hennepin,Crystal,55429
Hennepin,Crystal Bay,55323
Murray,Culver,55779
Murray,Currie,56123
Morrison,Cushing,56443
Crow Wing,Cuyuna,56444
Pope,Cyrus,56323
Winona,Dakota,55925
Isanti,Dalbo,55017
Clay,Dale,56549
Otter Tail,Dalton,56324
Renville,Danube,56230
Swift,Danvers,56231
Watonwan,Darfur,56022
Meeker,Darwin,55324
Meeker,Dassel,55325
Lac Qui Parle,Dawson,56232
Hennepin,Dayton,55327
Hennepin,Dayton,55369
Swift,De Graff,56271
Hennepin,Deephaven,55331
Hennepin,Deephaven,55391
Otter Tail,Deer Creek,56527
Itasca,Deer River,56636
Crow Wing,Deerwood,56444
Wright,Delano,55328
Faribault,Delavan,56023
Cottonwood,Delft,56101
Redwood,Delhi,56283
Ramsey,Delwood,55110
Pine,Denham,55795
Goodhue,Dennison,55018
Otter Tail,Dent,56528
Becker,Detroit Lakes,56501
Becker,Detroit Lakes,56502
Mower,Dexter,55926
Clay,Dilworth,56529
Dodge,Dodge Center,55927
Kittson,Donaldson,56720
Stevens,Donnelly,56235
Itasca,Dora Lake,56661
Wilkin,Doran,56522
Hubbard,Dorset,56470
Olmsted,Douglas,55960
Olmsted,Dover,55929
Murray,Dovray,56125
Clay,Downer,56514
Winona,Dresbach,55947
St. Louis,Duluth,55701
St. Louis,Duluth,55801
St. Louis,Duluth,55802
St. Louis,Duluth,55803
St. Louis,Duluth,55804
St. Louis,Duluth,55805
St. Louis,Duluth,55806
St. Louis,Duluth,55807
St. Louis,Duluth,55808
St. Louis,Duluth,55809
St. Louis,Duluth,55810
St. Louis,Duluth,55811
St. Louis,Duluth,55812
St. Louis,Duluth,55813
St. Louis,Duluth,55814
St. Louis,Duluth,55815
St. Louis,Duluth,55816
Traverse,Dumont,56236
Rice,Dundas,55019
Nobles,Dundee,56131
Martin,Dunnell,56127
Pine,Duquette,55756
Dakota,Eagan,55120
Dakota,Eagan,55121
Dakota,Eagan,55122
Dakota,Eagan,55123
Todd,Eagle Bend,56446
Blue Earth,Eagle Lake,56024
Anoka,East Bethel,55005
Anoka,East Bethel,55011
Anoka,East Bethel,55092
Polk,East Grand Forks,56721
Cass,East Gull Lake,56401
Faribault,Easton,56025
Clearwater,Ebro,56621
Yellow Medicine,Echo,56237
Hennepin,Eden Prairie,55343
Hennepin,Eden Prairie,55344
Hennepin,Eden Prairie,55345
Hennepin,Eden Prairie,55346
Hennepin,Eden Prairie,55347
Meeker,Eden Valley,55329
Pipestone,Edgerton,56128
Hennepin,Edina,55343
Hennepin,Edina,55410
Hennepin,Edina,55416
Hennepin,Edina,55423
Hennepin,Edina,55424
Hennepin,Edina,55435
Hennepin,Edina,55436
Hennepin,Edina,55439
Itasca,Effie,56639
Houston,Eitzen,55931
Winona,Elba,55910
Grant,Elbow Lake,56531
Polk,Eldred,56523
Wabasha,Elgin,55932
Otter Tail,Elizabeth,56533
Sherburne,Elk River,55330
Scott,Elko,55020
Mower,Elkton,55933
Steele,Ellendale,56026
Nobles,Ellsworth,56129
Faribault,Elmore,56027
Stearns,Elrosa,56325
St. Louis,Ely,55731
Lesueur,Elysian,56028
Crow Wing,Emily,56447
Freeborn,Emmons,56029
Otter Tail,Erhard,56534
Koochiching,Ericksburg,56640
Polk,Erskine,56535
Carlton,Esko,55733
Brown,Essig,56030
Brown,Essig,56073
Polk,Euclid,56722
Brown,Evan,56085
Brown,Evan,56266
Douglas,Evansville,56326
St. Louis,Eveleth,55734
Hennepin,Excelsior,55331
Olmsted,Eyota,55934
Renville,Fairfax,55332
Stearns,Fairhaven,55383
Martin,Fairmont,56031
Martin,Fairmont,56075
Norman,Faith,56584
Ramsey,Falcon Heights,55108
Ramsey,Falcon Heights,55113
Rice,Faribault,55021
Dakota,Farmington,55024
Pope,Farwell,56327
Cass,Federal Dam,56641
Clay,Felton,56536
Otter Tail,Fergus Falls,56537
Otter Tail,Fergus Falls,56538
Polk,Fertile,56540
Crow Wing,Fifty Lakes,56448
Lake,Finlayson,55735
Polk,Fisher,56723
Morrison,Flensburg,56328
Norman,Flom,56541
St. Louis,Floodwood,55736
Lyon,Florence,56170
St. Louis,Florenton,55792
Benton,Foley,56329
Benton,Foley,56357
Douglas,Forada,56308
St. Louis,Forbes,55738
Washington,Forest Lake,55025
Mille Lacs,Foreston,56330
Crow Wing,Fort Ripley,56449
Polk,Fosston,56542
Fillmore,Fountain,55935
Wilkin,Foxhome,56543
Renville,Franklin,55333
Becker,Frazee,56544
Freeborn,Freeborn,56032
Stearns,Freeport,56331
Anoka,Fridley,55421
Anoka,Fridley,55432
Goodhue,Frontenac,55026
Faribault,Frost,56033
Murray,Fulda,56131
Beltrami,Funkley,56630
Blue Earth,Garden City,56034
Douglas,Garfield,56332
Crow Wing,Garrison,56450
Lyon,Garvin,56132
Norman,Gary,56545
Marshall,Gatzke,56724
Sibley,Gaylord,55334
Ramsey,Gem Lake,55110
Koochiching,Gemmell,56660
Freeborn,Geneva,56035
Morrison,Genola,56364
Polk,Gentilly,56716
Clay,Georgetown,56546
St. Louis,Gheen,55771
Lyon,Ghent,56239
Sibley,Gibbon,55335
St. Louis,Gilbert,55741
Benton,Gilman,56333
Mcleod,Glencoe,55336
Freeborn,Glenville,56036
Pope,Glenwood,56334
Clay,Glyndon,56547
Hennepin,Golden Valley,55416
Hennepin,Golden Valley,55422
Hennepin,Golden Valley,55426
Hennepin,Golden Valley,55427
Clearwater,Gonvick,56644
Blue Earth,Good Thunder,56037
Goodhue,Goodhue,55027
Itasca,Goodland,55742
Pennington,Goodridge,56725
Winona,Goodview,55987
St. Louis,Gowen,55743
Lake Of Woods,Graceton,55030
Lake Of Woods,Graceton,55036
Big Stone,Graceville,56240
Martin,Granada,56039
Cook,Grand Marais,55604
Mower,Grand Meadow,55936
Cook,Grand Portage,55605
Itasca,Grand Rapids,55730
Itasca,Grand Rapids,55744
Itasca,Grand Rapids,55745
Isanti,Grandy,55029
Fillmore,Granger,55939
Yellow Medicine,Granite Falls,56241
Kanabec,Grasston,55030
Kanabec,Grasston,55036
Sibley,Green Isle,55338
Lyon,Green Valley,56242
Roseau,Greenbush,56726
Wabasha,Greenfield,55357
Wabasha,Greenfield,55373
Wabasha,Greenfield,55572
Stearns,Greenwald,56335
Hennepin,Greenwood,55331
Todd,Grey Eagle,56336
Meeker,Grove City,56243
Marshall,Grygla,56727
Faribault,Guckeen,56040
Polk,Gully,56646
Hubbard,Guthrie,56461
Cass,Hackensack,56452
Murray,Hadley,56151
Kittson,Hallock,56728
Kittson,Hallock,56740
Kittson,Hallock,56755
Kittson,Halma,56729
Norman,Halstad,56548
Anoka,Ham Lake,55304
Carver,Hamburg,55339
Wabasha,Hammond,55991
Dakota,Hampton,55031
Stevens,Hancock,56244
Yellow Medicine,Hanley Falls,56245
Wright,Hanover,55341
Brown,Hanska,56041
Morrison,Harding,56364
Rock,Hardwick,56134
Fillmore,Harmony,55939
Chisago,Harris,55032
Freeborn,Hartland,56042
Dakota,Hastings,55033
Pipestone,Hatfield,56164
Kandiyohi,Hawick,56273
Clay,Hawley,56549
Dodge,Hayfield,55940
Freeborn,Hayward,56043
Yellow Medicine,Hazel Run,56241
Renville,Hector,55342
Lesueur,Heidelberg,56071
Sibley,Henderson,56044
Lincoln,Hendricks,56136
Norman,Hendrum,56550
Otter Tail,Henning,56551
Pine,Henriette,55036
Grant,Herman,56248
St. Louis,Hermantown,55810
St. Louis,Hermantown,55811
Jackson,Heron Lake,56137
Todd,Hewitt,56453
St. Louis,Hibbing,55746
St. Louis,Hibbing,55747
Aitkin,Hill City,55748
Morrison,Hillman,56338
Rock,Hills,56138
Hennepin,Hilltop,55421
Pine,Hinckley,55037
Beltrami,Hines,56647
Clay,Hitterdal,56552
Grant,Hoffman,56339
Houston,Hokah,55941
Stearns,Holdingford,56340
Pipestone,Holland,56139
Freeborn,Hollandale,56045
Swift,Holloway,56249
Douglas,Holmes City,56341
Marshall,Holt,56738
Carlton,Holyoke,55749
Carlton,Holyoke,55797
Winona,Homer,55942
Steele,Hope,56046
Hennepin,Hopkins,55305
Hennepin,Hopkins,55343
Hennepin,Hopkins,55345
Houston,Houston,55943
Cook,Hovland,55606
Wright,Howard Lake,55349
Wright,Howard Lake,55575
St. Louis,Hoyt Lakes,55750
Washington,Hugo,55038
Kittson,Humboldt,56731
Faribault,Huntley,56047
Mcleod,Hutchinson,55350
Pipestone,Ihlen,56140
Koochiching,Indus,56629
Itasca,Inger,56636
Koochiching,International Falls,56649
Hennepin,Independence,55357
Hennepin,Independence,55359
Dakota,Inver Grove Heights,55076
Dakota,Inver Grove Heights,55077
Murray,Iona,56141
St. Louis,Iron,55751
Crow Wing,Ironton,56455
Lake,Isabella,55607
Isanti,Isanti,55040
Mille Lacs,Isle,56342
Lincoln,Ivanhoe,56142
Jackson,Jackson,56143
Aitkin,Jacobson,55752
Waseca,Janesville,56048
Pipestone,Jasper,56144
Cottonwood,Jeffers,56145
Crow Wing,Jenkins,56456
Crow Wing,Jenkins,56472
Big Stone,Johnson,56236
Scott,Jordan,55352
St. Louis,Kabetogama,56669
Rock,Kanaranzi,56146
Kandiyohi,Kandiyohi,56251
Kittson,Karlstad,56732
Lesueur,Kasota,56050
Dodge,Kasson,55944
Itasca,Keewatin,55753
Beltrami,Kelliher,56650
Wabasha,Kellogg,55945
St. Louis,Kelly Lake,55746
Kittson,Kennedy,56733
Rock,Kenneth,56147
Douglas,Kensington,56343
Wilkin,Kent,56553
Goodhue,Kenyon,55946
Swift,Kerkhoven,56252
Pine,Kerrick,55756
Carlton,Kettle River,55757
Faribault,Kiester,56051
Lesueur,Kilkenny,56052
Stearns,Kimball,55353
Aitkin,Kimberly,56457
Nobles,Kinbrae,56131
Meeker,Kingston,55325
St. Louis,Kinney,55758
Nicollet,Klossner,56073
Lake,Knife River,55609
Houston,La Crescent,55947
Watonwan,La Salle,56056
Nicollet,Lafayette,56054
Lincoln,Lake Benton,56149
Kittson,Lake Bronson,56734
Wabasha,Lake City,55041
Blue Earth,Lake Crystal,56055
Washington,Lake Elmo,55042
Hubbard,Lake George,56458
Crow Wing,Lake Hubert,56459
Crow Wing,Lake Hubert,56468
Clearwater,Lake Itasca,56470
Kandiyohi,Lake Lillian,56253
Becker,Lake Park,56554
Cass,Lake Shore,56468
Murray,Lake Wilson,56151
Jackson,Lakefield,56150
Washington,Lakeland,55043
Dakota,Lakeville,55044
Dakota,Lakeville,55068
Redwood,Lamberton,56152
Winona,Lamoille,55987
Kittson,Lancaster,56735
Washington,Landfall,55128
Fillmore,Lanesboro,55949
Mower,Lansing,55950
Hubbard,Laporte,56461
Morrison,Lastrup,56344
Ramsey,Lauderdale,55108
Ramsey,Lauderdale,55113
Anoka,Lawler,55760
Lesueur,Le Center,56057
Mower,Le Roy,55951
Lesueur,Le Sueur,56058
Polk,Lengby,56651
Clearwater,Leonard,56652
St. Louis,Leonidas,55734
Nobles,Leota,56153
Mcleod,Lester Prairie,55354
Winona,Lewiston,55952
Watonwan,Lewisville,56060
Anoka,Lexington,55014
Ramsey,Lilydale,55118
Chisago,Lindstrom,55045
Anoka,Lino Lakes,55014
Anoka,Lino Lakes,55038
Anoka,Lino Lakes,55110
Anoka,Lino Lakes,55126
Nobles,Lismore,56155
Meeker,Litchfield,55355
Ramsey,Little Canada,55109
Ramsey,Little Canada,55117
Morrison,Little Falls,56345
Lake,Little Marais,55614
Todd,Little Sauk,56347
Koochiching,Littlefork,56653
Norman,Lockhart,56510
Koochiching,Loman,56654
Freeborn,London,56036
Pope,Long Beach,56334
Hennepin,Long Lake,55356
Todd,Long Prairie,56347
Cass,Longville,56655
Rice,Lonsdale,55046
Hennepin,Loretto,55357
Hennepin,Loretto,55595
Hennepin,Loretto,55596
Hennepin,Loretto,55597
Hennepin,Loretto,55598
Hennepin,Loretto,55599
Lac Qui Parle,Louisburg,56256
Pope,Lowry,56349
Redwood,Lucan,56255
Cook,Lutsen,55612
Rock,Luverne,56156
Mower,Lyle,55953
Lyon,Lynd,56157
Fillmore,Mabel,55954
Watonwan,Madelia,56062
Lac Qui Parle,Madison,56256
Blue Earth,Madison Lake,56063
Rock,Magnolia,56158
Mahnomen,Mahnomen,56557
Washington,Mahtomedi,55115
Carlton,Mahtowa,55707
St. Louis,Makinen,55763
Freeborn,Manchester,56007
Crow Wing,Manhattan Beach,56442
Koochiching,Manitou,56629
Dodge,Mantorville,55955
Hennepin,Maple Grove,55311
Hennepin,Maple Grove,55369
Hennepin,Maple Grove,55569
Wright,Maple Lake,55358
Hennepin,Maple Plain,55348
Hennepin,Maple Plain,55359
Hennepin,Maple Plain,55393
Hennepin,Maple Plain,55570
Hennepin,Maple Plain,55571
Hennepin,Maple Plain,55572
Hennepin,Maple Plain,55573
Hennepin,Maple Plain,55574
Hennepin,Maple Plain,55575
Hennepin,Maple Plain,55576
Hennepin,Maple Plain,55577
Hennepin,Maple Plain,55578
Hennepin,Maple Plain,55579
Hennepin,Maple Plain,55592
Hennepin,Maple Plain,55593
Blue Earth,Mapleton,56065
Mower,Mapleview,55912
Ramsey,Maplewood,55106
Ramsey,Maplewood,55109
Ramsey,Maplewood,55117
Ramsey,Maplewood,55119
Ramsey,Maplewood,55144
Itasca,Marble,55764
Itasca,Marcell,56657
Koochiching,Margie,56658
Lac Qui Parle,Marietta,56257
Washington,Marine On St Croix,55047
Pine,Markville,55072
Lyon,Marshall,56258
Itasca,Max,56681
Carver,Mayer,55360
Chippewa,Maynard,56260
Wabasha,Mazeppa,55956
Aitkin,Mcgrath,56350
Aitkin,Mcgregor,55760
Polk,Mcintosh,56556
St. Louis,Mckinley,55741
St. Louis,Meadowlands,55765
Steele,Medford,55049
Hennepin,Medicine Lake,55441
Hennepin,Medina,55340
Hennepin,Medina,55357
Hennepin,Medina,55359
Stearns,Meire Grove,56352
Stearns,Melrose,56352
St. Louis,Melrude,55724
St. Louis,Melrude,55766
Wadena,Menahga,56464
Dakota,Mendota,55150
Ramsey,Mendota Heights,55118
Ramsey,Mendota Heights,55120
Steele,Mentor,56736
Steele,Meridan,56093
Crow Wing,Merrifield,56465
Marshall,Middle River,56737
Goodhue,Miesville,55009
Mille Lacs,Milaca,56353
Chippewa,Milan,56262
Wabasha,Millville,55957
Redwood,Milroy,56263
Douglas,Miltona,56354
Hennepin,Minneapolis,55401
Hennepin,Minneapolis,55402
Hennepin,Minneapolis,55403
Hennepin,Minneapolis,55404
Hennepin,Minneapolis,55405
Hennepin,Minneapolis,55406
Hennepin,Minneapolis,55407
Hennepin,Minneapolis,55408
Hennepin,Minneapolis,55409
Hennepin,Minneapolis,55410
Hennepin,Minneapolis,55411
Hennepin,Minneapolis,55412
Hennepin,Minneapolis,55413
Hennepin,Minneapolis,55414
Hennepin,Minneapolis,55415
Hennepin,Minneapolis,55416
Hennepin,Minneapolis,55417
Hennepin,Minneapolis,55418
Hennepin,Minneapolis,55419
Hennepin,Minneapolis,55420
Hennepin,Minneapolis,55421
Hennepin,Minneapolis,55422
Hennepin,Minneapolis,55423
Hennepin,Minneapolis,55424
Hennepin,Minneapolis,55425
Hennepin,Minneapolis,55426
Hennepin,Minneapolis,55427
Hennepin,Minneapolis,55428
Hennepin,Minneapolis,55429
Hennepin,Minneapolis,55430
Hennepin,Minneapolis,55431
Hennepin,Minneapolis,55432
Hennepin,Minneapolis,55433
Hennepin,Minneapolis,55434
Hennepin,Minneapolis,55435
Hennepin,Minneapolis,55436
Hennepin,Minneapolis,55437
Hennepin,Minneapolis,55438
Hennepin,Minneapolis,55439
Hennepin,Minneapolis,55440
Hennepin,Minneapolis,55441
Hennepin,Minneapolis,55442
Hennepin,Minneapolis,55443
Hennepin,Minneapolis,55444
Hennepin,Minneapolis,55445
Hennepin,Minneapolis,55446
Hennepin,Minneapolis,55447
Hennepin,Minneapolis,55448
Hennepin,Minneapolis,55449
Hennepin,Minneapolis,55450
Hennepin,Minneapolis,55451
Hennepin,Minneapolis,55452
Hennepin,Minneapolis,55453
Hennepin,Minneapolis,55454
Hennepin,Minneapolis,55455
Hennepin,Minneapolis,55456
Hennepin,Minneapolis,55457
Hennepin,Minneapolis,55458
Hennepin,Minneapolis,55459
Hennepin,Minneapolis,55460
Hennepin,Minneapolis,55461
Hennepin,Minneapolis,55462
Hennepin,Minneapolis,55463
Hennepin,Minneapolis,55464
Hennepin,Minneapolis,55465
Hennepin,Minneapolis,55466
Hennepin,Minneapolis,55467
Hennepin,Minneapolis,55468
Hennepin,Minneapolis,55469
Hennepin,Minneapolis,55470
Hennepin,Minneapolis,55471
Hennepin,Minneapolis,55472
Hennepin,Minneapolis,55473
Hennepin,Minneapolis,55474
Hennepin,Minneapolis,55475
Hennepin,Minneapolis,55476
Hennepin,Minneapolis,55477
Hennepin,Minneapolis,55478
Hennepin,Minneapolis,55479
Hennepin,Minneapolis,55480
Hennepin,Minneapolis,55481
Hennepin,Minneapolis,55482
Hennepin,Minneapolis,55483
Hennepin,Minneapolis,55484
Hennepin,Minneapolis,55485
Hennepin,Minneapolis,55486
Hennepin,Minneapolis,55487
Hennepin,Minneapolis,55488
Wabasha,Minneiska,55910
Lyon,Minneota,56264
Winona,Minnesota City,55959
Faribault,Minnesota Lake,56068
Hennepin,Minnetonka,55305
Hennepin,Minnetonka,55343
Hennepin,Minnetonka,55345
Hennepin,Minnetonka Beach,55361
Hennepin,Minnetrista,55331
Hennepin,Minnetrista,55359
Hennepin,Minnetrista,55364
Hennepin,Minnetrista,55375
Hennepin,Minnetrista,55387
Hennepin,Minnetrista,55388
Koochiching,Mizpah,56660
Chippewa,Montevideo,56265
Lesueur,Montgomery,56069
Wright,Monticello,55362
Wright,Monticello,55365
Wright,Monticello,55561
Wright,Monticello,55562
Wright,Monticello,55563
Wright,Monticello,55564
Wright,Monticello,55565
Wright,Monticello,55566
Wright,Monticello,55567
Wright,Monticello,55568
Wright,Monticello,55569
Wright,Monticello,55570
Wright,Monticello,55571
Wright,Monticello,55572
Wright,Monticello,55573
Wright,Monticello,55574
Wright,Monticello,55575
Wright,Monticello,55576
Wright,Monticello,55577
Wright,Monticello,55578
Wright,Monticello,55579
Wright,Monticello,55580
Wright,Monticello,55581
Wright,Monticello,55582
Wright,Monticello,55583
Wright,Monticello,55584
Wright,Monticello,55585
Wright,Monticello,55586
Wright,Monticello,55587
Wright,Monticello,55588
Wright,Monticello,55589
Wright,Monticello,55590
Wright,Monticello,55591
Wright,Montrose,55363
Carlton,Moose Lake,55767
Kanabec,Mora,55051
Redwood,Morgan,56266
St. Louis,Morgan Park,55808
Stevens,Morris,56267
Rice,Morristown,55052
Renville,Morton,56270
Morrison,Motley,56466
Hennepin,Mound,55364
Ramsey,Mounds View,55112
St. Louis,Mountain Iron,55768
St. Louis,Mountain Iron,55792
Cottonwood,Mountain Lake,56159
Swift,Murdock,56271
Freeborn,Myrtle,56036
Wilkin,Nashua,56565
Itasca,Nashwauk,55769
Lac Qui Parle,Nassau,56257
Mahnomen,Naytahwaush,56566
Douglas,Nelson,56355
Rice,Nerstrand,55053
St. Louis,Nett Lake,55772
Hubbard,Nevis,56467
Sibley,New Auburn,55366
Ramsey,New Brighton,55112
Carver,New Germany,55367
Hennepin,New Hope,55427
Hennepin,New Hope,55428
Kandiyohi,New London,56273
Scott,New Market,55054
Stearns,New Munich,56356
Lesueur,New Prague,56071
Waseca,New Richland,56072
Brown,New Ulm,56073
Otter Tail,New York Mills,56567
Marshall,Newfolden,56738
Washington,Newport,55055
Nicollet,Nicollet,56074
Polk,Nielsville,56568
Wadena,Nimrod,56478
Crow Wing,Nisswa,56468
Grant,Norcross,56274
Chisago,North Branch,55056
Nicollet,North Mankato,56003
Nicollet,North Mankato,56002
Ramsey,North Oaks,55127
Ramsey,North St Paul,55109
Kittson,Northcote,56728
Rice,Northfield,55057
Koochiching,Northome,56661
Martin,Northrop,56075
Carver,Norwood YoungAmerica,55368
Carver,Norwood YoungAmerica,55383
Carver,Norwood YoungAmerica,55394
Carver,Norwood YoungAmerica,55397
Carver,Norwood YoungAmerica,55399
Carver,Norwood YoungAmerica,55473
Carver,Norwood YoungAmerica,55550
Carver,Norwood YoungAmerica,55551
Carver,Norwood YoungAmerica,55552
Carver,Norwood YoungAmerica,55553
Carver,Norwood YoungAmerica,55554
Carver,Norwood YoungAmerica,55555
Carver,Norwood YoungAmerica,55556
Carver,Norwood YoungAmerica,55557
Carver,Norwood YoungAmerica,55558
Carver,Norwood YoungAmerica,55559
Carver,Norwood YoungAmerica,55560
Carver,Norwood YoungAmerica,55561
Carver,Norwood YoungAmerica,55562
Carver,Norwood YoungAmerica,55563
Carver,Norwood YoungAmerica,55564
Carver,Norwood YoungAmerica,55565
Carver,Norwood YoungAmerica,55566
Carver,Norwood YoungAmerica,55567
Carver,Norwood YoungAmerica,55568
Carver,Norwood YoungAmerica,55573
Carver,Norwood YoungAmerica,55583
Carver,Norwood YoungAmerica,55594
Kittson,Noyes,56740
Lake OfWoods,OakIsland,56741
Anoka,Oak Grove,55011
Anoka,Oak Grove,55303
Benton,Oak Park,56329
Benton,Oak Park,56357
Washington,Oak Park Heights,55082
Washington,Oakdale,55042
Washington,Oakdale,55128
Freeborn,Oakland,56007
Big Stone,Odessa,56276
Watonwan,Odin,56160
Becker,Ogema,56569
Kanabec,Ogilvie,56358
Jackson,Okabena,56161
Red Lake,Oklee,56742
Renville,Olivia,56277
Mille Lacs,Onamia,56359
Kittson,Orleans,56735
Watonwan,Ormsby,56162
Hennepin,Orono,55323
Hennepin,Orono,55331
Hennepin,Orono,55356
Hennepin,Orono,55359
Hennepin,Orono,55364
Hennepin,Orono,55391
Olmsted,Oronoco,55960
St. Louis,Orr,55771
St. Louis,Orr,55772
Big Stone,Ortonville,56278
Becker,Osage,56570
Douglas,Osakis,56360
Marshall,Oslo,56744
Hennepin,Osseo,55311
Hennepin,Osseo,55369
Hennepin,Osseo,55569
Fillmore,Ostrander,55961
Waseca,Otisco,56093
Sherburne,Otsego,55301
Sherburne,Otsego,55327
Sherburne,Otsego,55330
Sherburne,Otsego,55362
Sherburne,Otsego,55374
Otter Tail,Ottertail,56571
Cass,Outing,56662
Steele,Owatonna,55060
Aitkin,Palisade,56469
Hubbard,Park Rapids,56470
Otter Tail,Parkers Prairie,56361
St. Louis,Parkville,55768
Stearns,Paynesville,56362
Mille Lacs,Pease,56363
Otter Tail,Pelican Rapids,56572
Blue Earth,Pemberton,56078
Lake Of Woods,Penasse,56711
Roseau,Pencer,56751
Itasca,Pengilly,55775
Beltrami,Pennington,56663
Kandiyohi,Pennock,56279
Crow Wing,Pequot Lakes,56472
Otter Tail,Perham,56573
Norman,Perley,56574
Fillmore,Peterson,55962
Morrison,Pierz,56364
Cass,Pillager,56473
Pine,Pine City,55063
Goodhue,Pine Island,55963
Cass,Pine River,56456
Cass,Pine River,56474
Washington,Pine Springs,55115
Washington,Pine Springs,55128
Roseau,Pinecreek,56751
Beltrami,Pinewood,56676
Pipestone,Pipestone,56164
Lake Of Woods,Pitt,56623
Wabasha,Plainview,55964
Mcleod,Plato,55370
Red Lake,Plummer,56748
Hennepin,Plymouth,55441
Hennepin,Plymouth,55442
Hennepin,Plymouth,55446
Hennepin,Plymouth,55447
Beltrami,Ponemah,56666
Becker,Ponsford,56575
Yellow Medicine,Porter,56280
Steele,Pratt,55060
Fillmore,Preston,55965
Mille Lacs,Princeton,55371
Kandiyohi,Prinsburg,56281
Scott,Prior Lake,55372
St. Louis,Proctor,55810
Beltrami,Puposky,56667
Kanabec,Quamba,55007
Kanabec,Quamba,55051
Mower,Racine,55967
Marshall,Radium,56762
Anoka,Ramsey,55303
Morrison,Randall,56475
Dakota,Randolph,55065
Koochiching,Ranier,56668
Blue Earth,Rapidan,56079
Koochiching,Ray,56669
Kandiyohi,Raymond,56282
Nobles,Reading,56165
Wabasha,Reads Landing,55968
Red Lake,Red Lake Falls,56750
Goodhue,Red Wing,55066
Beltrami,Redby,56670
Beltrami,Redlake,56671
Redwood,Redwood Falls,56283
Kandiyohi,Regal,56362
Cass,Remer,56672
Renville,Renville,56284
Redwood,Revere,56166
Benton,Rice,56367
Hennepin,Richfield,55423
Stearns,Richmond,56368
Otter Tail,Richville,56576
Becker,Richwood,56577
Crow Wing,Riverton,56455
Hennepin,Robbinsdale,55422
Becker,Rochert,56578
Olmsted,Rochester,55901
Olmsted,Rochester,55902
Olmsted,Rochester,55903
Olmsted,Rochester,55904
Olmsted,Rochester,55905
Olmsted,Rochester,55906
Pine,Rock Creek,55067
Wright,Rockford,55373
Wright,Rockford,55572
Wright,Rockford,55577
Stearns,Rockville,56369
Hennepin,Rogers,55374
Winona,Rollingstone,55969
Benton,Ronneby,56329
Roseau,Roosevelt,56673
Roseau,Roosevelt,56682
Stearns,Roscoe,56371
Mower,Rose Creek,55970
Roseau,Roseau,56751
Dakota,Rosemount,55068
Ramsey,Roseville,55112
Ramsey,Roseville,55113
Ramsey,Roseville,55126
Pennington,Rosewood,56701
Roseau,Ross,56751
Wilkin,Rothsay,56579
Nobles,Round Lake,56167
Morrison,Royalton,56373
Chisago,Rush City,55067
Chisago,Rush City,55069
Fillmore,Rushford,55971
Fillmore,Rushford Village,55962
Fillmore,Rushford Village,55971
Nobles,Rushmore,56168
Lyon,Russell,56169
Pipestone,Ruthton,56170
Pine,Rutledge,55795
Clay,Sabin,56580
Renville,Sacred Heart,56285
St. Louis,Saginaw,55779
Roseau,Salol,56756
Redwood,Sanborn,56083
Pine,Sandstone,55072
Sherburne,Santiago,55377
Mower,Sargeant,55973
Stearns,Sartell,56377
Stearns,Sauk Centre,56378
Stearns,Sauk Centre,56389
Benton,Sauk Rapids,56379
Beltrami,Saum,56650
Scott,Savage,55378
Carlton,Sawyer,55780
Carlton,Scanlon,55720
Washington,Scandia,55073
Cass,Schley,56633
Cook,Schroeder,55613
Redwood,Seaforth,56287
Brown,Searles,56073
Brown,Searles,56084
Wadena,Sebeka,56477
Pope,Sedan,56334
Chisago,Shafer,55074
Scott,Shakopee,55372
Scott,Shakopee,55379
Norman,Shelly,56581
Martin,Sherburn,56171
Clearwater,Shevlin,56676
Beltrami,Shooks,56661
Ramsey,Shoreview,55126
Hennepin,Shorewood,55331
Hennepin,Shorewood,55364
St. Louis,Side Lake,55781
Lake,Silver Bay,55614
Wright,Silver Creek,55380
Mcleod,Silver Lake,55381
Roseau,Skime,56761
Blue Earth,Skyline,56001
Murray,Slayton,56172
Brown,Sleepy Eye,56085
Anoka,Soderville,55304
Beltrami,Solway,56678
St. Louis,Soudan,55782
Wright,South Haven,55382
Koochiching,South International Falls,56679
Dakota,South St Paul,55075
Dakota,South St Paul,55076
Dakota,South St Paul,55077
Kandiyohi,Spicer,56288
Houston,Spring Grove,55974
Itasca,Spring Hill,56532
Anoka,Spring Lake Park,55432
Hennepin,Spring Park,55384
Fillmore,Spring Valley,55975
Brown,Springfield,56087
Chisago,Squaw Lake,56681
Hennepin,St. Anthony,55421
Hennepin,St. Anthony,55418
Stearns,St. Augusta,55320
Stearns,St. Augusta,55353
Stearns,St. Augusta,55382
Stearns,St. Augusta,56301
Hennepin,St. Bonifacius,55375
Winona,St. Charles,55972
Blue Earth,St. Clair,56080
Stearns,St. Cloud,56372
Anoka,St. Francis,55070
Pennington,St. Hilaire,56754
Watonwan,St. James,56081
Stearns,St. Joseph,56374
Yellow Medicine,St. Leo,56264
Hennepin,St. Louis Park,55416
Hennepin,St. Louis Park,55424
Hennepin,St. Louis Park,55426
Hennepin,St. Louis Park,55436
Stearns,St. Martin,56376
Washington,St. Mary's Point,55043
Wright,St. Michael,55376
Ramsey,St. Paul,55101
Ramsey,St. Paul,55102
Ramsey,St. Paul,55103
Ramsey,St. Paul,55104
Ramsey,St. Paul,55105
Ramsey,St. Paul,55106
Ramsey,St. Paul,55107
Ramsey,St. Paul,55108
Ramsey,St. Paul,55109
Ramsey,St. Paul,55110
Ramsey,St. Paul,55111
Ramsey,St. Paul,55112
Ramsey,St. Paul,55113
Ramsey,St. Paul,55114
Ramsey,St. Paul,55115
Ramsey,St. Paul,55116
Ramsey,St. Paul,55117
Ramsey,St. Paul,55118
Ramsey,St. Paul,55119
Ramsey,St. Paul,55120
Ramsey,St. Paul,55121
Ramsey,St. Paul,55122
Ramsey,St. Paul,55123
Ramsey,St. Paul,55124
Ramsey,St. Paul,55125
Ramsey,St. Paul,55126
Ramsey,St. Paul,55127
Ramsey,St. Paul,55128
Ramsey,St. Paul,55129
Ramsey,St. Paul,55130
Ramsey,St. Paul,55131
Ramsey,St. Paul,55132
Ramsey,St. Paul,55133
Ramsey,St. Paul,55134
Ramsey,St. Paul,55135
Ramsey,St. Paul,55136
Ramsey,St. Paul,55137
Ramsey,St. Paul,55138
Ramsey,St. Paul,55139
Ramsey,St. Paul,55140
Ramsey,St. Paul,55141
Ramsey,St. Paul,55142
Ramsey,St. Paul,55143
Ramsey,St. Paul,55144
Ramsey,St. Paul,55145
Ramsey,St. Paul,55146
Ramsey,St. Paul,55147
Ramsey,St. Paul,55148
Ramsey,St. Paul,55149
Ramsey,St. Paul,55150
Ramsey,St. Paul,55151
Ramsey,St. Paul,55152
Ramsey,St. Paul,55153
Ramsey,St. Paul,55154
Ramsey,St. Paul,55155
Ramsey,St. Paul,55156
Ramsey,St. Paul,55157
Ramsey,St. Paul,55158
Ramsey,St. Paul,55159
Ramsey,St. Paul,55160
Ramsey,St. Paul,55161
Ramsey,St. Paul,55162
Ramsey,St. Paul,55163
Ramsey,St. Paul,55164
Ramsey,St. Paul,55165
Ramsey,St. Paul,55166
Ramsey,St. Paul,55167
Ramsey,St. Paul,55168
Ramsey,St. Paul,55169
Ramsey,St. Paul,55170
Ramsey,St. Paul,55171
Ramsey,St. Paul,55172
Ramsey,St. Paul,55173
Ramsey,St. Paul,55174
Ramsey,St. Paul,55175
Ramsey,St. Paul,55176
Ramsey,St. Paul,55177
Ramsey,St. Paul,55178
Ramsey,St. Paul,55179
Ramsey,St. Paul,55180
Ramsey,St. Paul,55181
Ramsey,St. Paul,55182
Ramsey,St. Paul,55183
Ramsey,St. Paul,55184
Ramsey,St. Paul,55185
Ramsey,St. Paul,55186
Ramsey,St. Paul,55187
Ramsey,St. Paul,55188
Ramsey,St. Paul,55189
Ramsey,St. Paul,55190
Ramsey,St. Paul,55191
Washington,St. Paul Park,55071
Nicollet,St. Peter,56082
Stearns,St. Stephen,56375
Kittson,St. Vincent,56755
Chisago,Stacy,55078
Chisago,Stacy,55079
Isanti,Stanchfield,55080
Goodhue,Stanton,55018
Todd,Staples,56479
Pope,Starbuck,56381
Rock,Steen,56173
Marshall,Stephen,56757
Mcleod,Stewart,55385
Olmsted,Stewartville,55976
Washington,Stillwater,55082
Washington,Stillwater,55083
Winona,Stockton,55988
Cottonwood,Storden,56174
Marshall,Strandquist,56758
Roseau,Strathcona,56759
Pine,Sturgeon Lake,55783
Kandiyohi,Sunburg,56289
Dakota,Sunfish Lake,55077
Chisago,Sunrise,55056
Kandiyohi,Svea,56216
Itasca,Swan River,55784
Morrison,Swanville,56382
Aitkin,Swatara,55785
Roseau,Swift,56763
Roseau,Swift,56682
Itasca,Taconite,55786
Itasca,Talmoon,56637
Aitkin,Tamarack,55787
Mower,Taopi,55977
Lyon,Taunton,56291
Chisago,Taylors Falls,55084
Wilkin,Tenney,56583
Beltrami,Tenstrike,56683
Pope,Terrace,56334
Wabasha,Theilman,55945
Pennington,Thief River Falls,56701
Carlton,Thomson,55178
Traverse,Tintah,56583
Cook,Tofte,55615
Itasca,Togo,55723
St. Louis,Toivola,55765
Hennepin,Tonka Bay,55331
St. Louis,Tower,55790
Lyon,Tracy,56175
Polk,Trail,56684
Martin,Trimont,56176
Crow Wing,Trommald,56441
Pipestone,Trosky,56177
Martin,Truman,56088
Beltrami,Turtle River,56601
St. Louis,Twig,55791
Freeborn,Twin Lakes,56089
Norman,Twin Valley,56584
Lake,Two Harbors,55616
Lincoln,Tyler,56178
Clay,Ulen,56585
Otter Tail,Underwood,56586
Morrison,Upsala,56384
Winona,Utica,55979
Ramsey,Vadnais Heights,55110
Ramsey,Vadnais Heights,55127
Goodhue,Vasa,55089
Lincoln,Verdi,56164
Otter Tail,Vergas,56587
Dakota,Vermillion,55085
Wadena,Verndale,56481
Blue Earth,Vernon Center,56090
Rice,Veseli,55046
Redwood,Vesta,56292
Redwood,Vesta,56292
Carver,Victoria,55386
Marshall,Viking,56760
Pope,Villard,56385
Otter Tail,Vining,56588
Olmsted,Viola,55934
St. Louis,Virginia,55777
St. Louis,Virginia,55792
Wabasha,Wabasha,55981
Redwood,Wabasso,56293
Carver,Waconia,55387
Wadena,Wadena,56482
Mille Lacs,Wahkon,56386
Stearns,Waite Park,56387
Stearns,Waite Park,56388
Waseca,Waldorf,56091
Cass,Walker,56484
Redwood,Walnut Grove,56180
Faribault,Walters,56097
Mower,Waltham,55982
Goodhue,Wanamingo,55983
Redwood,Wanda,56294
Roseau,Wannaska,56761
Itasca,Warba,55793
Marshall,Warren,56762
Roseau,Warroad,56741
Roseau,Warroad,56763
Rice,Warsaw,55087
Waseca,Waseca,56093
Beltrami,Waskish,56685
Rice,Waterford,55057
Carver,Watertown,55388
Lesueur,Waterville,56096
Meeker,Watkins,55389
Chippewa,Watson,56295
Mahnomen,Waubun,56589
Wright,Waverly,55390
Itasca,Wawina,55736
Hennepin,Wayzata,55391
Wabasha,Weaver,55910
Rice,Webster,55088
Goodhue,Welch,55089
Martin,Welcome,56181
Faribault,Wells,56097
Grant,Wendell,56590
Dodge,West Concord,55985
Dakota,West St Paul,55107
Todd,West Union,56378
Todd,West Union,56389
Cottonwood,Westbrook,56183
Pope,Westport,56385
Fillmore,Whalan,55949
Traverse,Wheaton,56296
Cass,Whipholt,56484
Ramsey,White Bear Lake,55110
Ramsey,White Bear Lake,55115
Becker,White Earth,56591
Jackson,Wilder,56101
Washington,Willernie,55090
Lake Of Woods,Williams,56686
Kandiyohi,Willmar,56201
Pine,Willow River,55795
Nobles,Wilmont,56185
Beltrami,Wilton,56601
Beltrami,Wilton,56687
Cottonwood,Windom,56101
Cottonwood,Windom,56118
Polk,Winger,56592
Faribault,Winnebago,56098
Winona,Winona,55987
Winona,Winona,55988
Mcleod,Winsted,55395
Sibley,Winthrop,55396
St. Louis,Winton,55796
Itasca,Wirt,56688
Becker,Wolf Lake,56593
Wilkin,Wolverton,56594
Yellow Medicine,Wood Lake,56297
Washington,Woodbury,55125
Washington,Woodbury,55129
St. Louis,Woodland,55391
Pipestone,Woodstock,56186
Nobles,Worthington,56187
Carlton,Wrenshall,55749
Carlton,Wrenshall,55797
Carlton,Wright,55798
Fillmore,Wykoff,55990
Chisago,Wyoming,55092
St. Louis,Zim,55738
Sherburne,Zimmerman,55398
Wabasha,Zumbro Falls,55991
Goodhue,Zumbrota,55992
