County,City,ZIP Code
Adair,Kirksville,63501
Adair,Brashear,63533
Adair,Gibbs,63544
Adair,Greentop,63546
Adair,Novinger,63559
Andrew,Savannah,64485
Andrew,Amazonia,64421
Andrew,Bolckow,64427
Andrew,Fillmore,64449
Andrew,Helena,64459
Andrew,Rea,64480
Andrew,Rosendale,64483
Atchison,Rock Port,64482
Atchison,Fairfax,64446
Atchison,Tarkio,64491
Atchison,Westboro,64498
Audrain,Mexico,65265
Audrain,Benton City,65232
Audrain,Farber,63345
Audrain,Laddonia,63352
Audrain,Martinsburg,65264
Audrain,Rush Hill,65280
Audrain,Thompson,65285
Audrain,Vandalia,63382
Audrain,Wellsville,63384
Barry,Cassville,65625
Barry,Aurora,65605
Barry,Butterfield,65618
Barry,Exeter,65647
Barry,Monett,65708
Barry,Purdy,65734
Barry,Seligman,65745
Barry,Washburn,65772
Barton,Lamar,64759
Barton,Golden City,64748
Barton,Jasper,64755
Barton,Liberal,64762
Barton,Mindenmines,64769
Barton,Milford,64767
Bates,Butler,64730
Bates,Adrian,64720
Bates,Amsterdam,64723
Bates,Amoret,64722
Bates,Foster,64745
Bates,Hume,64752
Bates,Merwin,64769
Bates,Rich Hill,64779
Benton,Warsaw,65355
Benton,Cole Camp,65325
Benton,Lincoln,65338
Benton,Mora,65345
Benton,Climax Springs,65324
Bollinger,Marble Hill,63764
Bollinger,Glen Allen,63751
Bollinger,Glennonville,63752
Bollinger,Leopold,63760
Bollinger,Scopus,63775
Bollinger,Zalma,63787
Boone,Columbia,65201
Boone,Columbia,65202
Boone,Columbia,65203
Boone,Ashland,65010
Boone,Centralia,65240
Boone,Hallsville,65255
Boone,Hartsburg,65039
Boone,Rocheport,65279
Boone,Sturgeon,65284
Buchanan,St. Joseph,64501
Buchanan,St. Joseph,64502
Buchanan,St. Joseph,64503
Buchanan,St. Joseph,64504
Buchanan,St. Joseph,64505
Buchanan,Agency,64401
Buchanan,Country Club,64505
Buchanan,De Kalb,64440
Buchanan,Easton,64443
Buchanan,Gower,64454
Butler,Poplar Bluff,63901
Butler,Fisk,63940
Butler,Neelyville,63954
Butler,Qulin,63961
Butler,Williamsville,63967
Caldwell,Hamilton,64644
Caldwell,Braymer,64624
Caldwell,Breckenridge,64625
Caldwell,Cowgill,64637
Caldwell,Kingston,64650
Caldwell,Polo,64671
Callaway,Fulton,65251
Callaway,Auxvasse,65231
Callaway,Holts Summit,65043
Callaway,Kingdom City,65262
Callaway,Mokane,65059
Callaway,New Bloomfield,65063
Callaway,Portland,65067
Callaway,Steedman,65077
Callaway,Tebbetts,65080
Callaway,Williamsburg,63388
Camden,Camdenton,65020
Camden,Lake Ozark,65049
Camden,Linn Creek,65052
Camden,Osage Beach,65065
Camden,Roach,65787
Camden,Sunrise Beach,65079
Cape Girardeau,Cape Girardeau,63701
Cape Girardeau,Cape Girardeau,63702
Cape Girardeau,Jackson,63755
Cape Girardeau,Chaffee,63740
Cape Girardeau,Delta,63744
Cape Girardeau,Gordonville,63752
Cape Girardeau,Whitewater,63785
Carroll,Carrollton,64633
Carroll,Bogard,64622
Carroll,Bosworth,64623
Carroll,De Witt,64639
Carroll,Hale,64643
Carroll,Norborne,64668
Carroll,Tina,64682
Carter,Van Buren,63965
Carter,Ellsinore,63937
Carter,Grandin,63943
Cass,Harrisonville,64701
Cass,Archie,64725
Cass,Belton,64012
Cass,Cleveland,64734
Cass,Creighton,64739
Cass,Drexel,64742
Cass,Freeman,64746
Cass,Garden City,64747
Cass,Peculiar,64078
Cass,Pleasant Hill,64080
Cass,Raymore,64083
Cedar,Stockton,65785
Cedar,El Dorado Springs,64744
Cedar,Jerico Springs,64756
Chariton,Keytesville,65261
Chariton,Brunswick,65236
Chariton,Dalton,65246
Chariton,Glasgow,65254
Chariton,Marceline,64658
Chariton,Salisbury,65281
Chariton,Triplett,65286
Christian,Ozark,65721
Christian,Clever,65631
Christian,Highlandville,65669
Christian,Nixa,65714
Christian,Sparta,65753
Clark,Kahoka,63445
Clark,Alexandria,63430
Clark,Luray,63453
Clark,Revere,63465
Clark,Saint Francisville,63468
Clark,Wayland,63472
Clark,Wyaconda,63474
Clay,Kansas City,64116
Clay,Kansas City,64117
Clay,Kansas City,64118
Clay,Kansas City,64119
Clay,Kansas City,64155
Clay,Kansas City,64156
Clay,Kansas City,64157
Clay,Kansas City,64158
Clay,Kansas City,64161
Clay,Kansas City,64164
Clay,Excelsior Springs,64024
Clay,Gladstone,64118
Clay,Holt,64048
Clay,Kearney,64060
Clay,Liberty,64068
Clay,Missouri City,64072
Clay,North Kansas City,64116
Clay,Smithville,64089
Clinton,Plattsburg,64477
Clinton,Cameron,64429
Clinton,Glenwood,64454
Clinton,Gower,64454
Clinton,Lathrop,64465
Clinton,Maysville,64469
Clinton,Turney,64493
Cole,Jefferson City,65101
Cole,Jefferson City,65109
Cole,Centertown,65023
Cole,Lohman,65053
Cole,Russellville,65074
Cole,St. Martins,65109
Cole,Taos,65078
Cooper,Boonville,65233
Cooper,Blackwater,65322
Cooper,Bunceton,65237
Cooper,Otterville,65348
Cooper,Pilot Grove,65276
Cooper,Prairie Home,65068
Cooper,Speed,65283
Crawford,Cuba,65453
Crawford,Bourbon,65441
Crawford,Steelville,65565
Crawford,Sullivan,63080
Dade,Greenfield,65661
Dade,Dadeville,65635
Dade,Everton,65646
Dade,Lockwood,65682
Dallas,Buffalo,65622
Dallas,Louisburg,65685
Dallas,Urbana,65767
Daviess,Gallatin,64640
Daviess,Altamont,64620
Daviess,Jameson,64647
Daviess,Jamesport,64648
Daviess,Lock Springs,64654
Daviess,Pattonsburg,64670
Daviess,Winston,64689
DeKalb,Maysville,64469
DeKalb,Amity,64422
DeKalb,Clarksdale,64430
DeKalb,Osborn,64474
DeKalb,Stewartsville,64490
DeKalb,Union Star,64494
DeKalb,Weatherby,64497
Dent,Salem,65560
Dent,Bunker,63629
Dent,Vichy,65580
Douglas,Ava,65608
Douglas,Cabool,65689
Douglas,Diggins,65636
Douglas,Fordland,65652
Douglas,Goodhope,65661
Douglas,Squires,65755
Douglas,Vanzant,65768
Dunklin,Kennett,63857
Dunklin,Campbell,63933
Dunklin,Cardwell,63829
Dunklin,Clarkton,63837
Dunklin,Gobler,63849
Dunklin,Holcomb,63852
Dunklin,Hornersville,63855
Dunklin,Malden,63863
Dunklin,Senath,63876
Franklin,Union,63084
Franklin,Washington,63090
Franklin,Gerald,63037
Franklin,New Haven,63068
Franklin,Pacific,63069
Franklin,St. Clair,63077
Franklin,Sullivan,63080
Franklin,Villa Ridge,63089
Gasconade,Owensville,65066
Gasconade,Hermann,65041
Gasconade,Bland,65014
Gasconade,Morrison,65061
Gasconade,Rosebud,63091
Gentry,Albany,64402
Gentry,King City,64463
Gentry,Stanberry,64489
Gentry,Worth,64499
Greene,Springfield,65801
Greene,Springfield,65802
Greene,Springfield,65803
Greene,Springfield,65804
Greene,Springfield,65806
Greene,Springfield,65807
Greene,Springfield,65809
Greene,Ash Grove,65604
Greene,Battlefield,65619
Greene,Brookline,65619
Greene,Fair Grove,65648
Greene,Republic,65738
Greene,Rogersville,65742
Greene,Strafford,65757
Greene,Willard,65781
Grundy,Trenton,64683
Grundy,Galt,64641
Grundy,Laredo,64652
Grundy,Spickard,64679
Harrison,Bethany,64424
Harrison,Cainsville,64632
Harrison,Eagleville,64442
Harrison,Hatfield,64458
Harrison,Martinsville,64467
Harrison,Ridgeway,64481
Henry,Clinton,64735
Henry,Brownington,64629
Henry,Calhoun,65323
Henry,Deepwater,64740
Henry,Montrose,64770
Henry,Urich,64788
Henry,Windsor,65360
Hickory,Hermitage,65668
Hickory,Cross Timbers,65634
Hickory,Flemington,65650
Hickory,Pittsburg,65724
Hickory,Preston,65732
Hickory,Quincy,65735
Hickory,Weaubleau,65774
Hickory,Wheatland,65779
Holt,Oregon,64473
Holt,Craig,64437
Holt,Forest City,64451
Holt,Fortescue,64452
Holt,Maitland,64466
Holt,Mound City,64470
Howard,Fayette,65248
Howard,Armstrong,65230
Howard,Glasgow,65254
Howard,New Franklin,65274
Howell,West Plains,65775
Howell,Mountain View,65548
Howell,Pomona,65789
Howell,Summersville,65571
Howell,Willow Springs,65793
Iron,Ironton,63650
Iron,Annapolis,63620
Iron,Arcadia,63621
Iron,Pilot Knob,63663
Iron,Viburnum,65566
Jackson,Independence,64050
Jackson,Independence,64051
Jackson,Independence,64052
Jackson,Independence,64053
Jackson,Independence,64054
Jackson,Independence,64055
Jackson,Independence,64056
Jackson,Independence,64057
Jackson,Kansas City,64101
Jackson,Kansas City,64102
Jackson,Kansas City,64105
Jackson,Kansas City,64106
Jackson,Kansas City,64108
Jackson,Kansas City,64109
Jackson,Kansas City,64110
Jackson,Kansas City,64111
Jackson,Kansas City,64112
Jackson,Kansas City,64113
Jackson,Kansas City,64114
Jackson,Kansas City,64116
Jackson,Kansas City,64117
Jackson,Kansas City,64118
Jackson,Kansas City,64119
Jackson,Kansas City,64120
Jackson,Kansas City,64123
Jackson,Kansas City,64124
Jackson,Kansas City,64125
Jackson,Kansas City,64126
Jackson,Kansas City,64127
Jackson,Kansas City,64128
Jackson,Kansas City,64129
Jackson,Kansas City,64130
Jackson,Kansas City,64131
Jackson,Kansas City,64132
Jackson,Kansas City,64133
Jackson,Kansas City,64134
Jackson,Kansas City,64136
Jackson,Kansas City,64137
Jackson,Kansas City,64138
Jackson,Kansas City,64139
Jackson,Kansas City,64145
Jackson,Kansas City,64146
Jackson,Kansas City,64147
Jackson,Kansas City,64149
Jackson,Kansas City,64150
Jackson,Kansas City,64151
Jackson,Kansas City,64152
Jackson,Kansas City,64153
Jackson,Kansas City,64154
Jackson,Kansas City,64155
Jackson,Kansas City,64156
Jackson,Kansas City,64157
Jackson,Kansas City,64158
Jackson,Lees Summit,64063
Jackson,Lees Summit,64064
Jackson,Lees Summit,64081
Jackson,Lees Summit,64082
Jackson,Lees Summit,64086
Jackson,Blue Springs,64013
Jackson,Blue Springs,64014
Jackson,Blue Springs,64015
Jackson,Grain Valley,64029
Jackson,Grandview,64030
Jackson,Greenwood,64034
Jackson,Lake Lotawana,64086
Jackson,Lake Tapawingo,64015
Jackson,Lone Jack,64070
Jackson,Oak Grove,64075
Jackson,Rayt,64083
Jackson,Sugar Creek,64054
Jasper,Joplin,64801
Jasper,Joplin,64802
Jasper,Joplin,64803
Jasper,Joplin,64804
Jasper,Carthage,64836
Jasper,Alba,64830
Jasper,Asbury,64832
Jasper,Avilla,64833
Jasper,Carl Junction,64834
Jasper,Carterville,64835
Jasper,Duenweg,64841
Jasper,Duquesne,64801
Jasper,Neck City,64849
Jasper,Oronogo,64855
Jasper,Purcell,64857
Jasper,Sarcoxie,64862
Jasper,Webb City,64870
Jefferson,Festus,63028
Jefferson,Arnold,63010
Jefferson,Barnhart,63012
Jefferson,Cedar Hill,63016
Jefferson,Crystal City,63019
Jefferson,De Soto,63020
Jefferson,Herculaneum,63048
Jefferson,High Ridge,63049
Jefferson,Hillsboro,63050
Jefferson,House Springs,63051
Jefferson,Imperial,63052
Jefferson,Kimmswick,63053
Jefferson,Pevely,63070
Johnson,Warrensburg,64093
Johnson,Chilhowee,64733
Johnson,Holden,64040
Johnson,Knob Noster,65336
Johnson,Leeton,64761
Johnson,Centerview,64019
Knox,Edina,63537
Knox,Knox City,63446
Laclede,Lebanon,65536
Laclede,Conway,65632
Laclede,Phillipsburg,65722
Laclede,Richland,65556
Laclede,Stoutland,65567
Lafayette,Lexington,64067
Lafayette,Concordia,64020
Lafayette,Higginsville,64037
Lafayette,Mayview,64071
Lafayette,Odessa,64076
Lafayette,Waverly,64096
Lawrence,Mount Vernon,65712
Lawrence,Aurora,65605
Lawrence,Marionville,65705
Lawrence,Miller,65707
Lawrence,Monett,65708
Lawrence,Pierce City,65723
Lawrence,Stotts City,65756
Lawrence,Verona,65769
Lewis,Monticello,63457
Lewis,Canton,63435
Lewis,Durham,63438
Lewis,Ewing,63440
Lewis,La Belle,63447
Lewis,Lewistown,63452
Lincoln,Troy,63379
Lincoln,Moscow Mills,63362
Lincoln,Elsberry,63343
Lincoln,Foley,63347
Lincoln,Hawk Point,63349
Lincoln,Old Monroe,63369
Lincoln,Silex,63377
Lincoln,Truxton,63381
Lincoln,Whiteside,63387
Lincoln,Winfield,63389
Linn,Brookfield,64628
Linn,Bucklin,64631
Linn,Laclede,64651
Linn,Linneus,64653
Linn,Marceline,64658
Linn,Meadville,64659
Linn,Purdin,64674
Livingston,Chillicothe,64601
Livingston,Chula,64635
Livingston,Dawn,64638
Livingston,Ludlow,64656
Livingston,Mooresville,64664
Livingston,Wheeling,64688
Livingston,Utica,64686
Macon,Macon,63552
Macon,Atlanta,63530
Macon,Bevier,63532
Macon,Callao,63534
Macon,Elmer,63538
Macon,Ethel,63539
Macon,La Plata,63549
Macon,New Cambria,63558
Madison,Fredericktown,63645
Madison,Marquand,63655
Maries,Vienna,65582
Maries,Belle,65013
Maries,Meta,65058
Marion,Hannibal,63401
Marion,Palmyra,63461
Marion,Philadelphia,63463
McDonald,Pineville,64856
McDonald,Anderson,64831
McDonald,Goodman,64843
McDonald,Noel,64854
McDonald,South West City,64863
Mercer,Princeton,64673
Mercer,Newtown,64667
Miller,Tuscumbia,65082
Miller,Eldon,65026
Miller,Iberia,65486
Miller,Olean,65064
Miller,Ulman,65083
Mississippi,Charleston,63834
Mississippi,East Prairie,63845
Mississippi,Anniston,63820
Mississippi,Bertrand,63823
Mississippi,Wyatt,63882
Moniteau,California,65018
Moniteau,Clarksburg,65025
Moniteau,Jamestown,65046
Moniteau,Latham,65050
Moniteau,Tipton,65081
Monroe,Paris,65275
Monroe,Holliday,65258
Monroe,Madison,65263
Monroe,Santa Fe,65282
Monroe,Stoutsville,65283
Montgomery,Montgomery City,63361
Montgomery,Bellflower,63333
Montgomery,High Hill,63350
Montgomery,Jonesburg,63351
Montgomery,Middletown,63359
Montgomery,New Florence,63363
Montgomery,Wellsville,63384
Morgan,Versailles,65084
Morgan,Barnett,65011
Morgan,Florence,65329
Morgan,Gravois Mills,65037
Morgan,Rocky Mount,65072
Morgan,Stover,65078
Morgan,Syracuse,65354
New Madrid,New Madrid,63869
New Madrid,Canalou,63828
New Madrid,Catron,63833
New Madrid,Gideon,63848
New Madrid,Howardville,63869
New Madrid,Lilbourn,63862
New Madrid,Marston,63866
New Madrid,Matthews,63867
New Madrid,Morehouse,63868
New Madrid,Parma,63870
New Madrid,Portageville,63873
New Madrid,Risco,63874
Newton,Neosho,64850
Newton,Diamond,64840
Newton,Granby,64844
Newton,Newtonia,64853
Newton,Seneca,64865
Newton,Stark City,64866
Nodaway,Maryville,64468
Nodaway,Burlington Junction,64428
Nodaway,Clearmont,64431
Nodaway,Elmo,64445
Nodaway,Graham,64455
Nodaway,Hopkins,64461
Nodaway,Pickering,64475
Nodaway,Ravenwood,64479
Nodaway,Skidmore,64487
Oregon,Alton,65606
Oregon,Couch,65690
Oregon,Koshkonong,65692
Oregon,Myrtle,65778
Oregon,Thayer,65791
Osage,Linn,65051
Osage,Argyle,65001
Osage,Belle,65013
Osage,Bland,65014
Osage,Chamois,65024
Osage,Freeburg,65035
Osage,Loose Creek,65054
Osage,Meta,65058
Osage,Westphalia,65085
Ozark,Gainesville,65655
Ozark,Bakersfield,65609
Ozark,Brixey,65618
Ozark,Dora,65637
Ozark,Isabella,65676
Ozark,Noble,65715
Ozark,Pontiac,65729
Ozark,Thornfield,65762
Ozark,Udall,65766
Ozark,Wasola,65773
Pemiscot,Caruthersville,63830
Pemiscot,Braggadocio,63826
Pemiscot,Cooter,63839
Pemiscot,Gosnell,72315
Pemiscot,Hayti,63851
Pemiscot,Hayti Heights,63851
Pemiscot,Holland,63853
Pemiscot,Pascola,63872
Pemiscot,Steele,63877
Perry,Perryville,63775
Perry,Biehle,63625
Perry,Farrar,63746
Perry,Frohna,63748
Perry,Lithium,63876
Perry,Longtown,63755
Perry,St. Mary,63673
Pettis,Sedalia,65301
Pettis,Green Ridge,65332
Pettis,Hughesville,65334
Pettis,La Monte,65337
Pettis,Smithton,65350
Phelps,Rolla,65401
Phelps,Doolittle,65466
Phelps,Edgar Springs,65462
Phelps,Newburg,65550
Phelps,St. James,65559
Pike,Bowling Green,63334
Pike,Annada,63330
Pike,Clarksville,63336
Pike,Curryville,63339
Pike,Eolia,63344
Pike,Farber,63345
Pike,Louisiana,63353
Pike,Paynesville,63368
Pike,Vandalia,63382
Platte,Platte City,64079
Platte,Camden Point,64018
Platte,Dearborn,64439
Platte,Edgerton,64444
Platte,Farley,64028
Platte,Parkville,64152
Platte,Riverside,64150
Platte,Tracy,64079
Platte,Waldron,64092
Platte,Weston,64098
Polk,Bolivar,65613
Polk,Aldrich,65601
Polk,Fair Play,65649
Polk,Flemington,65650
Polk,Half Way,65663
Polk,Humansville,65674
Polk,Morrisville,65710
Polk,Pleasant Hope,65725
Pulaski,Waynesville,65583
Pulaski,Crocker,65452
Pulaski,Dixon,65459
Pulaski,Richland,65556
Pulaski,St. Robert,65584
Putnam,Unionville,63565
Putnam,Livonia,63551
Putnam,Powersville,64672
Ralls,New London,63459
Ralls,Center,63436
Ralls,Perry,63462
Randolph,Moberly,65270
Randolph,Cairo,65239
Randolph,Clark,65243
Randolph,Higbee,65257
Randolph,Huntsville,65259
Randolph,Jacksonville,65260
Ray,Richmond,64085
Ray,Hardin,64035
Ray,Lawson,64062
Ray,Orrick,64077
Ray,Rayville,64084
Reynolds,Ellington,63638
Reynolds,Centerville,63633
Reynolds,Lesterville,63654
Reynolds,Redford,63665
Reynolds,Reynolds,63601
Ripley,Doniphan,63935
Ripley,Briar,65929
Ripley,Current View,63936
Ripley,Fairdealing,63939
Ripley,Gatewood,63942
Ripley,Myrtle,65778
Ripley,Naylor,63953
Ripley,Oxly,63955
Ripley,Poynor,65717
Ripley,Riverdale,63960
St. Charles,St. Charles,63301
St. Charles,St. Charles,63302
St. Charles,St. Charles,63303
St. Charles,St. Charles,63304
St. Charles,St. Peters,63376
St. Charles,OFallon,63366
St. Charles,Cottleville,63338
St. Charles,Dardenne Prairie,63368
St. Charles,Lake Saint Louis,63367
St. Charles,St. Paul,63366
St. Charles,Weldon Spring,63304
St. Charles,Wentzville,63385
St. Charles,Augusta,63332
St. Clair,Osceola,64776
St. Clair,Appleton City,64724
St. Clair,Lowry City,64763
St. Clair,Roscoe,64781
St. Francois,Farmington,63640
St. Francois,Bonne Terre,63628
St. Francois,Desloge,63601
St. Francois,Esther,63601
St. Francois,Flat River,63601
St. Francois,Leadwood,63653
St. Francois,Park Hills,63601
St. Francois,Rivermines,63601
St. Francois,St. Francois,63640
St. Louis,St. Louis city,63101
St. Louis,St. Louis city,63102
St. Louis,St. Louis city,63103
St. Louis,St. Louis city,63104
St. Louis,St. Louis city,63105
St. Louis,St. Louis city,63106
St. Louis,St. Louis city,63107
St. Louis,St. Louis city,63108
St. Louis,St. Louis city,63109
St. Louis,St. Louis city,63110
St. Louis,St. Louis city,63111
St. Louis,St. Louis city,63112
St. Louis,St. Louis city,63113
St. Louis,St. Louis city,63114
St. Louis,St. Louis city,63115
St. Louis,St. Louis city,63116
St. Louis,St. Louis city,63117
St. Louis,St. Louis city,63118
St. Louis,St. Louis city,63119
St. Louis,St. Louis city,63120
St. Louis,St. Louis city,63121
St. Louis,St. Louis city,63122
St. Louis,St. Louis city,63123
St. Louis,St. Louis city,63124
St. Louis,St. Louis city,63125
St. Louis,St. Louis city,63126
St. Louis,St. Louis city,63127
St. Louis,St. Louis city,63128
St. Louis,St. Louis city,63129
St. Louis,St. Louis city,63130
St. Louis,St. Louis city,63131
St. Louis,St. Louis city,63132
St. Louis,St. Louis city,63133
St. Louis,St. Louis city,63134
St. Louis,St. Louis city,63135
St. Louis,St. Louis city,63136
St. Louis,St. Louis city,63137
St. Louis,St. Louis city,63138
St. Louis,St. Louis city,63139
St. Louis,St. Louis city,63140
St. Louis,St. Louis city,63141
St. Louis,St. Louis city,63143
St. Louis,St. Louis city,63144
St. Louis,St. Louis city,63145
St. Louis,St. Louis city,63146
St. Louis,St. Louis city,63147
St. Louis,Affton,63123
St. Louis,Ballwin,63011
St. Louis,Bel-Nor,63121
St. Louis,Bel-Ridge,63121
St. Louis,Bellefontaine Neighbors,63137
St. Louis,Brentwood,63144
St. Louis,Bridgeton,63044
St. Louis,Chesterfield,63005
St. Louis,Chesterfield,63017
St. Louis,Clayton,63105
St. Louis,Crestwood,63126
St. Louis,Creve Coeur,63141
St. Louis,Des Peres,63131
St. Louis,Ellisville,63011
St. Louis,Ferguson,63135
St. Louis,Florissant,63031
St. Louis,Florissant,63033
St. Louis,Florissant,63034
St. Louis,Frontenac,63131
St. Louis,Glendale,63122
St. Louis,Hazelwood,63042
St. Louis,Jennings,63136
St. Louis,Kirkwood,63122
St. Louis,Ladue,63124
St. Louis,Manchester,63011
St. Louis,Manchester,63021
St. Louis,Maplewood,63143
St. Louis,Maryland Heights,63043
St. Louis,Mehlville,63125
St. Louis,Normandy,63121
St. Louis,Olivette,63132
St. Louis,Overland,63114
St. Louis,Richmond Heights,63117
St. Louis,Rock Hill,63119
St. Louis,St. Ann,63074
St. Louis,St. John,63114
St. Louis,Shrewsbury,63119
St. Louis,Spanish Lake,63138
St. Louis,University City,63130
St. Louis,Valley Park,63088
St. Louis,Webster Groves,63119
St. Louis,Wildwood,63005
St. Louis,Wildwood,63011
St. Louis,Wildwood,63021
St. Louis,Wildwood,63025
St. Louis,Wildwood,63038
Ste. Genevieve,Ste. Genevieve,63670
Ste. Genevieve,Bloomsdale,63627
Saline,Marshall,65340
Saline,Arrow Rock,65320
Saline,Glasgow,65254
Saline,Malta Bend,65339
Saline,Miami,65344
Saline,Nelson,65347
Saline,Slater,65349
Saline,Sweet Springs,65351
Schuyler,Queen City,63561
Schuyler,Downing,63536
Schuyler,Glenwood,63541
Schuyler,Lancaster,63548
Scotland,Memphis,63555
Scotland,Gorin,63543
Scott,Sikeston,63801
Scott,Benton,63736
Scott,Blodgett,63824
Scott,Chaffee,63740
Scott,Commerce,63742
Scott,Haywood City,63851
Scott,Kelso,63758
Scott,Morley,63767
Scott,Morley,63767
Scott,Oran,63771
Scott,Scott City,63780
Scott,Vanduser,63784
Shannon,Eminence,65466
Shannon,Birch Tree,65438
Shannon,Summersville,65571
Shannon,Winona,65588
Shelby,Shelbyville,63469
Shelby,Bethel,63434
Shelby,Clarence,63437
Shelby,Emden,63439
Shelby,Hunnewell,63443
Shelby,Leonard,63451
Shelby,Lentner,63450
Shelby,Shelbina,63468
Stoddard,Bloomfield,63825
Stoddard,Advance,63730
Stoddard,Bell City,63735
Stoddard,Bernie,63822
Stoddard,Dexter,63841
Stoddard,Dudley,63936
Stoddard,Essex,63846
Stoddard,Grayridge,63850
Stoddard,Holcomb,63852
Stoddard,Mc Gee,63763
Stoddard,Puxico,63960
Stone,Branson,65616
Stone,Branson West,65737
Stone,Crane,65633
Stone,Galena,65656
Stone,Hurley,65675
Stone,Kimberling City,65686
Stone,Reeds Spring,65737
Sullivan,Milan,63556
Sullivan,Green City,63545
Sullivan,Humphreys,64646
Sullivan,Pollock,64563
Sullivan,Reger,63560
Taney,Branson,65615
Taney,Branson,65616
Taney,Bull Creek,65619
Taney,Forsyth,65653
Taney,Hollister,65672
Taney,Kirbyville,65679
Taney,Rockaway Beach,65740
Taney,Taneyville,65759
Texas,Houston,65483
Texas,Cabool,65689
Texas,Licking,65542
Texas,Mountain Grove,65711
Texas,Raymondville,65555
Texas,Success,65570
Texas,Summersville,65571
Vernon,Nevada,64772
Vernon,Bronaugh,64728
Vernon,Deerfield,64741
Vernon,Harwood,64750
Vernon,Horton,64751
Vernon,Metz,64766
Vernon,Milo,64767
Vernon,Moundville,64771
Vernon,Schell City,64783
Vernon,Sheldon,64784
Vernon,Walker,64790
Warren,Warrenton,63383
Warren,Marthasville,63357
Warren,Truesdale,63380
Warren,Wright City,63390
Washington,Potosi,63664
Washington,Cadet,63630
Washington,Irondale,63648
Washington,Mineral Point,63660
Washington,Old Mines,63630
Washington,Richwoods,63071
Wayne,Piedmont,63957
Wayne,Greenville,63944
Wayne,Patterson,63956
Wayne,Silva,63964
Webster,Marshfield,65706
Webster,Fordland,65652
Webster,Niangua,65713
Webster,Rogersville,65742
Webster,Seymour,65746
Worth,Grant City,64456
Worth,Denver,64441
Worth,Sheridan,64486
Worth,Worth,64499
Wright,Hartville,65667
Wright,Graff,65660
Wright,Macomb,65702
Wright,Mansfield,65704
Wright,Mountain Grove,65711
Wright,Norwood,65717
