Name,Full_Address,Street_Address,City,Zip,State,Country,Timezone,Phone_1,Email,Website,Domain,First_category,Second_category,Claimed_google_my_business,Reviews_count,Average_rating,Business Status,Hours,Saturday,Sunday,Monday,Tuesday,Wednesday,Thursday,Friday,Latitude,Longitude,GMB_URL,Google_Knowledge_URL,Image_URL,Favicon,Review_URL,Phone From WEBSITE,Facebook URL,Twitter URL,Instagram URL,Youtube URL
Big Sky E Bike Tours LLC,405 Scott St W  Gardiner  MT 59030  United States,405 Scott St W,Gardiner,59030,Montana,US,America/Denver,14062238139,,http://www.bigskyebiketours.com/,bigskyebiketours.com,Bicycle rental service, ,Yes,149,5,open,"Saturday, 9 AM-5 PM; Sunday, 9 AM-5 PM; Monday, 9 AM-5 PM; Tuesday, 9 AM-5:30 PM; Wednesday, 9 AM-5 PM; Thursday, 9 AM-5 PM; Friday, 9 AM-5 PM; ",9 AM-5 PM,9 AM-5 PM,9 AM-5 PM,9 AM-5:30 PM,9 AM-5 PM,9 AM-5 PM,9 AM-5 PM,Lat 45.0336028,Lng -110.7066811,https://www.google.com/maps/place/?q=place_id:ChIJgTJvrWzRT1MRMTLPUxln4nE,https://www.google.com/search?kgmid=/g/11jrtgl43h,https://lh5.googleusercontent.com/p/AF1QipM5ekaTEO48OR4EPbHyR-8mLdTGlsWO3PGm9U-f,"https://t1.gstatic.com/faviconV2?client=SOCIAL&type=FAVICON&fallback_opts=TYPE,SIZE,URL&url=http://www.bigskyebiketours.com/&size=48","https://search.google.com/local/reviews?placeid=ChIJgTJvrWzRT1MRMTLPUxln4nE&q=bicycle+shop+near+Big+Timber,+Montana,+USA&authuser=0&hl=en",//14062238139, , ,,
Dan Bailey's Outdoor Co,209 W Park St  Livingston  MT 59047  United States,209 W Park St,Livingston,59047,Montana,US,America/Denver,14062221673,,https://danbaileys.com/,danbaileys.com,Bicycle rental service,,Yes,181,4.6,open,"Saturday, 9 AM-6 PM; Sunday, 9 AM-3 PM; Monday, 9 AM-6 PM; Tuesday, 9 AM-6 PM; Wednesday, 9 AM-6 PM; Thursday, 9 AM-6 PM; Friday, 9 AM-6 PM; ",9 AM-6 PM,9 AM-3 PM,9 AM-6 PM,9 AM-6 PM,9 AM-6 PM,9 AM-6 PM,9 AM-6 PM,Lat 45.661369,Lng -110.5625871,https://www.google.com/maps/place/?q=place_id:ChIJ5ec1PZl7RVMRDhFnP2U2p0k,https://www.google.com/search?kgmid=/g/1trtt_00,https://lh5.googleusercontent.com/p/AF1QipNQeizQ0ByeGD9E5OPecVY92ZPw18xKgpnZ5Ztl,"https://t1.gstatic.com/faviconV2?client=SOCIAL&type=FAVICON&fallback_opts=TYPE,SIZE,URL&url=https://danbaileys.com/&size=48","https://search.google.com/local/reviews?placeid=ChIJ5ec1PZl7RVMRDhFnP2U2p0k&q=bicycle+shop+near+Baker,+Montana,+USA&authuser=0&hl=en",406-222-1673 | 14062221673,https://www.facebook.com/DanBaileys, ,https://www.instagram.com/dan_baileys_outdoor_co/,
Beartooth E-Bike Rentals,510 Broadway Ave  Red Lodge  MT 59068  United States,510 Broadway Ave,Red Lodge,59068,Montana,US,America/Denver,14066683399,beartoothebikes@gmail.com,http://www.beartoothebikes.com/,beartoothebikes.com,Bicycle rental service, ,Yes,5,4.2,open,"Friday, 9 AM-5:30 PM; Saturday, 9 AM-5:30 PM; Sunday, 9 AM-5:30 PM; Monday, 9 AM-5:30 PM; Tuesday, 9 AM-5:30 PM; Wednesday, 9 AM-5:30 PM; Thursday, 9 AM-5:30 PM; ",9 AM-5:30 PM,9 AM-5:30 PM,9 AM-5:30 PM,9 AM-5:30 PM,9 AM-5:30 PM,9 AM-5:30 PM,9 AM-5:30 PM,Lat 45.1925611,Lng -109.2466606,https://www.google.com/maps/place/?q=place_id:ChIJuYSWWYorT1MRsnGVDjJa29A,https://www.google.com/search?kgmid=/g/11sdqnrfsw,https://lh5.googleusercontent.com/p/AF1QipNGOITBK1SUrvbZOdNTijw73xjXTKE87VFUmSeA,"https://t1.gstatic.com/faviconV2?client=SOCIAL&type=FAVICON&fallback_opts=TYPE,SIZE,URL&url=http://www.beartoothebikes.com/&size=48","https://search.google.com/local/reviews?placeid=ChIJuYSWWYorT1MRsnGVDjJa29A&q=bicycle+shop+near+Deer+Lodge,+Montana,+USA&authuser=0&hl=en",, , ,,
Red Lodge Bike Center,519 Broadway Ave  Red Lodge  MT 59068  United States,519 Broadway Ave,Red Lodge,59068,Montana,US,America/Denver,,,https://redlodgebikecenter.com/,redlodgebikecenter.com,Bicycle repair shop, ,Yes,,,open,"Friday, Closed; Saturday, 9-11 AM; Sunday, Closed; Monday, Closed; Tuesday, 9 AM-12 PM; Wednesday, Closed; Thursday, 5-7 PM; ",9-11 AM,Closed,Closed,9 AM-12 PM,Closed,5-7 PM,Closed,Lat 45.181355499999995,Lng -109.24751669999999,https://www.google.com/maps/place/?q=place_id:ChIJMVWn2ykrT1MRhJWzHAZ3obk,https://www.google.com/search?kgmid=/g/11xygnn0dd,https://lh5.googleusercontent.com/p/q0pN2VZs4S2_2lYQkw6qcA,"https://t1.gstatic.com/faviconV2?client=SOCIAL&type=FAVICON&fallback_opts=TYPE,SIZE,URL&url=https://redlodgebikecenter.com/&size=48", ,,https://www.facebook.com/100964812845672, ,,
Green-Go Bicycles Llc,14 Memory Ln  Billings  MT 59101  United States,14 Memory Ln,Billings,59101,Montana,US,America/Denver,,,,,Bicycle store, ,Yes,1,1,open,"Saturday, 12-2 PM; Sunday, Closed; Monday, 1-5 PM; Tuesday, 10 AM-5:30 PM; Wednesday, 10 AM-5:30 PM; Thursday, 10 AM-5:30 PM; Friday, 10 AM-5 PM; ",12-2 PM,Closed,1-5 PM,10 AM-5:30 PM,10 AM-5:30 PM,10 AM-5:30 PM,10 AM-5 PM,Lat 45.7991258,Lng -108.43802629999999,https://www.google.com/maps/place/?q=place_id:ChIJgUogTRNxSFMRRx4M9_zzQb8,https://www.google.com/search?kgmid=/g/1tf6rg6j,https://lh5.googleusercontent.com/p/cdiLI9JwLsaVN_pPuMSJUA, ,"https://search.google.com/local/reviews?placeid=ChIJgUogTRNxSFMRRx4M9_zzQb8&q=bicycle+shop+near+Hardin,+Montana,+USA&authuser=0&hl=en", , , , , 
Pedego Electric Bikes Billings,820 Shiloh Crossing Blvd Ste 5  Billings  MT 59102  United States,820 Shiloh Crossing Blvd Ste 5,Billings,59102,Montana,US,America/Denver,14062481515,info@pedegobillings.com,https://pedegoelectricbikes.com/dealers/billings/,pedegoelectricbikes.com,Bicycle store,Bicycle rental service,Yes,20,5,open,"Saturday, 10 AM-4 PM; Sunday, Closed; Monday, Closed; Tuesday, 10 AM-5 PM; Wednesday, 10 AM-5 PM; Thursday, 10 AM-5 PM; Friday, 10 AM-5 PM; ",10 AM-4 PM,Closed,Closed,10 AM-5 PM,10 AM-5 PM,10 AM-5 PM,10 AM-5 PM,Lat 45.7548171,Lng -108.61464339999999,https://www.google.com/maps/place/?q=place_id:ChIJs5FLXapjSFMRVgkcvN6sxdk,https://www.google.com/search?kgmid=/g/11qgcgn729,https://lh5.googleusercontent.com/p/AF1QipMqG5asolZQHu4C1DKk21uMFGTCYCx9GfEGP9aB,"https://t1.gstatic.com/faviconV2?client=SOCIAL&type=FAVICON&fallback_opts=TYPE,SIZE,URL&url=https://pedegoelectricbikes.com/dealers/billings/&size=48","https://search.google.com/local/reviews?placeid=ChIJs5FLXapjSFMRVgkcvN6sxdk&q=bicycle+shop+near+Hardin,+Montana,+USA&authuser=0&hl=en",14062481515,https://www.facebook.com/108777961526621, ,https://www.instagram.com/pedego,https://www.youtube.com/@PedegoElectricBikes
The Spoke Shop,1910 Broadwater Ave  Billings  MT 59102  United States,1910 Broadwater Ave,Billings,59102,Montana,US,America/Denver,14066568342,,http://www.spokeshop.com/,spokeshop.com,Bicycle store,Bicycle rental service,Yes,626,4.9,open,"Saturday, 10 AM-5 PM; Sunday, 11 AM-4 PM; Monday, 10 AM-6 PM; Tuesday, 10 AM-6 PM; Wednesday, 10 AM-6 PM; Thursday, 10 AM-6 PM; Friday, 10 AM-6 PM; ",10 AM-5 PM,11 AM-4 PM,10 AM-6 PM,10 AM-6 PM,10 AM-6 PM,10 AM-6 PM,10 AM-6 PM,Lat 45.7766904,Lng -108.5646306,https://www.google.com/maps/place/?q=place_id:ChIJMYyjBLl8SFMRPuCJdTTbgig,https://www.google.com/search?kgmid=/g/1td9df6t,https://lh5.googleusercontent.com/p/CIHM0ogKEICAgICuwOv3Zw,"https://t1.gstatic.com/faviconV2?client=SOCIAL&type=FAVICON&fallback_opts=TYPE,SIZE,URL&url=http://www.spokeshop.com/&size=48","https://search.google.com/local/reviews?placeid=ChIJMYyjBLl8SFMRPuCJdTTbgig&q=bicycle+shop+near+Cut+Bank,+Montana,+USA&authuser=0&hl=en",,https://www.facebook.com/TheSpokeShop/, ,,
The Bike Shop,2010 Grand Ave suite 4  Billings  MT 59102  United States,2010 Grand Ave suite 4,Billings,59102,Montana,US,America/Denver,14066521202,,http://www.billingsbikeshop.com/,billingsbikeshop.com,Bicycle store,Bicycle repair shop,Yes,69,4.9,open,"Saturday, 9 AM-5 PM; Sunday, Closed; Monday, Closed; Tuesday, 9 AM-5 PM; Wednesday, 9 AM-5 PM; Thursday, 9 AM-5 PM; Friday, 9 AM-5 PM; ",9 AM-5 PM,Closed,Closed,9 AM-5 PM,9 AM-5 PM,9 AM-5 PM,9 AM-5 PM,Lat 45.7838211,Lng -108.5671235,https://www.google.com/maps/place/?q=place_id:ChIJubTKCJZ8SFMRN5uRQfzAlyk,https://www.google.com/search?kgmid=/g/1tdbwdxs,https://lh5.googleusercontent.com/p/AF1QipNbPHx-ZHu-nMnif5lx8TyXKWLRPjNNF8WYSK1R,"https://t1.gstatic.com/faviconV2?client=SOCIAL&type=FAVICON&fallback_opts=TYPE,SIZE,URL&url=http://www.billingsbikeshop.com/&size=48","https://search.google.com/local/reviews?placeid=ChIJubTKCJZ8SFMRN5uRQfzAlyk&q=bicycle+shop+near+Cut+Bank,+Montana,+USA&authuser=0&hl=en",, , , , 
REI,711 Henry Chapple St  Billings  MT 59106  United States,711 Henry Chapple St,Billings,59106,Montana,US,America/Denver,14065003075,,https://www.rei.com/stores/billings?y_source=1_MTU1MDM5ODAtNzE1LWxvY2F0aW9uLndlYnNpdGU=,rei.com,Bicycle repair shop,,Yes,124,4.3,open,"Saturday, 10 AM-7 PM; Sunday, 10 AM-6 PM; Monday, 10 AM-8 PM; Tuesday, 10 AM-8 PM; Wednesday, 10 AM-8 PM; Thursday, 10 AM-8 PM; Friday, 10 AM-8 PM; ",10 AM-7 PM,10 AM-6 PM,10 AM-8 PM,10 AM-8 PM,10 AM-8 PM,10 AM-8 PM,10 AM-8 PM,Lat 45.7556339,Lng -108.61870189999999,https://www.google.com/maps/place/?q=place_id:ChIJy1YbuN59SFMRZJ7eDmyuv8Y,https://www.google.com/search?kgmid=/g/11jnxkh8gx,https://lh5.googleusercontent.com/p/CIHM0ogKEICAgIDmj9WFtQE,"https://t1.gstatic.com/faviconV2?client=SOCIAL&type=FAVICON&fallback_opts=TYPE,SIZE,URL&url=https://www.rei.com/stores/billings?y_source=1_MTU1MDM5ODAtNzE1LWxvY2F0aW9uLndlYnNpdGU=&size=48","https://search.google.com/local/reviews?placeid=ChIJy1YbuN59SFMRZJ7eDmyuv8Y&q=bicycle+shop+near+Hardin,+Montana,+USA&authuser=0&hl=en",14065003075,https://www.facebook.com/REI/, ,https://www.instagram.com/rei/,https://www.youtube.com/user/reifindout/
Spirit of Life Community Bike Shop,233 Cascade St  Wolf Point  MT 59201  United States,233 Cascade St,Wolf Point,59201,Montana,US,America/Denver,14066502089,,https://www.spiritoflifefp.org/,spiritoflifefp.org,Bicycle repair shop, ,Yes,,,open,"Saturday, 10 AM-4 PM; Sunday, Closed; Monday, Closed; Tuesday, Closed; Wednesday, Closed; Thursday, 10 AM-4 PM; Friday, 10 AM-4 PM; ",10 AM-4 PM,Closed,Closed,Closed,Closed,10 AM-4 PM,10 AM-4 PM,Lat 48.093531999999996,Lng -105.6408482,https://www.google.com/maps/place/?q=place_id:ChIJ6UHDpGHNPFMRByXKBJJtJFo,https://www.google.com/search?kgmid=/g/11f660st47,https://lh5.googleusercontent.com/p/2fr8gpQ1Zu9h5THEWLWkRA,"https://t1.gstatic.com/faviconV2?client=SOCIAL&type=FAVICON&fallback_opts=TYPE,SIZE,URL&url=https://www.spiritoflifefp.org/&size=48", ,, , ,,
Cherry Creek Gear Shop,239 4th St S  Glasgow  MT 59230  United States,239 4th St S,Glasgow,59230,Montana,US,America/Denver,14069422789,,https://www.facebook.com/cherrycreekgearshop,facebook.com,Bicycle store,Outdoor sports store,Yes,6,4.3,open,"Friday, 11 AM-5 PM; Saturday, Closed; Sunday, Closed; Monday, 11 AM-5 PM; Tuesday, 11 AM-3 PM; Wednesday, 11 AM-5 PM; Thursday, 11 AM-3 PM; ",Closed,Closed,11 AM-5 PM,11 AM-3 PM,11 AM-5 PM,11 AM-3 PM,11 AM-5 PM,Lat 48.1930902,Lng -106.63557109999999,https://www.google.com/maps/place/?q=place_id:ChIJ7c8AYOqrPVMRGInjxa80eNE,https://www.google.com/search?kgmid=/g/11h4cgvwwz,https://lh5.googleusercontent.com/p/CIHM0ogKEICAgICc-trlbA,"https://t1.gstatic.com/faviconV2?client=SOCIAL&type=FAVICON&fallback_opts=TYPE,SIZE,URL&url=https://www.facebook.com/cherrycreekgearshop&size=48","https://search.google.com/local/reviews?placeid=ChIJ7c8AYOqrPVMRGInjxa80eNE&q=bicycle+shop+near+Sidney,+Montana,+USA&authuser=0&hl=en",, , ,,
Rising Wolf Outfitters,218 US-2  East Glacier Park  MT 59434  United States,218 US-2,East Glacier Park,59434,Montana,US,America/Denver,14062607301,,https://www.risingwolfoutfitters.com/,risingwolfoutfitters.com,Bicycle rental service,Canoe & kayak rental service,Yes,107,4.8,open,"Saturday, 8 AM-3 PM; Sunday, Closed; Monday, 8 AM-3 PM; Tuesday, 8 AM-3 PM; Wednesday, 8 AM-3 PM; Thursday, 8 AM-3 PM; Friday, 8 AM-3 PM; ",8 AM-3 PM,Closed,8 AM-3 PM,8 AM-3 PM,8 AM-3 PM,8 AM-3 PM,8 AM-3 PM,Lat 48.4409476,Lng -113.2182682,https://www.google.com/maps/place/?q=place_id:ChIJ_Wo4_3iNaFMRABJg_nq3YmE,https://www.google.com/search?kgmid=/g/11swzwgc8t,https://lh5.googleusercontent.com/p/CIHM0ogKEICAgICx3YmgQg,"https://t1.gstatic.com/faviconV2?client=SOCIAL&type=FAVICON&fallback_opts=TYPE,SIZE,URL&url=https://www.risingwolfoutfitters.com/&size=48","https://search.google.com/local/reviews?placeid=ChIJ_Wo4_3iNaFMRABJg_nq3YmE&q=bicycle+shop+near+Browning+town,+Montana,+USA&authuser=0&hl=en",,https://www.facebook.com/risingwolfoutfitters, ,https://www.instagram.com/risingwolfoutfitters/,
High Plains Bike,816 W Montana St  Lewistown  MT 59457  United States,816 W Montana St,Lewistown,59457,Montana,US,America/Denver,14063800047,,,,Bicycle repair shop,Bicycle wholesaler,Yes,4,5,open, ,,,,,,,,Lat 47.063860899999995,Lng -109.435279,https://www.google.com/maps/place/?q=place_id:ChIJ0xdhIgzVQFMRuG6PPmZt5MA,https://www.google.com/search?kgmid=/g/11fm4mg4bx,https://lh5.googleusercontent.com/p/Hf_hpsb8HK9WiFOfu7FhFQ, ,https://search.google.com/local/reviews?placeid=ChIJ0xdhIgzVQFMRuG6PPmZt5MA&q=High+Plains+Bike&authuser=0&hl=en, , , , , 
Havre Bicycle Center,117 4th Ave  Havre  MT 59501  United States,117 4th Ave,Havre,59501,Montana,US,America/Denver,14062653654,,,,Bicycle store, ,No,21,4,open,"Friday, Open 24 hours; Saturday, Open 24 hours; Sunday, Open 24 hours; Monday, Open 24 hours; Tuesday, Open 24 hours; Wednesday, Open 24 hours; Thursday, Open 24 hours; ",Open 24 hours,Open 24 hours,Open 24 hours,Open 24 hours,Open 24 hours,Open 24 hours,Open 24 hours,Lat 48.5530131,Lng -109.6765116,https://www.google.com/maps/place/?q=place_id:ChIJiXtk72ezalMRzBMewauY9Rs,https://www.google.com/search?kgmid=/g/1tg34x0r,https://lh5.googleusercontent.com/p/MunX2w0mJoclB26zNe1Lqg, ,https://search.google.com/local/reviews?placeid=ChIJiXtk72ezalMRzBMewauY9Rs&q=Havre+Bicycle+Center&authuser=0&hl=en, , , , , 
Big Sky Cycling,801 N Last Chance Gulch  Helena  MT 59601  United States,801 N Last Chance Gulch,Helena,59601,Montana,US,America/Denver,14064424644,admin@bigskybikes.com,http://bigskybikes.com/,bigskybikes.com,Bicycle store, ,Yes,386,4.9,open,"Friday, 10 AM-6 PM; Saturday, 10 AM-5 PM; Sunday, Closed; Monday, 10 AM-6 PM; Tuesday, 10 AM-6 PM; Wednesday, 10 AM-6 PM; Thursday, 10 AM-6 PM; ",10 AM-5 PM,Closed,10 AM-6 PM,10 AM-6 PM,10 AM-6 PM,10 AM-6 PM,10 AM-6 PM,Lat 46.595290399999996,Lng -112.03387389999999,https://www.google.com/maps/place/?q=place_id:ChIJ20XPCh1VQ1MRAn2xUtsU95E,https://www.google.com/search?kgmid=/g/1tf70lrh,https://lh5.googleusercontent.com/p/CIHM0ogKEICAgIDEo6eQcg,"https://t1.gstatic.com/faviconV2?client=SOCIAL&type=FAVICON&fallback_opts=TYPE,SIZE,URL&url=http://bigskybikes.com/&size=48","https://search.google.com/local/reviews?placeid=ChIJ20XPCh1VQ1MRAn2xUtsU95E&q=bicycle+shop+near+Helena,+Montana,+USA&authuser=0&hl=en",14064424644,https://www.facebook.com/BigSkyCyclingandFitness/, ,https://www.instagram.com/bigskycyclery/,
The Garage,334 N Jackson St  Helena  MT 59601  United States,334 N Jackson St,Helena,59601,Montana,US,America/Denver,14064225388,dan@greatdividecyclery.com,https://www.greatdividecyclery.com/,greatdividecyclery.com,Bicycle repair shop,Bicycle Shop,Yes,31,5,open,"Friday, 10 AM-5 PM; Saturday, 10 AM-5 PM; Sunday, Closed; Monday, Closed; Tuesday, 10 AM-5 PM; Wednesday, 10 AM-5 PM; Thursday, 10 AM-5 PM; ",10 AM-5 PM,Closed,Closed,10 AM-5 PM,10 AM-5 PM,10 AM-5 PM,10 AM-5 PM,Lat 46.589599299999996,Lng -112.0375062,https://www.google.com/maps/place/?q=place_id:ChIJXaQgJxlVQ1MRufQCgQEC3K8,https://www.google.com/search?kgmid=/g/1hc6d1mc6,https://lh5.googleusercontent.com/p/CIHM0ogKEICAgIDE9vCLaA,"https://t1.gstatic.com/faviconV2?client=SOCIAL&type=FAVICON&fallback_opts=TYPE,SIZE,URL&url=https://www.greatdividecyclery.com/&size=48","https://search.google.com/local/reviews?placeid=ChIJXaQgJxlVQ1MRufQCgQEC3K8&q=bicycle+shop+near+Helena,+Montana,+USA&authuser=0&hl=en",+14064435188 | +14064225388,https://www.facebook.com/GreatDivideCyclery/, ,https://www.instagram.com/greatdividecyclery/,
Queen City Wheel House,1015 Poplar St  Helena  MT 59601  United States,1015 Poplar St,Helena,59601,Montana,US,America/Denver,,qcwheelhouse@gmail.com,http://queencitywheelhouse.com/,queencitywheelhouse.com,Bicycle store, ,Yes,14,5,open,"Friday, 3:30-5:30 PM; Saturday, 9 AM-12 PM; Sunday, Closed; Monday, Closed; Tuesday, Closed; Wednesday, 3:30-5:30 PM; Thursday, 3:30-5:30 PM; ",9 AM-12 PM,Closed,Closed,Closed,3:30-5:30 PM,3:30-5:30 PM,3:30-5:30 PM,Lat 46.6044748,Lng -112.0224523,https://www.google.com/maps/place/?q=place_id:ChIJV8zgHBJVQ1MR4XCONFlqtTM,https://www.google.com/search?kgmid=/g/11j4lc_jwx,https://lh5.googleusercontent.com/p/AF1QipMWMDz4sMnwquRXhxrmN8fLpsoUWUnBoqlZ52Br,"https://t1.gstatic.com/faviconV2?client=SOCIAL&type=FAVICON&fallback_opts=TYPE,SIZE,URL&url=http://queencitywheelhouse.com/&size=48","https://search.google.com/local/reviews?placeid=ChIJV8zgHBJVQ1MR4XCONFlqtTM&q=bicycle+shop+near+Helena,+Montana,+USA&authuser=0&hl=en",,https://www.facebook.com/queencitywh/, ,,
Great Divide Cyclery,334 & 336 N Jackson St  Helena  MT 59601  United States,334 & 336 N Jackson St,Helena,59601,Montana,US,America/Denver,14064435188,,http://greatdividecyclery.com/,greatdividecyclery.com,Bicycle store, ,Yes,71,4.8,open,"Friday, 10 AM-5 PM; Saturday, 10 AM-5 PM; Sunday, Closed; Monday, Closed; Tuesday, 10 AM-5 PM; Wednesday, 10 AM-5 PM; Thursday, 10 AM-5 PM; ",10 AM-5 PM,Closed,Closed,10 AM-5 PM,10 AM-5 PM,10 AM-5 PM,10 AM-5 PM,Lat 46.5896483,Lng -112.037382,https://www.google.com/maps/place/?q=place_id:ChIJ88vfJhlVQ1MRs503WWpY_Z8,https://www.google.com/search?kgmid=/g/1thk8dpk,https://lh5.googleusercontent.com/p/CIHM0ogKEICAgIDE9ojAyAE,"https://t1.gstatic.com/faviconV2?client=SOCIAL&type=FAVICON&fallback_opts=TYPE,SIZE,URL&url=http://greatdividecyclery.com/&size=48","https://search.google.com/local/reviews?placeid=ChIJ88vfJhlVQ1MRs503WWpY_Z8&q=bicycle+shop+near+Helena,+Montana,+USA&authuser=0&hl=en",+14064435188 | +14064225388,https://www.facebook.com/GreatDivideCyclery/, ,https://www.instagram.com/greatdividecyclery/,
D & D Motorized Bikes of Helena,2120 Euclid Ave  Helena  MT 59601  United States,2120 Euclid Ave,Helena,59601,Montana,US,America/Denver,14064438051,,,,Bicycle repair shop, ,No,1,5,open, ,,,,,,,,Lat 46.607088,Lng -112.067917,https://www.google.com/maps/place/?q=place_id:ChIJSXMEGxBVQ1MRjggDsD_7ydw,https://www.google.com/search?kgmid=/g/11jg5x3qjy,https://lh5.googleusercontent.com/p/dufdVMOs2r_pjwZg5Xqcdw, ,"https://search.google.com/local/reviews?placeid=ChIJSXMEGxBVQ1MRjggDsD_7ydw&q=bicycle+shop+near+East+Helena,+Montana,+USA&authuser=0&hl=en", , , , , 
Story Street Cycles,204 S Beattie St  Helena  MT 59601  United States,204 S Beattie St,Helena,59601,Montana,US,America/Denver,,,https://www.storystreetcycles.com/,storystreetcycles.com,Bicycle store, ,Yes,,,open, ,,,,,,,,Lat 46.582818499999995,Lng -112.02978329999999,https://www.google.com/maps/place/?q=place_id:ChIJR-z3KElVQ1MRmr0T_EcP8ZY,https://www.google.com/search?kgmid=/g/11trq_nw9r,https://lh5.googleusercontent.com/p/cCKuMqoQhjvF54gNbnuUCw,"https://t1.gstatic.com/faviconV2?client=SOCIAL&type=FAVICON&fallback_opts=TYPE,SIZE,URL&url=https://www.storystreetcycles.com/&size=48", ,, , ,http://www.google.com/url?q=http%3A%2F%2Fwww.instagram.com%2Fstorystreetcycles%2F&sa=D&sntz=1&usg=AOvVaw19n7zV5qegOMgmXCBH2PX5,
The Derailed Bike Shop,120 W Broadway St  Butte  MT 59701  United States,120 W Broadway St,Butte,59701,Montana,US,America/Denver,14062992710,derailedbikes@gmail.com,http://derailedbikes.com/,derailedbikes.com,Bicycle store,Bicycle repair shop,Yes,59,4.8,open,"Friday, 12-4 PM; Saturday, Closed; Sunday, Closed; Monday, Closed; Tuesday, 12-4 PM; Wednesday, 12-4 PM; Thursday, 12-4 PM; ",Closed,Closed,Closed,12-4 PM,12-4 PM,12-4 PM,12-4 PM,Lat 46.0132759,Lng -112.5387938,https://www.google.com/maps/place/?q=place_id:ChIJKbN6KJ8JW1MRUHEtmOJow4g,https://www.google.com/search?kgmid=/g/11hd9jpsv8,https://lh5.googleusercontent.com/p/AF1QipO0XG0YjbtiizaHHodCBUowFgzRJD-sK9bNzNS-,"https://t1.gstatic.com/faviconV2?client=SOCIAL&type=FAVICON&fallback_opts=TYPE,SIZE,URL&url=http://derailedbikes.com/&size=48","https://search.google.com/local/reviews?placeid=ChIJKbN6KJ8JW1MRUHEtmOJow4g&q=bicycle+shop+near+Butte-Silver+Bow+(balance),+Montana,+USA&authuser=0&hl=en",14062992710 | +14062992710,https://www.facebook.com/DerailedBikes, ,https://www.instagram.com/derailedbikes,
Bad Beaver Bikes,138 W Park St  Butte  MT 59701  United States,138 W Park St,Butte,59701,Montana,US,America/Denver,14067824358,,,,Bicycle store, ,Yes,32,4.8,open,"Saturday, 11 AM-1 PM; Sunday, Closed; Monday, Closed; Tuesday, 11 AM-5 PM; Wednesday, 11 AM-5 PM; Thursday, 11 AM-5 PM; Friday, 11 AM-5 PM; ",11 AM-1 PM,Closed,Closed,11 AM-5 PM,11 AM-5 PM,11 AM-5 PM,11 AM-5 PM,Lat 46.012541399999996,Lng -112.5388905,https://www.google.com/maps/place/?q=place_id:ChIJJRYdq7UJW1MRDj3avgiCWVg,https://www.google.com/search?kgmid=/g/1tg15d9h,https://lh5.googleusercontent.com/p/CIHM0ogKEICAgIC4j7zbIA, ,"https://search.google.com/local/reviews?placeid=ChIJJRYdq7UJW1MRDj3avgiCWVg&q=bicycle+shop+near+Columbus+town,+Montana,+USA&authuser=0&hl=en", , , , , 
Anaconda Bicycles,116 Main St  Anaconda  MT 59711  United States,116 Main St,Anaconda,59711,Montana,US,America/Denver,14066343622,anacondabicycles@gmail.com,http://www.anacondabicycles.com/,anacondabicycles.com,Bicycle store,Bicycle rental service,Yes,34,5,open,"Friday, 10 AM-6 PM; Saturday, 10 AM-5 PM; Sunday, Closed; Monday, Closed; Tuesday, 10 AM-6 PM; Wednesday, 10 AM-6 PM; Thursday, 10 AM-6 PM; ",10 AM-5 PM,Closed,Closed,10 AM-6 PM,10 AM-6 PM,10 AM-6 PM,10 AM-6 PM,Lat 46.129698,Lng -112.95325299999999,https://www.google.com/maps/place/?q=place_id:ChIJdXV55bmRW1MRPd1ej1ablls,https://www.google.com/search?kgmid=/g/11rv3xgdvc,https://lh5.googleusercontent.com/p/AF1QipPEZK_72wv0g8daZGBf0LswOOIklOhTv-EYiP5t,"https://t1.gstatic.com/faviconV2?client=SOCIAL&type=FAVICON&fallback_opts=TYPE,SIZE,URL&url=http://www.anacondabicycles.com/&size=48","https://search.google.com/local/reviews?placeid=ChIJdXV55bmRW1MRPd1ej1ablls&q=bicycle+shop+near+Deer+Lodge,+Montana,+USA&authuser=0&hl=en",4066343625 | +14066343622,https://www.facebook.com/Anacondabicycles, ,https://www.instagram.com/anacondabicycles/,
Sven's Bicycles of Anaconda,106 E Commercial Ave  Anaconda  MT 59711  United States,106 E Commercial Ave,Anaconda,59711,Montana,US,America/Denver,14065637988,,,,Bicycle store, ,No,14,4.7,open, ,,,,,,,,Lat 46.1302996,Lng -112.95199579999999,https://www.google.com/maps/place/?q=place_id:ChIJhdg0asmQW1MRvdSbFvWxoDs,https://www.google.com/search?kgmid=/g/1tgqj2gd,https://lh5.googleusercontent.com/p/glb4_BTJUZxiKKjctNYmIA, ,"https://search.google.com/local/reviews?placeid=ChIJhdg0asmQW1MRvdSbFvWxoDs&q=bicycle+shop+near+Columbus+town,+Montana,+USA&authuser=0&hl=en", , , , , 
Bicycle-engines.com,8823 Jackrabbit Ln A  Belgrade  MT 59714  United States,8823 Jackrabbit Ln A,Belgrade,59714,Montana,US,America/Denver,14065865970,support@bicycle-engines.com,https://www.bicycle-engines.com/,bicycle-engines.com,Bicycle rack, ,Yes,815,4.6,open,"Friday, 7 AM-5 PM; Saturday, Closed; Sunday, Closed; Monday, 7 AM-5 PM; Tuesday, 7 AM-5 PM; Wednesday, 7 AM-5 PM; Thursday, 7 AM-5 PM; ",Closed,Closed,7 AM-5 PM,7 AM-5 PM,7 AM-5 PM,7 AM-5 PM,7 AM-5 PM,Lat 45.798631,Lng -111.18620179999999,https://www.google.com/maps/place/?q=place_id:ChIJXxdlQvlHRVMRPJhXMBmmCsw,https://www.google.com/search?kgmid=/g/11f60kxxgm,https://lh5.googleusercontent.com/p/G5vFTRuF2XdwBk7mNqIdlA,"https://t1.gstatic.com/faviconV2?client=SOCIAL&type=FAVICON&fallback_opts=TYPE,SIZE,URL&url=https://www.bicycle-engines.com/&size=48",https://search.google.com/local/reviews?placeid=ChIJXxdlQvlHRVMRPJhXMBmmCsw&q=Bicycle-engines.com&authuser=0&hl=en,(406) 586-5970,https://www.facebook.com/groups/484402148562184/, ,https://www.instagram.com/bicycleenginesdotcom/,http://www.youtube.com/user/BicycleEngines
Bangtail Bicycle,137 E Main St  Bozeman  MT 59715  United States,137 E Main St,Bozeman,59715,Montana,US,America/Denver,14065874905,bangtailbikes@gmail.com,http://www.bangtailbikes.com/?y_source=1_MTU0NzMzNzgtNzE1LWxvY2F0aW9uLndlYnNpdGU%3D,bangtailbikes.com,Bicycle store,Bicycle rental service,Yes,423,4.8,open,"Saturday, 9 AM-5 PM; Sunday, 11 AM-4 PM; Monday, 10 AM-6 PM; Tuesday, 10 AM-6 PM; Wednesday, 10 AM-6 PM; Thursday, 10 AM-6 PM; Friday, 10 AM-6 PM; ",9 AM-5 PM,11 AM-4 PM,10 AM-6 PM,10 AM-6 PM,10 AM-6 PM,10 AM-6 PM,10 AM-6 PM,Lat 45.679571599999996,Lng -111.0344671,https://www.google.com/maps/place/?q=place_id:ChIJJ_WoNlpERVMR0i4-asMiFdA,https://www.google.com/search?kgmid=/g/1tjgp7sf,https://lh5.googleusercontent.com/p/AF1QipP2UJyFMLWEpSeNe7bKG-AJVt9cDrQWvd3G2Yze,"https://t1.gstatic.com/faviconV2?client=SOCIAL&type=FAVICON&fallback_opts=TYPE,SIZE,URL&url=http://www.bangtailbikes.com/?y_source=1_MTU0NzMzNzgtNzE1LWxvY2F0aW9uLndlYnNpdGU%3D&size=48","https://search.google.com/local/reviews?placeid=ChIJJ_WoNlpERVMR0i4-asMiFdA&q=bicycle+shop+near+Columbus+town,+Montana,+USA&authuser=0&hl=en",,http://www.facebook.com/bangtailbikes, ,https://instagram.com/bangtailbikes,https://www.youtube.com/user/bangtailbikes
Owenhouse Cycling,25 S Black Ave  Bozeman  MT 59715  United States,25 S Black Ave,Bozeman,59715,Montana,US,America/Denver,14063412952,bikeshop@owenhouse.com,https://owenhousecycling.com/?utm_source=google_business_profile&utm_medium=website_link&utm_campaign=gmb&utm_id=local_seo,owenhousecycling.com,Bicycle store,Bicycle rental service,Yes,241,4.6,open,"Friday, 8 AM-8 PM; Saturday, 8 AM-6 PM; Sunday, 9 AM-6 PM; Monday, 8 AM-8 PM; Tuesday, 8 AM-8 PM; Wednesday, 8 AM-8 PM; Thursday, 8 AM-8 PM; ",8 AM-6 PM,9 AM-6 PM,8 AM-8 PM,8 AM-8 PM,8 AM-8 PM,8 AM-8 PM,8 AM-8 PM,Lat 45.6785852,Lng -111.03599009999999,https://www.google.com/maps/place/?q=place_id:ChIJtzWVE1pERVMR85jd55DIDrU,https://www.google.com/search?kgmid=/g/11xx6sy28,https://lh5.googleusercontent.com/p/AF1QipM_pZeGpAyd6gAgmaQ6tI72gjFgtlL9Un3cLf02,"https://t1.gstatic.com/faviconV2?client=SOCIAL&type=FAVICON&fallback_opts=TYPE,SIZE,URL&url=https://owenhousecycling.com/?utm_source=google_business_profile&utm_medium=website_link&utm_campaign=gmb&utm_id=local_seo&size=48","https://search.google.com/local/reviews?placeid=ChIJtzWVE1pERVMR85jd55DIDrU&q=bicycle+shop+near+Sidney,+Montana,+USA&authuser=0&hl=en",406-587-5404,https://www.facebook.com/owenhousecycling/,https://twitter.com/owenhousebikes,https://www.instagram.com/owenhousecycling/,
Alter Cycles : Bicycle Repair + Mercantile,605 N Wallace Ave #2  Bozeman  MT 59715  United States,605 N Wallace Ave #2,Bozeman,59715,Montana,US,America/Denver,14064041860,service@alter-cycles.com,http://www.alter-cycles.com/,alter-cycles.com,Bicycle repair shop,Bicycle Shop,Yes,54,4.9,open,"Saturday, Closed; Sunday, Closed; Monday, 10 AM-6 PM; Tuesday, 10 AM-6 PM; Wednesday, 10 AM-6 PM; Thursday, 10 AM-6 PM; Friday, 10 AM-6 PM; ",Closed,Closed,10 AM-6 PM,10 AM-6 PM,10 AM-6 PM,10 AM-6 PM,10 AM-6 PM,Lat 45.6859367,Lng -111.0287937,https://www.google.com/maps/place/?q=place_id:ChIJ7bH5l0JERVMR46BYMO71B04,https://www.google.com/search?kgmid=/g/11y76szdf,https://lh5.googleusercontent.com/p/AF1QipOI3pCdsmqw0sSlhi3GEoHTn8GwoX6EHgN4wRNm,"https://t1.gstatic.com/faviconV2?client=SOCIAL&type=FAVICON&fallback_opts=TYPE,SIZE,URL&url=http://www.alter-cycles.com/&size=48","https://search.google.com/local/reviews?placeid=ChIJ7bH5l0JERVMR46BYMO71B04&q=bicycle+shop+near+Colstrip,+Montana,+USA&authuser=0&hl=en",, , ,http://instagram.com/alter_bozeman,
The Gear Wizard,115 Commercial Dr Unit A  Bozeman  MT 59715  United States,115 Commercial Dr Unit A,Bozeman,59715,Montana,US,America/Denver,14065873737,thegearwizard@gmail.com,http://thegearwizard.com/,thegearwizard.com,Bicycle store,Bicycle repair shop,Yes,93,4.9,open,"Saturday, 10 AM-6 PM; Sunday, 12-5 PM; Monday, Closed; Tuesday, 10 AM-6 PM; Wednesday, 10 AM-6 PM; Thursday, 10 AM-6 PM; Friday, 10 AM-6 PM; ",10 AM-6 PM,12-5 PM,Closed,10 AM-6 PM,10 AM-6 PM,10 AM-6 PM,10 AM-6 PM,Lat 45.7034206,Lng -111.0302243,https://www.google.com/maps/place/?q=place_id:ChIJLZOxdkBERVMRPCUg1gQDMUU,https://www.google.com/search?kgmid=/g/1tgn4d9x,https://lh5.googleusercontent.com/p/CIHM0ogKEICAgICE5eWYUA,"https://t1.gstatic.com/faviconV2?client=SOCIAL&type=FAVICON&fallback_opts=TYPE,SIZE,URL&url=http://thegearwizard.com/&size=48","https://search.google.com/local/reviews?placeid=ChIJLZOxdkBERVMRPCUg1gQDMUU&q=bicycle+shop+near+Hardin,+Montana,+USA&authuser=0&hl=en",,https://www.facebook.com/gearwizard, ,https://www.instagram.com/gearwizard/,
406 Service Course Bike Clinic,Ally in the back of the house  412 E Aspen St  Bozeman  MT 59715  United States,Ally in the back of the house,Bozeman,59715,Montana,US,America/Denver,14064047761,,,,Bicycle store, ,Yes,41,5,open,"Friday, Closed; Saturday, Closed; Sunday, Closed; Monday, 9 AM-1 PM; Tuesday, 9 AM-1 PM; Wednesday, 9 AM-5 PM; Thursday, 9 AM-5 PM; ",Closed,Closed,9 AM-1 PM,9 AM-1 PM,9 AM-5 PM,9 AM-5 PM,Closed,Lat 45.6872255,Lng -111.0311703,https://www.google.com/maps/place/?q=place_id:ChIJERvCCABFRVMRG89S30QzGAA,https://www.google.com/search?kgmid=/g/11v_5_svhw,https://lh5.googleusercontent.com/p/AF1QipPM75dyTchj5kEqlDFg7qO85a8uNDI7nsS51lc, ,"https://search.google.com/local/reviews?placeid=ChIJERvCCABFRVMRG89S30QzGAA&q=bicycle+shop+near+Bozeman,+Montana,+USA&authuser=0&hl=en", , , , , 
Summit Bike & Ski,26 S Grand Ave  Bozeman  MT 59715  United States,26 S Grand Ave,Bozeman,59715,Montana,US,America/Denver,14065871064,,http://summitbikeandski.com/,summitbikeandski.com,Bicycle repair shop,Bicycle Shop,Yes,87,4.8,open,"Friday, 10 AM-6 PM; Saturday, 10 AM-6 PM; Sunday, Closed; Monday, Closed; Tuesday, 10 AM-6 PM; Wednesday, 10 AM-6 PM; Thursday, 10 AM-6 PM; ",10 AM-6 PM,Closed,Closed,10 AM-6 PM,10 AM-6 PM,10 AM-6 PM,10 AM-6 PM,Lat 45.6786257,Lng -111.0399855,https://www.google.com/maps/place/?q=place_id:ChIJG9OD21BERVMRA9mY3Juzc-k,https://www.google.com/search?kgmid=/g/1tfbbtp7,https://lh5.googleusercontent.com/p/CIHM0ogKEICAgICs8obTuAE,"https://t1.gstatic.com/faviconV2?client=SOCIAL&type=FAVICON&fallback_opts=TYPE,SIZE,URL&url=http://summitbikeandski.com/&size=48","https://search.google.com/local/reviews?placeid=ChIJG9OD21BERVMRA9mY3Juzc-k&q=bicycle+shop+near+Sidney,+Montana,+USA&authuser=0&hl=en",,https://www.facebook.com/summitbikeandski/, ,,
Rad Bikes,512 N Broadway Ave  Bozeman  MT 59715  United States,512 N Broadway Ave,Bozeman,59715,Montana,US,America/Denver,14065997086,,http://www.radbikesmt.com/,radbikesmt.com,Bicycle store, ,Yes,53,4.8,open,"Saturday, Closed; Sunday, Closed; Monday, Closed; Tuesday, 11 AM-6 PM; Wednesday, 11 AM-6 PM; Thursday, 11 AM-6 PM; Friday, 11 AM-6 PM; ",Closed,Closed,Closed,11 AM-6 PM,11 AM-6 PM,11 AM-6 PM,11 AM-6 PM,Lat 45.684691199999996,Lng -111.023831,https://www.google.com/maps/place/?q=place_id:ChIJ5ekK02dERVMRTSJ-mS3B31s,https://www.google.com/search?kgmid=/g/11clt7g72x,https://lh5.googleusercontent.com/p/AF1QipOu8ORk-rOOy1LpvT4ml1cC-f55pGQqoJ4s8rJm,"https://t1.gstatic.com/faviconV2?client=SOCIAL&type=FAVICON&fallback_opts=TYPE,SIZE,URL&url=http://www.radbikesmt.com/&size=48","https://search.google.com/local/reviews?placeid=ChIJ5ekK02dERVMRTSJ-mS3B31s&q=bicycle+shop+near+Columbus+town,+Montana,+USA&authuser=0&hl=en",406-599-7086,https://www.facebook.com/radbikesmt/, ,https://www.instagram.com/radbikesmt/,
Bozeman Bike Kitchen,2104 Industrial Dr UNIT A  Bozeman  MT 59715  United States,2104 Industrial Dr UNIT A,Bozeman,59715,Montana,US,America/Denver,,,http://bozemanbikekitchen.org/,bozemanbikekitchen.org,Bicycle repair shop,,Yes,59,4.8,open,"Friday, Closed; Saturday, 10 AM-4 PM; Sunday, Closed; Monday, Closed; Tuesday, 10 AM-4 PM | 6-8 PM; Wednesday, Closed; Thursday, 10 AM-4 PM | 6-8 PM; ",10 AM-4 PM,Closed,Closed,10 AM-4 PM | 6-8 PM,Closed,10 AM-4 PM | 6-8 PM,Closed,Lat 45.700492999999994,Lng -111.03309829999999,https://www.google.com/maps/place/?q=place_id:ChIJuUzjbEJERVMRiaxZZL2bFZs,https://www.google.com/search?kgmid=/g/1th6dhw2,https://lh5.googleusercontent.com/p/AF1QipMvJWTh6-JItYhrRsBAjvfCITEo7aqYdVCFr0kX,"https://t1.gstatic.com/faviconV2?client=SOCIAL&type=FAVICON&fallback_opts=TYPE,SIZE,URL&url=http://bozemanbikekitchen.org/&size=48","https://search.google.com/local/reviews?placeid=ChIJuUzjbEJERVMRiaxZZL2bFZs&q=bicycle+shop+near+Bozeman,+Montana,+USA&authuser=0&hl=en",,https://www.facebook.com/bozemanbikekitchen/,https://twitter.com/BznBikeKitchen,https://www.instagram.com/bznbikekitchen/,https://www.youtube.com/embed/b6J6nMNQdtc
Uphill Pursuits,211 E Oak St Suite 1D  Bozeman  MT 59715  United States,211 E Oak St Suite 1D,Bozeman,59715,Montana,US,America/Denver,14064041021,,http://uphillpursuits.com/,uphillpursuits.com,Bicycle repair shop,,Yes,155,4.9,open,"Friday, 10 AM-6 PM; Saturday, 10 AM-6 PM; Sunday, Closed; Monday, 10 AM-6 PM; Tuesday, 10 AM-6 PM; Wednesday, 10 AM-6 PM; Thursday, 10 AM-6 PM; ",10 AM-6 PM,Closed,10 AM-6 PM,10 AM-6 PM,10 AM-6 PM,10 AM-6 PM,10 AM-6 PM,Lat 45.6920954,Lng -111.03332209999999,https://www.google.com/maps/place/?q=place_id:ChIJw91yY2hFRVMRItrUoVo_M5Q,https://www.google.com/search?kgmid=/g/11hzppn2sw,https://lh5.googleusercontent.com/p/AF1QipPxo349uZogMtfuw9ZiSg_5AHbkMBmYc8Um5pba,"https://t1.gstatic.com/faviconV2?client=SOCIAL&type=FAVICON&fallback_opts=TYPE,SIZE,URL&url=http://uphillpursuits.com/&size=48","https://search.google.com/local/reviews?placeid=ChIJw91yY2hFRVMRItrUoVo_M5Q&q=bicycle+shop+near+Bozeman,+Montana,+USA&authuser=0&hl=en",(406)404-1021,https://www.facebook.com/uphillpursuits, ,https://www.instagram.com/uphillpursuits,
Chalet Sports,108 W Main St  Bozeman  MT 59715  United States,108 W Main St,Bozeman,59715,Montana,US,America/Denver,14065874595,,http://chaletsportsmt.com/,chaletsportsmt.com,Bicycle rental service,,Yes,112,4.1,open,"Friday, 9 AM-6 PM; Saturday, 9 AM-6 PM; Sunday, 10 AM-5 PM; Monday, 9 AM-6 PM; Tuesday, 9 AM-6 PM; Wednesday, 9 AM-6 PM; Thursday, 9 AM-6 PM; ",9 AM-6 PM,10 AM-5 PM,9 AM-6 PM,9 AM-6 PM,9 AM-6 PM,9 AM-6 PM,9 AM-6 PM,Lat 45.6791279,Lng -111.03901309999999,https://www.google.com/maps/place/?q=place_id:ChIJl0vNlFBERVMRDTLB2O20evA,https://www.google.com/search?kgmid=/g/1w6r7yk4,https://lh5.googleusercontent.com/p/CIHM0ogKEICAgICEiZDW_gE,"https://t1.gstatic.com/faviconV2?client=SOCIAL&type=FAVICON&fallback_opts=TYPE,SIZE,URL&url=http://chaletsportsmt.com/&size=48","https://search.google.com/local/reviews?placeid=ChIJl0vNlFBERVMRDTLB2O20evA&q=bicycle+shop+near+Bozeman,+Montana,+USA&authuser=0&hl=en",, , ,https://www.instagram.com/chaletsportsmt/?utm_source=ig_embed&utm_campaign=loading,
Round House Ski and Sports Center,1422 W Main St  Bozeman  MT 59715  United States,1422 W Main St,Bozeman,59715,Montana,US,America/Denver,14065871258,,https://roundhouse-sports.com/,roundhouse-sports.com,Bicycle rental service,,Yes,201,4.4,open,"Friday, 9 AM-6 PM; Saturday, 9 AM-6 PM; Sunday, 10 AM-5 PM; Monday, 9 AM-6 PM; Tuesday, 9 AM-6 PM; Wednesday, 9 AM-6 PM; Thursday, 9 AM-6 PM; ",9 AM-6 PM,10 AM-5 PM,9 AM-6 PM,9 AM-6 PM,9 AM-6 PM,9 AM-6 PM,9 AM-6 PM,Lat 45.6790643,Lng -111.0567739,https://www.google.com/maps/place/?q=place_id:ChIJZciVgK1FRVMRW3yLrKkfbmk,https://www.google.com/search?kgmid=/g/1tlc7r2n,https://lh5.googleusercontent.com/p/CIHM0ogKEICAgID8lvW0eg,"https://t1.gstatic.com/faviconV2?client=SOCIAL&type=FAVICON&fallback_opts=TYPE,SIZE,URL&url=https://roundhouse-sports.com/&size=48","https://search.google.com/local/reviews?placeid=ChIJZciVgK1FRVMRW3yLrKkfbmk&q=bicycle+shop+near+Bozeman,+Montana,+USA&authuser=0&hl=en",+14065871258 | +14065872838,https://www.facebook.com/RoundHouseSports/, ,https://www.instagram.com/roundhousemt/,
Different Spokes,54 Big Sky Resort Rd  Big Sky  MT 59716  United States,54 Big Sky Resort Rd,Big Sky,59716,Montana,US,America/Denver,,,,,Bicycle store, ,No,13,3.7,open, ,,,,,,,,Lat 45.2841673,Lng -111.401523,https://www.google.com/maps/place/?q=place_id:ChIJbyHVv-8NUFMRLnOYg77eiUE,https://www.google.com/search?kgmid=/g/11t73hzyn8,https://lh5.googleusercontent.com/p/CIHM0ogKEICAgIDu4P7t8gE, ,"https://search.google.com/local/reviews?placeid=ChIJbyHVv-8NUFMRLnOYg77eiUE&q=bicycle+shop+near+Columbus+town,+Montana,+USA&authuser=0&hl=en", , , , , 
REI,2220 Tschache Ln  Bozeman  MT 59718  United States,2220 Tschache Ln,Bozeman,59718,Montana,US,America/Denver,14065871938,,https://www.rei.com/stores/bozeman?y_source=1_MTQ1MzQxNi03MTUtbG9jYXRpb24ud2Vic2l0ZQ==,rei.com,Bicycle repair shop,,Yes,333,4.3,open,"Saturday, 9 AM-7 PM; Sunday, 10 AM-6 PM; Monday, 9 AM-8 PM; Tuesday, 9 AM-8 PM; Wednesday, 9 AM-8 PM; Thursday, 9 AM-8 PM; Friday, 9 AM-8 PM; ",9 AM-7 PM,10 AM-6 PM,9 AM-8 PM,9 AM-8 PM,9 AM-8 PM,9 AM-8 PM,9 AM-8 PM,Lat 45.6956122,Lng -111.0651577,https://www.google.com/maps/place/?q=place_id:ChIJndcrMM1FRVMRltcfsSE7TtQ,https://www.google.com/search?kgmid=/g/1w4f7s1n,https://lh5.googleusercontent.com/p/CIHM0ogKEICAgID4vrqEMg,"https://t1.gstatic.com/faviconV2?client=SOCIAL&type=FAVICON&fallback_opts=TYPE,SIZE,URL&url=https://www.rei.com/stores/bozeman?y_source=1_MTQ1MzQxNi03MTUtbG9jYXRpb24ud2Vic2l0ZQ==&size=48","https://search.google.com/local/reviews?placeid=ChIJndcrMM1FRVMRltcfsSE7TtQ&q=bicycle+shop+near+Virginia+town,+Montana,+USA&authuser=0&hl=en",14065871938,https://www.facebook.com/REI/, ,https://www.instagram.com/rei/,https://www.youtube.com/user/reifindout/
Beaverhead Bikes & Coffee,23 N Idaho St suite 1  Dillon  MT 59725  United States,23 N Idaho St suite 1,Dillon,59725,Montana,US,America/Denver,14069255052,,https://m.facebook.com/profile.php?id=61574935658478,m.facebook.com,Bicycle repair shop,Coffee shop,Yes,9,5,open,"Saturday, Closed; Sunday, Closed; Monday, Closed; Tuesday, 10 AM-6 PM; Wednesday, 10 AM-6 PM; Thursday, 8 AM-4 PM; Friday, 8 AM-5 PM; ",Closed,Closed,Closed,10 AM-6 PM,10 AM-6 PM,8 AM-4 PM,8 AM-5 PM,Lat 45.2175051,Lng -112.6366168,https://www.google.com/maps/place/?q=place_id:ChIJHdqumiEHWlMRktsWYL8R8pg,https://www.google.com/search?kgmid=/g/11xh4b3543,https://lh5.googleusercontent.com/p/T-0FZdrhXQrKTRAmr2z7aA,"https://t1.gstatic.com/faviconV2?client=SOCIAL&type=FAVICON&fallback_opts=TYPE,SIZE,URL&url=https://m.facebook.com/profile.php?id=61574935658478&size=48",https://search.google.com/local/reviews?placeid=ChIJHdqumiEHWlMRktsWYL8R8pg&q=Beaverhead+Bikes+%26+Coffee&authuser=0&hl=en,, , ,,
Freeheel and Wheel,33 Yellowstone Ave  West Yellowstone  MT 59758  United States,33 Yellowstone Ave,West Yellowstone,59758,Montana,US,America/Denver,14066467744,,https://www.freeheelandwheel.com/,freeheelandwheel.com,Bicycle rental service,,Yes,219,4.8,open,"Saturday, 9 AM-5 PM; Sunday, 9 AM-5 PM; Monday, 9 AM-5 PM; Tuesday, 9 AM-5 PM; Wednesday, 9 AM-5 PM; Thursday, 9 AM-5 PM; Friday, 9 AM-5 PM; ",9 AM-5 PM,9 AM-5 PM,9 AM-5 PM,9 AM-5 PM,9 AM-5 PM,9 AM-5 PM,9 AM-5 PM,Lat 44.65894,Lng -111.09903759999999,https://www.google.com/maps/place/?q=place_id:ChIJM9OLGby5UVMRzo-eEqLk0J8,https://www.google.com/search?kgmid=/g/1tmpvn3m,https://lh5.googleusercontent.com/p/CIHM0ogKEICAgICiwJKQtwE,"https://t1.gstatic.com/faviconV2?client=SOCIAL&type=FAVICON&fallback_opts=TYPE,SIZE,URL&url=https://www.freeheelandwheel.com/&size=48","https://search.google.com/local/reviews?placeid=ChIJM9OLGby5UVMRzo-eEqLk0J8&q=bicycle+shop+near+Hardin,+Montana,+USA&authuser=0&hl=en",,//facebook.com/freeheelandwheel,//twitter.com/FreeheelWheel,,https://www.youtube.com/embed/p0BzDPhGtpE?autoplay=1
E-Bikes of Missoula  LLC,3010 S Reserve St  Missoula  MT 59801  United States,3010 S Reserve St,Missoula,59801,Montana,US,America/Denver,,,,,Bicycle store, ,Yes,1,5,open,"Friday, 9 AM-6 PM; Saturday, 9 AM-6 PM; Sunday, Closed; Monday, 9 AM-6 PM; Tuesday, 9 AM-6 PM; Wednesday, 9 AM-6 PM; Thursday, 9 AM-6 PM; ",9 AM-6 PM,Closed,9 AM-6 PM,9 AM-6 PM,9 AM-6 PM,9 AM-6 PM,9 AM-6 PM,Lat 46.8429339,Lng -114.0389436,https://www.google.com/maps/place/?q=place_id:ChIJQ8gRhr_TXVMRQIxbDkGtSgI,https://www.google.com/search?kgmid=/g/11vd3rb1tt,https://lh5.googleusercontent.com/p/AF1QipOXsCwE7maFKhRySdCrbVL0ky7oIFAGL0kpXrRn, ,"https://search.google.com/local/reviews?placeid=ChIJQ8gRhr_TXVMRQIxbDkGtSgI&q=bicycle+shop+near+Missoula,+Montana,+USA&authuser=0&hl=en", , , , , 
Free Cycles Missoula,732 S 1st St W  Missoula  MT 59801  United States,732 S 1st St W,Missoula,59801,Montana,US,America/Denver,14065417284,,http://freecycles.org/,freecycles.org,Bicycle repair shop, ,Yes,330,4.8,open,"Friday, 10 AM-6 PM; Saturday, 10 AM-6 PM; Sunday, Closed; Monday, Closed; Tuesday, Closed; Wednesday, 10 AM-6 PM; Thursday, 10 AM-6 PM; ",10 AM-6 PM,Closed,Closed,Closed,10 AM-6 PM,10 AM-6 PM,10 AM-6 PM,Lat 46.8691476,Lng -114.0076172,https://www.google.com/maps/place/?q=place_id:ChIJY2tTUtbNXVMRTqI3UMwo5XQ,https://www.google.com/search?kgmid=/g/1tsblszt,https://lh5.googleusercontent.com/p/CIHM0ogKEICAgICM2svOaw,"https://t1.gstatic.com/faviconV2?client=SOCIAL&type=FAVICON&fallback_opts=TYPE,SIZE,URL&url=http://freecycles.org/&size=48","https://search.google.com/local/reviews?placeid=ChIJY2tTUtbNXVMRTqI3UMwo5XQ&q=bicycle+shop+near+Medicine+Lake+town,+Montana,+USA&authuser=0&hl=en",,https://www.facebook.com/freecyclesmissoula/?fref=ts, ,http://instagram.com/freecyclesmissoula,
Bicycle Hangar,1801 Brooks St  Missoula  MT 59801  United States,1801 Brooks St,Missoula,59801,Montana,US,America/Denver,14067289537,,http://bicycle-hangar.com/,bicycle-hangar.com,Bicycle store,Bicycle repair shop,Yes,102,4.5,open,"Friday, 10 AM-6 PM; Saturday, 10 AM-6 PM; Sunday, Closed; Monday, 10 AM-6 PM; Tuesday, 10 AM-6 PM; Wednesday, 10 AM-6 PM; Thursday, 10 AM-6 PM; ",10 AM-6 PM,Closed,10 AM-6 PM,10 AM-6 PM,10 AM-6 PM,10 AM-6 PM,10 AM-6 PM,Lat 46.8539314,Lng -114.0108411,https://www.google.com/maps/place/?q=place_id:ChIJ3bK0mMHNXVMRD5Fzo-IVsMw,https://www.google.com/search?kgmid=/g/1tfgcxp8,https://lh5.googleusercontent.com/p/CIHM0ogKEICAgID4rqSJzgE,"https://t1.gstatic.com/faviconV2?client=SOCIAL&type=FAVICON&fallback_opts=TYPE,SIZE,URL&url=http://bicycle-hangar.com/&size=48","https://search.google.com/local/reviews?placeid=ChIJ3bK0mMHNXVMRD5Fzo-IVsMw&q=bicycle+shop+near+Sidney,+Montana,+USA&authuser=0&hl=en",14067289537,https://www.facebook.com/TheBicycleHangar/,https://twitter.com/bicyclehangar?lang=en,https://www.instagram.com/explore/locations/97525219/the-bicycle-hangar,
Missoula Bike Source,1509 S Russell St  Missoula  MT 59801  United States,1509 S Russell St,Missoula,59801,Montana,US,America/Denver,14069262674,,http://www.missoulabikesource.com/,missoulabikesource.com,Bicycle store,Bicycle repair shop,Yes,109,4.7,open,"Saturday, 10 AM-3 PM; Sunday, Closed; Monday, Closed; Tuesday, 10 AM-5:30 PM; Wednesday, 10 AM-5:30 PM; Thursday, 10 AM-5:30 PM; Friday, 10 AM-5:30 PM; ",10 AM-3 PM,Closed,Closed,10 AM-5:30 PM,10 AM-5:30 PM,10 AM-5:30 PM,10 AM-5:30 PM,Lat 46.8575458,Lng -114.01920249999999,https://www.google.com/maps/place/?q=place_id:ChIJM8fjPejNXVMRFEkQuz1TrkE,https://www.google.com/search?kgmid=/g/113hsb8qy,https://lh5.googleusercontent.com/p/AF1QipNVX5tKvv3M1P3HQclJLGP0FCukXYZ_Eq42_z-e,"https://t1.gstatic.com/faviconV2?client=SOCIAL&type=FAVICON&fallback_opts=TYPE,SIZE,URL&url=http://www.missoulabikesource.com/&size=48","https://search.google.com/local/reviews?placeid=ChIJM8fjPejNXVMRFEkQuz1TrkE&q=bicycle+shop+near+Plentywood,+Montana,+USA&authuser=0&hl=en",406-926-2674,https://www.facebook.com/pages/Missoula-Bike-Source/141816555962138, ,https://instagram.com/missoulabikesource/,
Missoula Bicycle Works,708 S Higgins Ave  Missoula  MT 59801  United States,708 S Higgins Ave,Missoula,59801,Montana,US,America/Denver,14067216525,,http://www.missoulabicycleworks.com/,missoulabicycleworks.com,Bicycle store,Bicycle repair shop,Yes,78,4.5,open,"Friday, 9:30 AM-6 PM; Saturday, 10 AM-5 PM; Sunday, Closed; Monday, 9:30 AM-6 PM; Tuesday, 9:30 AM-6 PM; Wednesday, 9:30 AM-6 PM; Thursday, 9:30 AM-6 PM; ",10 AM-5 PM,Closed,9:30 AM-6 PM,9:30 AM-6 PM,9:30 AM-6 PM,9:30 AM-6 PM,9:30 AM-6 PM,Lat 46.8645248,Lng -113.9970092,https://www.google.com/maps/place/?q=place_id:ChIJQXUdaNLNXVMRddesTl94kNE,https://www.google.com/search?kgmid=/g/1v93_r2f,https://lh5.googleusercontent.com/p/CIHM0ogKEICAgID4rrTprAE,"https://t1.gstatic.com/faviconV2?client=SOCIAL&type=FAVICON&fallback_opts=TYPE,SIZE,URL&url=http://www.missoulabicycleworks.com/&size=48","https://search.google.com/local/reviews?placeid=ChIJQXUdaNLNXVMRddesTl94kNE&q=bicycle+shop+near+Sidney,+Montana,+USA&authuser=0&hl=en",+14067216525 | +18552982453,https://www.facebook.com/missoulabicycleworks,https://twitter.com/missoulabicycle,https://www.instagram.com/missoulabicycleworks/,
MTCX Skis  Bikes  Events,517 S Orange St  Missoula  MT 59802  United States,517 S Orange St,Missoula,59802,Montana,US,America/Denver,14068303221,montanacyclocross@gmail.com,http://www.montanacyclocross.com/,montanacyclocross.com,Bicycle rental service,,Yes,29,5,open,"Friday, 10 AM-6 PM; Saturday, Closed; Sunday, Closed; Monday, 10 AM-6 PM; Tuesday, 10 AM-6 PM; Wednesday, 10 AM-6 PM; Thursday, 10 AM-6 PM; ",Closed,Closed,10 AM-6 PM,10 AM-6 PM,10 AM-6 PM,10 AM-6 PM,10 AM-6 PM,Lat 46.866604599999995,Lng -114.0037328,https://www.google.com/maps/place/?q=place_id:ChIJ3wCrpxzPXVMR_PHEwQCNthY,https://www.google.com/search?kgmid=/g/11m8bp6683,https://lh5.googleusercontent.com/p/AF1QipO39MlqWg12OYUrXdxnSrU76-WqgestfqusTzER,"https://t1.gstatic.com/faviconV2?client=SOCIAL&type=FAVICON&fallback_opts=TYPE,SIZE,URL&url=http://www.montanacyclocross.com/&size=48","https://search.google.com/local/reviews?placeid=ChIJ3wCrpxzPXVMR_PHEwQCNthY&q=bicycle+shop+near+Missoula,+Montana,+USA&authuser=0&hl=en",406-544-5270,https://www.facebook.com/MTCXskibikeevents,https://twitter.com/mtcx?lang=en,https://www.instagram.com/mtcx___/,https://www.youtube.com/channel/UCHK20Pc8eMLdRIUnmXRkEKQ
Spotted Dog Cycles,738 S 1st St W  Missoula  MT 59802  United States,738 S 1st St W,Missoula,59802,Montana,US,America/Denver,14065290668,,http://www.spotteddogcycles.com/,spotteddogcycles.com,Bicycle rental service,Bicycle rental service,Yes,107,5,open,"Saturday, Closed; Sunday, Closed; Monday, 9 AM-5 PM; Tuesday, 10 AM-4 PM; Wednesday, Closed; Thursday, 10 AM-5 PM; Friday, Closed; ",Closed,Closed,9 AM-5 PM,10 AM-4 PM,Closed,10 AM-5 PM,Closed,Lat 46.8686813,Lng -114.00821529999999,https://www.google.com/maps/place/?q=place_id:ChIJMSKdFE3NXVMRHrXNsdaKmmE,https://www.google.com/search?kgmid=/g/11j0zq6w8s,https://lh5.googleusercontent.com/p/AF1QipNKN6xz6yFlwkPvoaFnIO17J0xc0qexOQvW1pT7,"https://t1.gstatic.com/faviconV2?client=SOCIAL&type=FAVICON&fallback_opts=TYPE,SIZE,URL&url=http://www.spotteddogcycles.com/&size=48","https://search.google.com/local/reviews?placeid=ChIJMSKdFE3NXVMRHrXNsdaKmmE&q=bicycle+shop+near+Kevin+town,+Montana,+USA&authuser=0&hl=en",,http://facebook.com/spotteddogcycles, ,http://instagram.com/spotteddogcycles,
Bike Doctor,1101 Toole Ave  Missoula  MT 59802  United States,1101 Toole Ave,Missoula,59802,Montana,US,America/Denver,14067215357,,,,Bicycle repair shop, ,Yes,73,4.6,open, ,,,,,,,,Lat 46.877826299999995,Lng -114.0067354,https://www.google.com/maps/place/?q=place_id:ChIJ245st33OXVMRgDrmGc2x2S8,https://www.google.com/search?kgmid=/g/1tp1ygz2,https://lh5.googleusercontent.com/p/AF1QipMscBsCC6gM7Y12WGccTFXsqY_A0VPnjrurVDQZ, ,"https://search.google.com/local/reviews?placeid=ChIJ245st33OXVMRgDrmGc2x2S8&q=bicycle+shop+near+Medicine+Lake+town,+Montana,+USA&authuser=0&hl=en", , , , , 
Big Sky Bikes,809 E Front St  Missoula  MT 59802  United States,809 E Front St,Missoula,59802,Montana,US,America/Denver,14068303195,,http://www.bigskybike.com/,bigskybike.com,Bicycle store,Bicycle repair shop,Yes,102,4.2,open,"Friday, 10 AM-6 PM; Saturday, 10 AM-6 PM; Sunday, Closed; Monday, 10 AM-6 PM; Tuesday, 10 AM-6 PM; Wednesday, 10 AM-6 PM; Thursday, 10 AM-6 PM; ",10 AM-6 PM,Closed,10 AM-6 PM,10 AM-6 PM,10 AM-6 PM,10 AM-6 PM,10 AM-6 PM,Lat 46.868021299999995,Lng -113.9840468,https://www.google.com/maps/place/?q=place_id:ChIJT5gRUC7MXVMRBjn9S9GgLDg,https://www.google.com/search?kgmid=/g/1th0mkr0,https://lh5.googleusercontent.com/p/CIHM0ogKEICAgICK6tjTNg,"https://t1.gstatic.com/faviconV2?client=SOCIAL&type=FAVICON&fallback_opts=TYPE,SIZE,URL&url=http://www.bigskybike.com/&size=48","https://search.google.com/local/reviews?placeid=ChIJT5gRUC7MXVMRBjn9S9GgLDg&q=bicycle+shop+near+Sidney,+Montana,+USA&authuser=0&hl=en",14068303195,https://www.facebook.com/bigskybikes, ,https://www.instagram.com/bigskybikes/,
Hellgate Cyclery,316 N Higgins Ave  Missoula  MT 59802  United States,316 N Higgins Ave,Missoula,59802,Montana,US,America/Denver,14065498785,,http://www.hellgatecyclery.com/,hellgatecyclery.com,Bicycle store,Bicycle repair shop,Yes,55,4.9,open,"Friday, 9 AM-6 PM; Saturday, Closed; Sunday, Closed; Monday, 9 AM-6 PM; Tuesday, 9 AM-6 PM; Wednesday, 9 AM-6 PM; Thursday, 9 AM-6 PM; ",Closed,Closed,9 AM-6 PM,9 AM-6 PM,9 AM-6 PM,9 AM-6 PM,9 AM-6 PM,Lat 46.872432499999995,Lng -113.99325569999999,https://www.google.com/maps/place/?q=place_id:ChIJT9T9RirMXVMRANOWh5UXq04,https://www.google.com/search?kgmid=/g/1tg_94g1,https://lh5.googleusercontent.com/p/CIHM0ogKEICAgMDItbHduwE,"https://t1.gstatic.com/faviconV2?client=SOCIAL&type=FAVICON&fallback_opts=TYPE,SIZE,URL&url=http://www.hellgatecyclery.com/&size=48","https://search.google.com/local/reviews?placeid=ChIJT9T9RirMXVMRANOWh5UXq04&q=bicycle+shop+near+Sidney,+Montana,+USA&authuser=0&hl=en",406-549-8785,https://www.facebook.com/hellgate.cyclery/, ,https://www.instagram.com/hellgate_cyclery/,
REI,3275 N Reserve St K-2  Missoula  MT 59808  United States,3275 N Reserve St K-2,Missoula,59808,Montana,US,America/Denver,14065411938,,https://www.rei.com/stores/missoula?y_source=1_MTQ1MzQzOC03MTUtbG9jYXRpb24ud2Vic2l0ZQ==,rei.com,Bicycle repair shop,,Yes,296,4.1,open,"Friday, 10 AM-8 PM; Saturday, 10 AM-7 PM; Sunday, 10 AM-6 PM; Monday, 10 AM-8 PM; Tuesday, 10 AM-8 PM; Wednesday, 10 AM-8 PM; Thursday, 10 AM-8 PM; ",10 AM-7 PM,10 AM-6 PM,10 AM-8 PM,10 AM-8 PM,10 AM-8 PM,10 AM-8 PM,10 AM-8 PM,Lat 46.895503,Lng -114.04116099999999,https://www.google.com/maps/place/?q=place_id:ChIJmU2hxEHOXVMRUug7OjHQqFY,https://www.google.com/search?kgmid=/g/1t_kg5nz,https://lh5.googleusercontent.com/p/CIHM0ogKEICAgICkscDe7QE,"https://t1.gstatic.com/faviconV2?client=SOCIAL&type=FAVICON&fallback_opts=TYPE,SIZE,URL&url=https://www.rei.com/stores/missoula?y_source=1_MTQ1MzQzOC03MTUtbG9jYXRpb24ud2Vic2l0ZQ==&size=48","https://search.google.com/local/reviews?placeid=ChIJmU2hxEHOXVMRUug7OjHQqFY&q=bicycle+shop+near+Missoula,+Montana,+USA&authuser=0&hl=en",+14065411938 | 4067554839,https://www.facebook.com/REI/, ,https://www.instagram.com/rei/,https://www.youtube.com/user/reifindout/
Coaster Cycles,9257 Bonner Mill Rd  Bonner  MT 59823  United States,9257 Bonner Mill Rd,Bonner,59823,Montana,US,America/Denver,14062034422,,https://www.coastercycles.com/,coastercycles.com,Bicycle store, ,Yes,8,3.9,open,"Friday, 8:30 AM-4:30 PM; Saturday, Closed; Sunday, Closed; Monday, 8:30 AM-4:30 PM; Tuesday, 8:30 AM-4:30 PM; Wednesday, 8:30 AM-4:30 PM; Thursday, 8:30 AM-4:30 PM; ",Closed,Closed,8:30 AM-4:30 PM,8:30 AM-4:30 PM,8:30 AM-4:30 PM,8:30 AM-4:30 PM,8:30 AM-4:30 PM,Lat 46.874429299999996,Lng -113.86901689999999,https://www.google.com/maps/place/?q=place_id:ChIJiTegV_fLXVMRRer_1OmbfOU,https://www.google.com/search?kgmid=/g/11g3zhxdt5,https://lh5.googleusercontent.com/p/AF1QipOUEiu-jUiH3midR_Wj8ZYURQD0f9H8bHYQklTH,"https://t1.gstatic.com/faviconV2?client=SOCIAL&type=FAVICON&fallback_opts=TYPE,SIZE,URL&url=https://www.coastercycles.com/&size=48","https://search.google.com/local/reviews?placeid=ChIJiTegV_fLXVMRRer_1OmbfOU&q=bicycle+shop+near+Missoula,+Montana,+USA&authuser=0&hl=en",406-203-4422,https://www.facebook.com/coastercycles,https://twitter.com/CoasterCycles,https://www.instagram.com/coastercycles/,https://www.youtube.com/channel/UCYVAmfV4Vp77vbLrrVRzefQ
Valley Bicycles & Ski,219 S 1st St  Hamilton  MT 59840  United States,219 S 1st St,Hamilton,59840,Montana,US,America/Denver,14063634428,,,,Bicycle store, ,Yes,54,4.8,open,"Friday, 10 AM-5:30 PM; Saturday, 10 AM-1 PM; Sunday, Closed; Monday, 10 AM-1 PM; Tuesday, 10 AM-5:30 PM; Wednesday, 10 AM-5:30 PM; Thursday, 10 AM-5:30 PM; ",10 AM-1 PM,Closed,10 AM-1 PM,10 AM-5:30 PM,10 AM-5:30 PM,10 AM-5:30 PM,10 AM-5:30 PM,Lat 46.245426099999996,Lng -114.1557694,https://www.google.com/maps/place/?q=place_id:ChIJc-FTjzi3XlMRLS2kh3i7ITo,https://www.google.com/search?kgmid=/g/1thxq9lz,https://lh5.googleusercontent.com/p/CIHM0ogKEICAgIC8q47vUg, ,"https://search.google.com/local/reviews?placeid=ChIJc-FTjzi3XlMRLS2kh3i7ITo&q=bicycle+shop+near+Sidney,+Montana,+USA&authuser=0&hl=en", , , , , 
Valley BMX,208 Marcus St  Hamilton  MT 59840  United States,208 Marcus St,Hamilton,59840,Montana,US,America/Denver,14063818003,,https://www.valleybmx.com/,valleybmx.com,Bicycle store, ,Yes,,,open,"Friday, 10 AM-4 PM; Saturday, Closed; Sunday, Closed; Monday, 10 AM-4 PM; Tuesday, 10 AM-4 PM; Wednesday, 10 AM-4 PM; Thursday, 10 AM-4 PM; ",Closed,Closed,10 AM-4 PM,10 AM-4 PM,10 AM-4 PM,10 AM-4 PM,10 AM-4 PM,Lat 46.2480111,Lng -114.15406569999999,https://www.google.com/maps/place/?q=place_id:ChIJiQObjCu7XlMRPehFm2gDDmE,https://www.google.com/search?kgmid=/g/11w1vl1y_4,https://lh5.googleusercontent.com/p/AF1QipN18UXduqI1lM7qzG5U_-dzHV47ApbE1QpRwmHn,"https://t1.gstatic.com/faviconV2?client=SOCIAL&type=FAVICON&fallback_opts=TYPE,SIZE,URL&url=https://www.valleybmx.com/&size=48", ,,HTTPS://facebook.com/valleybmxmt, ,https://www.instagram.com/valleybmxmontana,
Red Barn Bicycles,399 McCarthy Loop  Hamilton  MT 59840  United States,399 McCarthy Loop,Hamilton,59840,Montana,US,America/Denver,14063632662,,http://www.redbarnbicycles.com/,redbarnbicycles.com,Bicycle store, ,Yes,68,4.9,open,"Friday, 10 AM-6 PM; Saturday, 10 AM-4 PM; Sunday, Closed; Monday, Closed; Tuesday, 10 AM-6 PM; Wednesday, 10 AM-6 PM; Thursday, 10 AM-6 PM; ",10 AM-4 PM,Closed,Closed,10 AM-6 PM,10 AM-6 PM,10 AM-6 PM,10 AM-6 PM,Lat 46.182563699999996,Lng -114.1572037,https://www.google.com/maps/place/?q=place_id:ChIJvUdgDNe1XlMR4iiN6CUXUUo,https://www.google.com/search?kgmid=/g/1tfmbxff,https://lh5.googleusercontent.com/p/AF1QipOCCTDXP-Kf7PDDLna6QTn5H2h89_doigek_X4t,"https://t1.gstatic.com/faviconV2?client=SOCIAL&type=FAVICON&fallback_opts=TYPE,SIZE,URL&url=http://www.redbarnbicycles.com/&size=48","https://search.google.com/local/reviews?placeid=ChIJvUdgDNe1XlMR4iiN6CUXUUo&q=bicycle+shop+near+Deer+Lodge,+Montana,+USA&authuser=0&hl=en",,https://www.facebook.com/Red-Barn-Bicycles-280444111000, ,https://www.instagram.com/redbarnbicycle/,
Gravity Dropper Seat Post,37938 Mission Vista Dr  Polson  MT 59860  United States,37938 Mission Vista Dr,Polson,59860,Montana,US,America/Denver,14068833555,,https://gravitydropper.com/,gravitydropper.com,Bicycle store, ,No,3,3.7,open, ,,,,,,,,Lat 47.6636063,Lng -114.2540976,https://www.google.com/maps/place/?q=place_id:ChIJ_-Z75ApyZ1MRIx7hwE-7hD8,https://www.google.com/search?kgmid=/g/1tvrzd79, ,"https://t1.gstatic.com/faviconV2?client=SOCIAL&type=FAVICON&fallback_opts=TYPE,SIZE,URL&url=https://gravitydropper.com/&size=48",https://search.google.com/local/reviews?placeid=ChIJ_-Z75ApyZ1MRIx7hwE-7hD8&q=Gravity+Dropper+Seat+Post&authuser=0&hl=en,, , ,,
Coco's Bicycle Repair & Shop,62006 Telcostair Ln  St Ignatius  MT 59865  United States,62006 Telcostair Ln,St Ignatius,59865,Montana,US,America/Denver,14065296913,,,,Bicycle repair shop, ,No,1,5,open,"Saturday, 10 AM-5 PM; Sunday, Closed; Monday, Closed; Tuesday, Closed; Wednesday, 10 AM-5 PM; Thursday, 10 AM-5 PM; Friday, 10 AM-5 PM; ",10 AM-5 PM,Closed,Closed,Closed,10 AM-5 PM,10 AM-5 PM,10 AM-5 PM,Lat 47.3123419,Lng -114.0912089,https://www.google.com/maps/place/?q=place_id:ChIJoVXBlF2NXVMR9xhR_NeGOps,https://www.google.com/search?kgmid=/g/11gjz6szw0,https://lh5.googleusercontent.com/p/vj65nfHb-nEdzn89BeVlYQ, ,"https://search.google.com/local/reviews?placeid=ChIJoVXBlF2NXVMR9xhR_NeGOps&q=bicycle+shop+near+Forsyth,+Montana,+USA&authuser=0&hl=en", , , , , 
Wheaton's Cycle,214 1st Ave W  Kalispell  MT 59901  United States,214 1st Ave W,Kalispell,59901,Montana,US,America/Denver,14062575808,,http://www.wheatonscycle.com/,wheatonscycle.com,Bicycle store,Bicycle rental service,Yes,459,4.9,open,"Friday, 10 AM-6 PM; Saturday, 10 AM-5 PM; Sunday, Closed; Monday, Closed; Tuesday, 10 AM-6 PM; Wednesday, 10 AM-6 PM; Thursday, 10 AM-6 PM; ",10 AM-5 PM,Closed,Closed,10 AM-6 PM,10 AM-6 PM,10 AM-6 PM,10 AM-6 PM,Lat 48.196154,Lng -114.3147769,https://www.google.com/maps/place/?q=place_id:ChIJ7SHiQMBQZlMRb9TAtxmDT14,https://www.google.com/search?kgmid=/g/1tflxkls,https://lh5.googleusercontent.com/p/AF1QipPsT3Vg5-SwJkiF7GZnOOw9UJBetmbOkCk4h_9-,"https://t1.gstatic.com/faviconV2?client=SOCIAL&type=FAVICON&fallback_opts=TYPE,SIZE,URL&url=http://www.wheatonscycle.com/&size=48","https://search.google.com/local/reviews?placeid=ChIJ7SHiQMBQZlMRb9TAtxmDT14&q=bicycle+shop+near+Deer+Lodge,+Montana,+USA&authuser=0&hl=en",-6470,https://www.facebook.com/wheatons.cycle, ,https://www.instagram.com/wheatonscycle/,
Bike Worx eBike sales,1257 N Meridian Rd  Kalispell  MT 59901  United States,1257 N Meridian Rd,Kalispell,59901,Montana,US,America/Denver,14063141653,,http://bikeworxebikes.com/,bikeworxebikes.com,Bicycle store, ,Yes,,,open,"Friday, 9 AM-5 PM; Saturday, Closed; Sunday, Closed; Monday, 9 AM-5 PM; Tuesday, 9 AM-5 PM; Wednesday, 9 AM-5 PM; Thursday, 9 AM-5 PM; ",Closed,Closed,9 AM-5 PM,9 AM-5 PM,9 AM-5 PM,9 AM-5 PM,9 AM-5 PM,Lat 48.214227699999995,Lng -114.32958239999999,https://www.google.com/maps/place/?q=place_id:ChIJHzb02jlRZlMRbvVXsg5zFV8,https://www.google.com/search?kgmid=/g/11py3kn0jw,https://lh5.googleusercontent.com/p/AF1QipPfxSpfzOdGOF6MX1ds_J1UnbQIstvrRxaN4qiC,"https://t1.gstatic.com/faviconV2?client=SOCIAL&type=FAVICON&fallback_opts=TYPE,SIZE,URL&url=http://bikeworxebikes.com/&size=48", ,,http://www.facebook.com/bikeworx21, ,https://instagram.com/bike_worx21,
REI,2270 US-93  Kalispell  MT 59901  United States,2270 US-93,Kalispell,59901,Montana,US,America/Denver,14067554839,,https://www.rei.com/stores/kalispell?y_source=1_MTExNDY5MTItNzE1LWxvY2F0aW9uLndlYnNpdGU=,rei.com,Bicycle repair shop,,Yes,209,4.3,open,"Friday, 10 AM-8 PM; Saturday, 10 AM-8 PM; Sunday, 10 AM-6 PM; Monday, 10 AM-8 PM; Tuesday, 10 AM-8 PM; Wednesday, 10 AM-8 PM; Thursday, 10 AM-8 PM; ",10 AM-8 PM,10 AM-6 PM,10 AM-8 PM,10 AM-8 PM,10 AM-8 PM,10 AM-8 PM,10 AM-8 PM,Lat 48.2318366,Lng -114.3338127,https://www.google.com/maps/place/?q=place_id:ChIJXa0_av5bZlMRAtTg2M3voc8,https://www.google.com/search?kgmid=/g/11gwn_9w09,https://lh5.googleusercontent.com/p/CIHM0ogKEICAgICZ-MjQUg,"https://t1.gstatic.com/faviconV2?client=SOCIAL&type=FAVICON&fallback_opts=TYPE,SIZE,URL&url=https://www.rei.com/stores/kalispell?y_source=1_MTExNDY5MTItNzE1LWxvY2F0aW9uLndlYnNpdGU=&size=48","https://search.google.com/local/reviews?placeid=ChIJXa0_av5bZlMRAtTg2M3voc8&q=bicycle+shop+near+Kalispell,+Montana,+USA&authuser=0&hl=en",+14067554839 | 4065411938,https://www.facebook.com/REI/, ,https://www.instagram.com/rei/,https://www.youtube.com/user/reifindout/
Flathead Outdoors,1034 Whitefish Stage Rd Unit 5  Kalispell  MT 59901  United States,1034 Whitefish Stage Rd Unit 5,Kalispell,59901,Montana,US,America/Denver,14066076678,,https://www.flatheadoutdoors.com/,flatheadoutdoors.com,Bicycle rental service,,Yes,77,5,open,"Friday, 8 AM-8 PM; Saturday, 8 AM-8 PM; Sunday, 8 AM-8 PM; Monday, 8 AM-8 PM; Tuesday, 8 AM-8 PM; Wednesday, 8 AM-8 PM; Thursday, 8 AM-8 PM; ",8 AM-8 PM,8 AM-8 PM,8 AM-8 PM,8 AM-8 PM,8 AM-8 PM,8 AM-8 PM,8 AM-8 PM,Lat 48.212556799999994,Lng -114.3095998,https://www.google.com/maps/place/?q=place_id:ChIJx7p-TAtRZlMRuMH9hwtsAjc,https://www.google.com/search?kgmid=/g/11nft4w84y,https://lh5.googleusercontent.com/p/AF1QipPpjxQ_xVkVbjHmtiaREEzSHz7ZQ7dlMYAH5Vc,"https://t1.gstatic.com/faviconV2?client=SOCIAL&type=FAVICON&fallback_opts=TYPE,SIZE,URL&url=https://www.flatheadoutdoors.com/&size=48","https://search.google.com/local/reviews?placeid=ChIJx7p-TAtRZlMRuMH9hwtsAjc&q=bicycle+shop+near+Kalispell,+Montana,+USA&authuser=0&hl=en",406-607-6448 | 406-407-9360,https://www.facebook.com/FlatheadOutdoors/, ,https://www.instagram.com/flatheadvalleyoutdoors,https://www.youtube.com/snowbikenation
A7 Cycles,28 4th St W  Columbia Falls  MT 59912  United States,28 4th St W,Columbia Falls,59912,Montana,US,America/Denver,14067601717,,http://www.a7cycles.com/,a7cycles.com,Bicycle store,Outdoor sports store,Yes,52,5,open,"Friday, 10 AM-6 PM; Saturday, 10 AM-4 PM; Sunday, Closed; Monday, Closed; Tuesday, 10 AM-6 PM; Wednesday, 10 AM-6 PM; Thursday, 10 AM-6 PM; ",10 AM-4 PM,Closed,Closed,10 AM-6 PM,10 AM-6 PM,10 AM-6 PM,10 AM-6 PM,Lat 48.3748465,Lng -114.18216029999999,https://www.google.com/maps/place/?q=place_id:ChIJdYWdC4hDZlMRPLFgPx_j_os,https://www.google.com/search?kgmid=/g/11mqlxm67v,https://lh5.googleusercontent.com/p/AF1QipOzYNirBT5t1AwKivXfI_2_1qaDfNjKNhv9D5yb,"https://t1.gstatic.com/faviconV2?client=SOCIAL&type=FAVICON&fallback_opts=TYPE,SIZE,URL&url=http://www.a7cycles.com/&size=48","https://search.google.com/local/reviews?placeid=ChIJdYWdC4hDZlMRPLFgPx_j_os&q=bicycle+shop+near+Deer+Lodge,+Montana,+USA&authuser=0&hl=en",4067601717,https://www.facebook.com/102176554809071, ,https://www.instagram.com/a7cycles,
The Pedal Company at Glacier,9589 Hwy 2 E  Martin City  MT 59926  United States,9589 Hwy 2 E,Martin City,59926,Montana,US,America/Denver,14062499346,,http://dolphin-cobalt-3a5w.squarespace.com/,squarespace.com,Bicycle rental service, ,Yes,68,5,open,"Friday, 8 AM-8 PM; Saturday, 8 AM-8 PM; Sunday, 8 AM-8 PM; Monday, 8 AM-8 PM; Tuesday, 8 AM-8 PM; Wednesday, 8 AM-8 PM; Thursday, 8 AM-8 PM; ",8 AM-8 PM,8 AM-8 PM,8 AM-8 PM,8 AM-8 PM,8 AM-8 PM,8 AM-8 PM,8 AM-8 PM,Lat 48.3995551,Lng -114.039919,https://www.google.com/maps/place/?q=place_id:ChIJjb0Pa9o_ZlMR4iSzWJ4YwHQ,https://www.google.com/search?kgmid=/g/11jnv1w590,https://lh5.googleusercontent.com/p/AF1QipPv_UNtxH9NjrBiSxEWR0qSPFH5h2J0QwZw5Jij,"https://t1.gstatic.com/faviconV2?client=SOCIAL&type=FAVICON&fallback_opts=TYPE,SIZE,URL&url=http://dolphin-cobalt-3a5w.squarespace.com/&size=48","https://search.google.com/local/reviews?placeid=ChIJjb0Pa9o_ZlMR4iSzWJ4YwHQ&q=bicycle+shop+near+Medicine+Lake+town,+Montana,+USA&authuser=0&hl=en",, , ,,
Troy Bicycle Shop,103 E Spokane Ave  Troy  MT 59935  United States,103 E Spokane Ave,Troy,59935,Montana,US,America/Denver,14062954381,,,,Bicycle store, ,No,5,5,open, ,,,,,,,,Lat 48.4646048,Lng -115.89495819999999,https://www.google.com/maps/place/?q=place_id:ChIJsSCYsiP5Y1MRfCrO1JuylpI,https://www.google.com/search?kgmid=/g/1tdyqg94,https://lh5.googleusercontent.com/p/CIHM0ogKEICAgIDCwO3mSQ, ,"https://search.google.com/local/reviews?placeid=ChIJsSCYsiP5Y1MRfCrO1JuylpI&q=bicycle+shop+near+Sidney,+Montana,+USA&authuser=0&hl=en", , , , , 
Pedego Electric Bikes Whitefish,541 Spokane Ave  Whitefish  MT 59937  United States,541 Spokane Ave,Whitefish,59937,Montana,US,America/Denver,14062120080,info@pededowhitefish.com,https://pedegoelectricbikes.com/dealers/whitefish,pedegoelectricbikes.com,Bicycle store,Bicycle rental service,Yes,,,open,"Friday, 8 AM-6 PM; Saturday, 8 AM-6 PM; Sunday, 8 AM-6 PM; Monday, 8 AM-6 PM; Tuesday, 8 AM-6 PM; Wednesday, 8 AM-6 PM; Thursday, 8 AM-6 PM; ",8 AM-6 PM,8 AM-6 PM,8 AM-6 PM,8 AM-6 PM,8 AM-6 PM,8 AM-6 PM,8 AM-6 PM,Lat 48.406890999999995,Lng -114.33495889999999,https://www.google.com/maps/place/?q=place_id:ChIJn0yL4DBpZlMRwla7KnuSlDA,https://www.google.com/search?kgmid=/g/11ty0t0wbz,https://lh5.googleusercontent.com/p/AF1QipMUN46K020t-0VBJsxKYwbQFxhbvfT5VpDQ7ehe,"https://t1.gstatic.com/faviconV2?client=SOCIAL&type=FAVICON&fallback_opts=TYPE,SIZE,URL&url=https://pedegoelectricbikes.com/dealers/whitefish&size=48", ,+1 (406) 212-0080,https://www.facebook.com/112440108491728, ,https://www.instagram.com/pedego,https://www.youtube.com/@PedegoElectricBikes
Whitefish Outfitters & Tours + E-bike Rentals,541 Spokane Ave  Whitefish  MT 59937  United States,541 Spokane Ave,Whitefish,59937,Montana,US,America/Denver,14062120080,info@whitefishoutfitters.com,http://whitefishoutfitters.com/,whitefishoutfitters.com,Bicycle rental service,,Yes,161,4.9,open,"Friday, 9 AM-5 PM; Saturday, 9 AM-5 PM; Sunday, 9 AM-5 PM; Monday, 9 AM-5 PM; Tuesday, 9 AM-5 PM; Wednesday, 9 AM-5 PM; Thursday, 9 AM-5 PM; ",9 AM-5 PM,9 AM-5 PM,9 AM-5 PM,9 AM-5 PM,9 AM-5 PM,9 AM-5 PM,9 AM-5 PM,Lat 48.4068908,Lng -114.33501969999999,https://www.google.com/maps/place/?q=place_id:ChIJ4WhfJ7dpZlMRNivYbr4DIYQ,https://www.google.com/search?kgmid=/g/11h7l_01my,https://lh5.googleusercontent.com/p/AF1QipNFH5RR8_QMdxW__vdCqkumsz8-hAHqVI-pH_oj,"https://t1.gstatic.com/faviconV2?client=SOCIAL&type=FAVICON&fallback_opts=TYPE,SIZE,URL&url=http://whitefishoutfitters.com/&size=48","https://search.google.com/local/reviews?placeid=ChIJ4WhfJ7dpZlMRNivYbr4DIYQ&q=bicycle+shop+near+Whitefish,+Montana,+USA&authuser=0&hl=en",4062120080,https://www.facebook.com/whitefishoutfitters, ,https://www.instagram.com/whitefishoutfitters,
Montana E-Bikes & More,6475 U.S. 93 S space 6  Whitefish  MT 59937  United States,6475 U.S. 93 S space 6,Whitefish,59937,Montana,US,America/Denver,14062008495,josh@mtebikes.com,https://www.mtebikes.com/,mtebikes.com,Bicycle store, ,Yes,288,5,open,"Friday, 9 AM-5 PM; Saturday, 9 AM-5 PM; Sunday, Closed; Monday, 9 AM-5 PM; Tuesday, 9 AM-5 PM; Wednesday, 9 AM-5 PM; Thursday, 9 AM-5 PM; ",9 AM-5 PM,Closed,9 AM-5 PM,9 AM-5 PM,9 AM-5 PM,9 AM-5 PM,9 AM-5 PM,Lat 48.3952301,Lng -114.333221,https://www.google.com/maps/place/?q=place_id:ChIJDYkUnsx7ZlMRIBIUkBXmXwM,https://www.google.com/search?kgmid=/g/11st9mh0f2,https://lh5.googleusercontent.com/p/CIHM0ogKEICAgICx-oqt-QE,"https://t1.gstatic.com/faviconV2?client=SOCIAL&type=FAVICON&fallback_opts=TYPE,SIZE,URL&url=https://www.mtebikes.com/&size=48","https://search.google.com/local/reviews?placeid=ChIJDYkUnsx7ZlMRIBIUkBXmXwM&q=bicycle+shop+near+Medicine+Lake+town,+Montana,+USA&authuser=0&hl=en",4062008495,https://www.facebook.com/mtebikes, ,https://www.instagram.com/mte_bikes/,
Great Northern Cycle & Ski,328 Central Ave  Whitefish  MT 59937  United States,328 Central Ave,Whitefish,59937,Montana,US,America/Denver,14068625321,,http://www.gncycleski.com/,gncycleski.com,Bicycle store,Bicycle repair shop,Yes,92,4.8,open,"Friday, 8:30 AM-6 PM; Saturday, 8:30 AM-5 PM; Sunday, Closed; Monday, 8:30 AM-6 PM; Tuesday, 8:30 AM-6 PM; Wednesday, 8:30 AM-6 PM; Thursday, 8:30 AM-6 PM; ",8:30 AM-5 PM,Closed,8:30 AM-6 PM,8:30 AM-6 PM,8:30 AM-6 PM,8:30 AM-6 PM,8:30 AM-6 PM,Lat 48.4090961,Lng -114.3370602,https://www.google.com/maps/place/?q=place_id:ChIJNS08mbRpZlMR_dJkyrW5H4s,https://www.google.com/search?kgmid=/g/1hc0wtzs5,https://lh5.googleusercontent.com/p/AF1QipNFq9yzkxoKfiEP9YScyDHctUn30oJ5QpBV4Wzq,"https://t1.gstatic.com/faviconV2?client=SOCIAL&type=FAVICON&fallback_opts=TYPE,SIZE,URL&url=http://www.gncycleski.com/&size=48","https://search.google.com/local/reviews?placeid=ChIJNS08mbRpZlMR_dJkyrW5H4s&q=bicycle+shop+near+Medicine+Lake+town,+Montana,+USA&authuser=0&hl=en",,https://www.facebook.com/gncycleski/, ,https://www.instagram.com/gncycleski,
Sportsman & Ski Haus Rentals,6475 U.S. 93 S  Whitefish  MT 59937  United States,6475 U.S. 93 S,Whitefish,59937,Montana,US,America/Denver,14068583550,,https://www.sportsmanskihaus.com/info/ssh-rentals,sportsmanskihaus.com,Bicycle store,Bicycle rental service,Yes,1,5,open,"Friday, 9 AM-8 PM; Saturday, 9 AM-8 PM; Sunday, 10 AM-6 PM; Monday, 9 AM-8 PM; Tuesday, 9 AM-8 PM; Wednesday, 9 AM-8 PM; Thursday, 9 AM-8 PM; ",9 AM-8 PM,10 AM-6 PM,9 AM-8 PM,9 AM-8 PM,9 AM-8 PM,9 AM-8 PM,9 AM-8 PM,Lat 48.3949729,Lng -114.33326179999999,https://www.google.com/maps/place/?q=place_id:ChIJyd2M4D1pZlMRP3emHJQCJEo,https://www.google.com/search?kgmid=/g/11vjr4kmn3,https://lh5.googleusercontent.com/p/AF1QipOszeMYyj5kXry64sWC1KaO1dVYW5R_CcMfIZty,"https://t1.gstatic.com/faviconV2?client=SOCIAL&type=FAVICON&fallback_opts=TYPE,SIZE,URL&url=https://www.sportsmanskihaus.com/info/ssh-rentals&size=48","https://search.google.com/local/reviews?placeid=ChIJyd2M4D1pZlMRP3emHJQCJEo&q=bicycle+shop+near+Whitefish,+Montana,+USA&authuser=0&hl=en",,https://business.facebook.com/sportsmanskihaus/?business_id=724082987734719,https://twitter.com/sportmanskihaus,https://www.instagram.com/sportsmanskihaus/,https://www.youtube.com/channel/UCTKnChaLXDyc57tDNz2g0GQ
Glacier Cyclery & Nordic,326 E Second St  Whitefish  MT 59937  United States,326 E Second St,Whitefish,59937,Montana,US,America/Denver,14068626446,,http://glaciercyclery.com/,glaciercyclery.com,Bicycle store,Bicycle rental service,Yes,137,4.9,open,"Saturday, 10 AM-5 PM; Sunday, Closed; Monday, 10 AM-6 PM; Tuesday, 10 AM-6 PM; Wednesday, 10 AM-6 PM; Thursday, 10 AM-6 PM; Friday, 10 AM-6 PM; ",10 AM-5 PM,Closed,10 AM-6 PM,10 AM-6 PM,10 AM-6 PM,10 AM-6 PM,10 AM-6 PM,Lat 48.410815,Lng -114.3389887,https://www.google.com/maps/place/?q=place_id:ChIJz82IFrNpZlMRDdiOMftBTc8,https://www.google.com/search?kgmid=/g/1thgb3n5,https://lh5.googleusercontent.com/p/AF1QipO43g2G6s8rrwmcAVXp4dgFspjy_oQxJRoHZ_MG,"https://t1.gstatic.com/faviconV2?client=SOCIAL&type=FAVICON&fallback_opts=TYPE,SIZE,URL&url=http://glaciercyclery.com/&size=48","https://search.google.com/local/reviews?placeid=ChIJz82IFrNpZlMRDdiOMftBTc8&q=bicycle+shop+near+Cut+Bank,+Montana,+USA&authuser=0&hl=en",,https://www.facebook.com/pages/Glacier-Cyclery-Nordic/238096686247872, ,https://www.instagram.com/glaciercyclery/,
Gateway Cyclery,,,Sheridan town,,Montana,US,America/Denver,14066863070,bike@gatewaycyclery.com,https://gatewaycyclery.com/,gatewaycyclery.com,Bicycle repair shop,Service establishment,Yes,,,open,"Saturday, 8 AM-4 PM; Sunday, Closed; Monday, 8 AM-6 PM; Tuesday, 8 AM-6 PM; Wednesday, 8 AM-6 PM; Thursday, 8 AM-6 PM; Friday, 8 AM-6 PM; ",8 AM-4 PM,Closed,8 AM-6 PM,8 AM-6 PM,8 AM-6 PM,8 AM-6 PM,8 AM-6 PM,Lat 45.592496,Lng -110.42260399999999,https://www.google.com/maps/place/?q=place_id:ChIJcYznyuaaIqMRwp3tKmPxYsQ,https://www.google.com/search?kgmid=/g/11vzryrnwk,https://lh5.googleusercontent.com/p/AF1QipM2ShOXlp0NhXz8S_iSKgUzQYJwx2vjtfUm9LWC,"https://t1.gstatic.com/faviconV2?client=SOCIAL&type=FAVICON&fallback_opts=TYPE,SIZE,URL&url=https://gatewaycyclery.com/&size=48", ,, , ,https://instagram.com/gatewaycyclery,
Wild Fox Bikes,,,Missoula,,Montana,US,America/Denver,,wildfoxbikes@gmail.com,http://www.wildfoxbikes.com/,wildfoxbikes.com,Bicycle repair shop,Service establishment,Yes,,,open, ,,,,,,,,Lat 46.870746,Lng -114.012329,https://www.google.com/maps/place/?q=place_id:ChIJQx2nQwTJXVMRQX1n4GRfneY,https://www.google.com/search?kgmid=/g/11hgf_wdh4,https://lh5.googleusercontent.com/p/AF1QipNqv9O1wX7Udd1ryMOztezKMMFitpGOM4wcu0qS,"https://t1.gstatic.com/faviconV2?client=SOCIAL&type=FAVICON&fallback_opts=TYPE,SIZE,URL&url=http://www.wildfoxbikes.com/&size=48", ,, , ,,
Gateway Cyclery,,,Sheridan town,,Montana,US,America/Denver,14066863070,,http://gatewaycyclery.com/,gatewaycyclery.com,Bicycle repair shop,Service establishment,Yes,4,5,open, ,,,,,,,,Lat 45.592496,Lng -110.42260399999999,https://www.google.com/maps/place/?q=place_id:ChIJFfddb2MCv6QRzagtzH65jlE,https://www.google.com/search?kgmid=/g/11q2ssg8c8,https://lh5.googleusercontent.com/p/AF1QipPZzc-ezbWlz0F_eB7xhWz1IaTVyi73ZpizrOYW,"https://t1.gstatic.com/faviconV2?client=SOCIAL&type=FAVICON&fallback_opts=TYPE,SIZE,URL&url=http://gatewaycyclery.com/&size=48","https://search.google.com/local/reviews?placeid=ChIJFfddb2MCv6QRzagtzH65jlE&q=bicycle+shop+near+Sheridan+town,+Montana,+USA&authuser=0&hl=en",, , ,https://instagram.com/gatewaycyclery,
406 E-Bike Rentals,,,Bridger town,,Montana,US,America/Denver,14062247260,,https://www.406ebikerentals.com/,406ebikerentals.com,Bicycle rental service,Service establishment,Yes,13,5,open,"Saturday, Open 24 hours; Sunday, Open 24 hours; Monday, Open 24 hours; Tuesday, Open 24 hours; Wednesday, Open 24 hours; Thursday, Open 24 hours; Friday, Open 24 hours; ",Open 24 hours,Open 24 hours,Open 24 hours,Open 24 hours,Open 24 hours,Open 24 hours,Open 24 hours,Lat 45.592496,Lng -110.42260399999999,https://www.google.com/maps/place/?q=place_id:ChIJO67VgJZ3AIER4KLM3TN05Zg,https://www.google.com/search?kgmid=/g/11t2fhyw_n,https://lh5.googleusercontent.com/p/AF1QipOXJlqPLa9ug7gQ7VvGhLQwuUf0xijw9OsRuSpr,"https://t1.gstatic.com/faviconV2?client=SOCIAL&type=FAVICON&fallback_opts=TYPE,SIZE,URL&url=https://www.406ebikerentals.com/&size=48","https://search.google.com/local/reviews?placeid=ChIJO67VgJZ3AIER4KLM3TN05Zg&q=bicycle+shop+near+Bridger+town,+Montana,+USA&authuser=0&hl=en",,https://www.facebook.com/406-E-Bike-Rentals-106036755463361, ,https://www.instagram.com/406ebikerentals/,
The Ride Cyclery,,,Sidney,,Montana,US,America/Denver,14062722233,,http://theridecyclery.com/,theridecyclery.com,Bicycle store,Service establishment,Yes,31,5,open, ,,,,,,,,Lat 42.5181085,Lng -93.0438145,https://www.google.com/maps/place/?q=place_id:ChIJ-Qvgt4B7SFMR5wP7hKTfIDw,https://www.google.com/search?kgmid=/g/11fkknw8g2, ,"https://t1.gstatic.com/faviconV2?client=SOCIAL&type=FAVICON&fallback_opts=TYPE,SIZE,URL&url=http://theridecyclery.com/&size=48","https://search.google.com/local/reviews?placeid=ChIJ-Qvgt4B7SFMR5wP7hKTfIDw&q=bicycle+shop+near+Sidney,+Montana,+USA&authuser=0&hl=en",, , ,,
Montana E-xtreme Bikes,1731 US Hwy 93 South  Hamilton  MT 59840  United States,1731 US Hwy 93 South,Hamilton,59840,MT,US,America/Denver,14063691879,,,,Bicycle repair shop, ,Yes,,,open, ,,,,,,,,Lat 46.1369617,Lng -114.17871099999999,https://www.google.com/maps/place/?q=place_id:ChIJhwtAfIjKXlMRmCkFOSN4rLw,https://www.google.com/search?kgmid=/g/11hdc30tzn,https://lh5.googleusercontent.com/p/duGXLMPcIJFpPGFKytPIOw, , , , , , , 
Columbia Mountain Outfitters,355 Halfmoon Flts Rd  West Glacier  MT 59936  United States,355 Halfmoon Flts Rd,West Glacier,59936,Montana,US,America/Denver,,,http://columbiamountainoutfitters.com/,columbiamountainoutfitters.com,Bicycle rental service, ,Yes,17,5,Temporarily closed, ,,,,,,,,Lat 48.4645551,Lng -113.9826252,https://www.google.com/maps/place/?q=place_id:ChIJd7TExo4_ZlMRlSSqXarFZ-s,https://www.google.com/search?kgmid=/g/11s_xvnk5m,https://lh5.googleusercontent.com/p/AF1QipOvnLjgz3z4j43UEHydEkqHKEqmCDLQBgz5IyqB,"https://t1.gstatic.com/faviconV2?client=SOCIAL&type=FAVICON&fallback_opts=TYPE,SIZE,URL&url=http://columbiamountainoutfitters.com/&size=48","https://search.google.com/local/reviews?placeid=ChIJd7TExo4_ZlMRlSSqXarFZ-s&q=bicycle+shop+near+Medicine+Lake+town,+Montana,+USA&authuser=0&hl=en",, , , , 