County,City,ZIP
Beaverhead,Dillon,59725
Beaverhead,Lima,59739
Big Horn,Hardin,59034
Big Horn,Lodge Grass,59050
Blaine,Chinook,59523
Blaine,Harlem,59526
Broadwater,Townsend,59644
Carbon,Bearcreek,59007
Carbon,Bridger,59014
Carbon,Fromberg,59029
Carbon,Joliet,59041
Carbon,Red Lodge,59068
Carter,Ekalaka,59324
Cascade,Belt,59412
Cascade,Cascade,59421
Cascade,Great Falls,59401
Cascade,Great Falls,59402
Cascade,Great Falls,59403
Cascade,Great Falls,59404
Cascade,Great Falls,59405
Cascade,Great Falls,59406
Cascade,Neihart,59465
Chouteau,Big Sandy,59520
Chouteau,Fort Benton,59442
Chouteau,Geraldine,59446
Custer,Ismay,59336
Custer,Miles City,59301
Daniels,Flaxville,59222
Daniels,Scobey,59263
Dawson,Glendive,59330
Dawson,Richey,59259
Deer Lodge,Anaconda,59711
Fallon,Baker,59313
Fallon,Plevna,59344
Fergus,Denton,59430
Fergus,Grass Range,59032
Fergus,Lewistown,59457
Fergus,Moore,59464
Fergus,Winifred,59489
Flathead,Columbia Falls,59912
Flathead,Kalispell,59901
Flathead,Kalispell,59903
Flathead,Whitefish,59937
Gallatin,Belgrade,59714
Gallatin,Bozeman,59715
Gallatin,Bozeman,59717
Gallatin,Bozeman,59718
Gallatin,Manhattan,59741
Gallatin,Three Forks,59752
Gallatin,West Yellowstone,59758
Garfield,Jordan,59337
Glacier,Browning,59417
Glacier,Cut Bank,59427
Golden Valley,Lavina,59046
Golden Valley,Ryegate,59074
Granite,Drummond,59832
Granite,Phillipsburg,59858
Hill,Havre,59501
Hill,Hingham,59528
Jefferson,Boulder,59632
Jefferson,Whitehall,59759
Judith Basin,Hobson,59452
Judith Basin,Stanford,59479
Lake,Polson,59860
Lake,Ronan,59864
Lake,St. Ignatius,59865
Lewis & Clark,East Helena,59635
Lewis & Clark,Helena,59601
Lewis & Clark,Helena,59602
Lewis & Clark,Helena,59604
Lewis & Clark,Helena,59620
Liberty,Chester,59522
Lincoln,Eureka,59917
Lincoln,Libby,59923
Lincoln,Rexford,59930
Lincoln,Troy,59935
Madison,Ennis,59729
Madison,Sheridan,59749
Madison,Twin Bridges,59754
Madison,Virginia City,59755
Mccone,Circle,59215
Meagher,White Sulphur Springs,59645
Mineral,Alberton,59820
Mineral,Superior,59872
Missoula,Missoula,59801
Missoula,Missoula,59802
Missoula,Missoula,59803
Missoula,Missoula,59804
Musselshell,Melstone,59054
Musselshell,Roundup,59072
Park,Clyde Park,59018
Park,Livingston,59047
Petroleum,Winnett,59087
Phillips,Dodson,59524
Phillips,Malta,59538
Phillips,Saco,59261
Pondera,Conrad,59425
Pondera,Valier,59486
Powder River,Broadus,59317
Powell,Deer Lodge,59722
Prairie,Terry,59349
Ravalli,Darby,59829
Ravalli,Hamilton,59840
Ravalli,Pinesdale,59841
Ravalli,Stevensville,59870
Richland,Fairview,59221
Richland,Sidney,59270
Roosevelt,Bainville,59212
Roosevelt,Culbertson,59218
Roosevelt,Froid,59226
Roosevelt,Poplar,59255
Roosevelt,Wolf Point,59201
Rosebud,Colstrip,59323
Rosebud,Forsyth,59327
Sanders,Hot Springs,59845
Sanders,Plains,59859
Sanders,Thompson Falls,59873
Sheridan,Medicine Lake,59247
Sheridan,Outlook,59252
Sheridan,Plentywood,59254
Sheridan,Westby,59275
Silver Bow,Butte,59701
Silver Bow,Butte,59702
Silver Bow,Butte,59703
Silver Bow,Walkerville,59701
Stillwater,Columbus,59019
Sweet Grass,Big Timber,59011
Teton,Choteau,59422
Teton,Dutton,59433
Teton,Fairfield,59436
Toole,Kevin,59454
Toole,Shelby,59474
Toole,Sunburst,59482
Treasure,Hysham,59038
Valley,Fort Peck,59223
Valley,Glasgow,59230
Valley,Nashua,59248
Valley,Opheim,59250
Wheatland,Harlowton,59036
Wheatland,Judith Gap,59453
Wibaux,Wibaux,59353
Yellowstone,Billings,59101
Yellowstone,Billings,59102
Yellowstone,Billings,59103
Yellowstone,Billings,59104
Yellowstone,Billings,59105
Yellowstone,Billings,59106
Yellowstone,Billings,59107
Yellowstone,Billings,59108
Yellowstone,Broadview,59015
Yellowstone,Laurel,59044
