Name,Full_Address,Street_Address,City,Zip,State,Country,Timezone,Phone_1,Email,Website,Domain,First_category,Second_category,Claimed_google_my_business,Reviews_count,Average_rating,Business Status,Hours,Saturday,Sunday,Monday,Tuesday,Wednesday,Thursday,Friday,Latitude,Longitude,GMB_URL,Google_Knowledge_URL,Image_URL,Favicon,Review_URL,Phone From WEBSITE,Facebook URL,Twitter URL,Instagram URL,Youtube URL
Community Bike Project Omaha,525 N 33rd St  Omaha  NE 68131  United States,525 N 33rd St,Omaha,68131,Nebraska,US,America/Chicago,14029572454,info@communitybikeproject.org,http://communitybikeproject.org/,communitybikeproject.org,Bicycle store,Non-profit organization,Yes,35,4.7,open,"Saturday, Closed; Sunday, 12-4 PM; Monday, Closed; Tuesday, Closed; Wednesday, 2-6 PM; Thursday, Closed; Friday, 2-6 PM; ",Closed,12-4 PM,Closed,Closed,2-6 PM,Closed,2-6 PM,Lat 41.264373299999995,Lng -95.961326,https://www.google.com/maps/place/?q=place_id:ChIJvZuknDaPk4cRdWb0AOE2CpY,https://www.google.com/search?kgmid=/g/11rvg3x_cg,https://lh5.googleusercontent.com/p/CIABIhA2OmuiKXnwoGLp16dYh7X9,"https://t1.gstatic.com/faviconV2?client=SOCIAL&type=FAVICON&fallback_opts=TYPE,SIZE,URL&url=http://communitybikeproject.org/&size=48","https://search.google.com/local/reviews?placeid=ChIJvZuknDaPk4cRdWb0AOE2CpY&q=bicycle+shop+near+Central,+Nebraska,+USA&authuser=0&hl=en",, , ,http://instagram.com/bike_project_omaha,
Cycle Works,720 N 27th St  Lincoln  NE 68503  United States,720 N 27th St,Lincoln,68503,Nebraska,US,America/Chicago,14024752453,info@cycleworksusa.com,http://www.cycleworksusa.com/,cycleworksusa.com,Bicycle store,Sporting goods store,Yes,213,4.5,open,"Saturday, 9 AM-7 PM; Sunday, 12-5 PM; Monday, 9 AM-7 PM; Tuesday, 9 AM-7 PM; Wednesday, 9 AM-7 PM; Thursday, 9 AM-7 PM; Friday, 9 AM-7 PM; ",9 AM-7 PM,12-5 PM,9 AM-7 PM,9 AM-7 PM,9 AM-7 PM,9 AM-7 PM,9 AM-7 PM,Lat 40.8204354,Lng -96.682102,https://www.google.com/maps/place/?q=place_id:ChIJAVT2g5O-locR1PBGxFv097c,https://www.google.com/search?kgmid=/g/1thsgf4c,https://lh5.googleusercontent.com/p/CIHM0ogKEICAgICEjuWi-AE,"https://t1.gstatic.com/faviconV2?client=SOCIAL&type=FAVICON&fallback_opts=TYPE,SIZE,URL&url=http://www.cycleworksusa.com/&size=48","https://search.google.com/local/reviews?placeid=ChIJAVT2g5O-locR1PBGxFv097c&q=bicycle+shop+near+Central,+Nebraska,+USA&authuser=0&hl=en",+1402-475-2453 | +14024752453,https://www.facebook.com/pages/Cycle-Works/73986388876, ,,
Pedego Electric Bikes Grand Island,3020 W Stolley Park Rd  Grand Island  NE 68801  United States,3020 W Stolley Park Rd,Grand Island,68801,Nebraska,US,America/Chicago,13088894181,info@pedegograndisland.com,https://pedegoelectricbikes.com/dealers/grand-island/,pedegoelectricbikes.com,Bicycle store,Bicycle rental service,Yes,13,5,open,"Saturday, 10 AM-3 PM; Sunday, Closed; Monday, 10 AM-5:30 PM; Tuesday, 10 AM-5:30 PM; Wednesday, 10 AM-5:30 PM; Thursday, 10 AM-5:30 PM; Friday, 10 AM-5:30 PM; ",10 AM-3 PM,Closed,10 AM-5:30 PM,10 AM-5:30 PM,10 AM-5:30 PM,10 AM-5:30 PM,10 AM-5:30 PM,Lat 40.902764999999995,Lng -98.369371,https://www.google.com/maps/place/?q=place_id:ChIJo0d4OXOHmYcR3x-II6SuITM,https://www.google.com/search?kgmid=/g/11trlr7n3d,https://lh5.googleusercontent.com/p/AF1QipOtSeN6qP0CmeRNlfxF5_nJgk1JgFFnTf2dnFXB,"https://t1.gstatic.com/faviconV2?client=SOCIAL&type=FAVICON&fallback_opts=TYPE,SIZE,URL&url=https://pedegoelectricbikes.com/dealers/grand-island/&size=48","https://search.google.com/local/reviews?placeid=ChIJo0d4OXOHmYcR3x-II6SuITM&q=bicycle+shop+near+Central,+Nebraska,+USA&authuser=0&hl=en",13088894181,https://www.facebook.com/114785688175622, ,https://www.instagram.com/pedego,https://www.youtube.com/@PedegoElectricBikes
Pedego + Bellevue / Omaha,2871 Capehart Rd  Bellevue  NE 68123  United States,2871 Capehart Rd,Bellevue,68123,Nebraska,US,America/Chicago,14029051401,info@pedegowestomaha.com,https://pedegoelectricbikes.com/dealers/omaha/,pedegoelectricbikes.com,Bicycle store,Bicycle rental service,Yes,53,5,open,"Saturday, 11 AM-5 PM; Sunday, Closed; Monday, Closed; Tuesday, 11 AM-5 PM; Wednesday, 11 AM-5 PM; Thursday, 11 AM-5 PM; Friday, 11 AM-5 PM; ",11 AM-5 PM,Closed,Closed,11 AM-5 PM,11 AM-5 PM,11 AM-5 PM,11 AM-5 PM,Lat 41.120374999999996,Lng -95.9550443,https://www.google.com/maps/place/?q=place_id:ChIJoaZqd8jzk4cRu1njWThllJ0,https://www.google.com/search?kgmid=/g/11pyc2h7gm,https://lh5.googleusercontent.com/p/AF1QipOwC7Pibvbs2UarOK7pC-e76AjqN8LlIUw6hGQa,"https://t1.gstatic.com/faviconV2?client=SOCIAL&type=FAVICON&fallback_opts=TYPE,SIZE,URL&url=https://pedegoelectricbikes.com/dealers/omaha/&size=48","https://search.google.com/local/reviews?placeid=ChIJoaZqd8jzk4cRu1njWThllJ0&q=bicycle+shop+near+Central,+Nebraska,+USA&authuser=0&hl=en",14029051401,https://www.facebook.com/100890922514478, ,https://www.instagram.com/pedegowestomaha/,https://www.youtube.com/@PedegoElectricBikes
Speedy Pete's E-Bikes,4811 Van Dorn St  Lincoln  NE 68506  United States,4811 Van Dorn St,Lincoln,68506,Nebraska,US,America/Chicago,14028173245,info@speedypetesebikes.com,http://www.speedypetesebikes.com/,speedypetesebikes.com,Bicycle store, ,Yes,65,4.6,open,"Saturday, 10 AM-5 PM; Sunday, 12-5 PM; Monday, Closed; Tuesday, 10 AM-5 PM; Wednesday, 10 AM-5 PM; Thursday, 10 AM-5 PM; Friday, 10 AM-5 PM; ",10 AM-5 PM,12-5 PM,Closed,10 AM-5 PM,10 AM-5 PM,10 AM-5 PM,10 AM-5 PM,Lat 40.7842324,Lng -96.6531467,https://www.google.com/maps/place/?q=place_id:ChIJ32SnceSVlocR-Njr3tKaQc0,https://www.google.com/search?kgmid=/g/11fhk_yf72,https://lh5.googleusercontent.com/p/AF1QipPtwf81L0MX7Q-_0JxfDjqtrdiMPIIwXVhDE5AU,"https://t1.gstatic.com/faviconV2?client=SOCIAL&type=FAVICON&fallback_opts=TYPE,SIZE,URL&url=http://www.speedypetesebikes.com/&size=48","https://search.google.com/local/reviews?placeid=ChIJ32SnceSVlocR-Njr3tKaQc0&q=bicycle+shop+near+Central,+Nebraska,+USA&authuser=0&hl=en",4028173245,https://www.facebook.com/SpeedyPetesEbikes/,https://twitter.com/speedy_petes,https://www.instagram.com/speedypetesebikes/,
Lavender Llama,324 Grand Ave #202  Ravenna  NE 68869  United States,324 Grand Ave #202,Ravenna,68869,Nebraska,US,America/Chicago,19284122944,lavenderllama420@gmail.com,http://lavenderllama420.wixsite.com/lll420,lavenderllama420.wixsite.com,Bicycle store,Art gallery,Yes,1,5,open, ,,,,,,,,Lat 41.026110599999996,Lng -98.9130734,https://www.google.com/maps/place/?q=place_id:ChIJsdhT4YTnm4cR8C8-g8sALwo,https://www.google.com/search?kgmid=/g/11qpw58d2w,https://lh5.googleusercontent.com/p/wkhsq_761zErk0Hl_8AInw,"https://t1.gstatic.com/faviconV2?client=SOCIAL&type=FAVICON&fallback_opts=TYPE,SIZE,URL&url=http://lavenderllama420.wixsite.com/lll420&size=48",https://search.google.com/local/reviews?placeid=ChIJsdhT4YTnm4cR8C8-g8sALwo&q=Lavender+Llama&authuser=0&hl=en,,http://www.facebook.com/lavenderllama420,https://twitter.com/LavendrLlama420,https://www.instagram.com/lavenderllama420/,https://www.youtube.com/channel/UCg0-A34fU2dmd7yZIQb_Lcw?view_as=subscriber
Bike Masters,725 N 210th St Suite 100  Elkhorn  NE 68022  United States,725 N 210th St Suite 100,Elkhorn,68022,Nebraska,US,America/Chicago,14029641080,sales@bikemasterscycling.com,http://www.bikemasterscycling.com/,bikemasterscycling.com,Bicycle store,Bicycle repair shop,Yes,358,4.7,open,"Saturday, 9 AM-5 PM; Sunday, 12-4 PM; Monday, 11 AM-7 PM; Tuesday, 11 AM-7 PM; Wednesday, 11 AM-7 PM; Thursday, 11 AM-7 PM; Friday, 11 AM-7 PM; ",9 AM-5 PM,12-4 PM,11 AM-7 PM,11 AM-7 PM,11 AM-7 PM,11 AM-7 PM,11 AM-7 PM,Lat 41.266106099999995,Lng -96.24376099999999,https://www.google.com/maps/place/?q=place_id:ChIJ-YABjKbtk4cRmy6OFRzqXzA,https://www.google.com/search?kgmid=/g/1tcvvc0h,https://lh5.googleusercontent.com/p/CIHM0ogKEICAgICxpvHLmwE,"https://t1.gstatic.com/faviconV2?client=SOCIAL&type=FAVICON&fallback_opts=TYPE,SIZE,URL&url=http://www.bikemasterscycling.com/&size=48","https://search.google.com/local/reviews?placeid=ChIJ-YABjKbtk4cRmy6OFRzqXzA&q=bicycle+shop+near+Central,+Nebraska,+USA&authuser=0&hl=en",14029641080,https://www.facebook.com/bikemasterscycling/, ,https://www.instagram.com/bikemastersomaha/,
Nebraska Electric Powersports,3721 N 147th St  Omaha  NE 68116  United States,3721 N 147th St,Omaha,68116,Nebraska,US,America/Chicago,14024901444,sales@nebraskaep.com,https://nebraskaep.com/,nebraskaep.com,Electric bicycle store, ,Yes,8,4.5,open,"Friday, 11 AM-5 PM; Saturday, 11 AM-3 PM; Sunday, Closed; Monday, 11 AM-5 PM; Tuesday, 11 AM-5 PM; Wednesday, 11 AM-5 PM; Thursday, 11 AM-5 PM; ",11 AM-3 PM,Closed,11 AM-5 PM,11 AM-5 PM,11 AM-5 PM,11 AM-5 PM,11 AM-5 PM,Lat 41.292958,Lng -96.14310189999999,https://www.google.com/maps/place/?q=place_id:ChIJzwESNXvtk4cReXi3L7trqr4,https://www.google.com/search?kgmid=/g/11wxg6jzkp,https://lh5.googleusercontent.com/p/CIABIhD5kiD9IsUdYL9IBICsJwvq,"https://t1.gstatic.com/faviconV2?client=SOCIAL&type=FAVICON&fallback_opts=TYPE,SIZE,URL&url=https://nebraskaep.com/&size=48","https://search.google.com/local/reviews?placeid=ChIJzwESNXvtk4cReXi3L7trqr4&q=bicycle+shop+near+Omaha,+Nebraska,+USA&authuser=0&hl=en",402-490-1444 | (402) 490 1444,https://www.facebook.com/profile.php?id=61564550727208&__cft__[0]=AZXEoPh3n_4gg6Z8LZ36wC5RbZmYA7XhnLIiPZ9z75cFi11ApTU6dfoi8j_xCUikSFkpyDZFdSZEA8425CWLX3HQylUTHBnYNIF6i8lzvZAhYCzEmw3tXoX_Ykcd95wMEAnaoejpAnFkhXyS6eRg7qz44hVBfknmD44sYUbSuOEku_7aASkoC2x78118VFKKLXgQAeBWTIBI2UJAjABd87pp&__tn__=-UC%2CP-R, ,https://www.instagram.com/ryanhumlicek/,
Cycle Sport Bicycle Shop,507 N Jeffers St  North Platte  NE 69101  United States,507 N Jeffers St,North Platte,69101,Nebraska,US,America/Chicago,13085301897,whitetailcyclesport@yahoo.com,https://www.whitetailcyclesport.com/,whitetailcyclesport.com,Bicycle store, ,Yes,48,4.9,open,"Saturday, Closed; Sunday, Closed; Monday, 10 AM-6 PM; Tuesday, 10 AM-6 PM; Wednesday, 10 AM-6 PM; Thursday, 10 AM-6 PM; Friday, 10 AM-6 PM; ",Closed,Closed,10 AM-6 PM,10 AM-6 PM,10 AM-6 PM,10 AM-6 PM,10 AM-6 PM,Lat 41.137748599999995,Lng -100.762812,https://www.google.com/maps/place/?q=place_id:ChIJr-DnH_4idocRRzUbG7kP2jE,https://www.google.com/search?kgmid=/g/1tmxg150,https://lh5.googleusercontent.com/p/CIHM0ogKEICAgIDOxKjliAE,"https://t1.gstatic.com/faviconV2?client=SOCIAL&type=FAVICON&fallback_opts=TYPE,SIZE,URL&url=https://www.whitetailcyclesport.com/&size=48","https://search.google.com/local/reviews?placeid=ChIJr-DnH_4idocRRzUbG7kP2jE&q=bicycle+shop+near+Central,+Nebraska,+USA&authuser=0&hl=en",3085301897,https://www.facebook.com/WhitetailCycleSport/, ,,
Heartland Bcycle 12th & Davenport,Omaha  NE 68102  United States,Omaha  NE 68102,Omaha, ,Nebraska,US,America/Chicago,,,,,Bicycle rental service, ,No,1,5,open, ,,,,,,,,Lat 41.2618022,Lng -95.9316893,https://www.google.com/maps/place/?q=place_id:ChIJt7mtkrCPk4cRTLQaQwU1NwY,https://www.google.com/search?kgmid=/g/11jdhcy00l,https://lh5.googleusercontent.com/p/CIHM0ogKEICAgICns8-A-AE, ,"https://search.google.com/local/reviews?placeid=ChIJt7mtkrCPk4cRTLQaQwU1NwY&q=bicycle+shop+near+Carter+Lake,+Iowa,+USA&authuser=0&hl=en", , , , , 
Bike Pedlar,2723 N 63rd St  Omaha  NE 68104  United States,2723 N 63rd St,Omaha,68104,Nebraska,US,America/Chicago,14025562453,,,,Bicycle repair shop,Bicycle Shop,No,33,4.7,open, ,,,,,,,,Lat 41.2839963,Lng -96.0093303,https://www.google.com/maps/place/?q=place_id:ChIJ6yTUGoqNk4cRSFmMHeejMBQ,https://www.google.com/search?kgmid=/g/1tdnlmdg,https://lh5.googleusercontent.com/p/CIHM0ogKEICAgIDCydSn4AE, ,"https://search.google.com/local/reviews?placeid=ChIJ6yTUGoqNk4cRSFmMHeejMBQ&q=bicycle+shop+near+Papillion,+Nebraska,+USA&authuser=0&hl=en", , , , , 
Opa's Bike Shop,4722 Ames Ave  Omaha  NE 68104  United States,4722 Ames Ave,Omaha,68104,Nebraska,US,America/Chicago,14023014319,,,,Bicycle repair shop, ,Yes,,,open, ,,,,,,,,Lat 41.3000478,Lng -95.98453599999999,https://www.google.com/maps/place/?q=place_id:ChIJaRqRQt-Tk4cRkt_JmZm1UGk,https://www.google.com/search?kgmid=/g/11y3yfr_84,https://lh5.googleusercontent.com/p/PsSEqJ4MEXmXZop7SLdfBg, , , , , , , 
Domestique,662 Rd 173  Chappell  NE 69129  United States,662 Rd 173,Chappell,69129,Nebraska,US,America/Denver,19702147624,,,,Bicycle repair shop,Cleaning service,Yes,1,5,open,"Saturday, 8 AM-6 PM; Sunday, Closed; Monday, 5-8 PM; Tuesday, 5-8 PM; Wednesday, 5-8 PM; Thursday, 5-8 PM; Friday, 5-8 PM; ",8 AM-6 PM,Closed,5-8 PM,5-8 PM,5-8 PM,5-8 PM,5-8 PM,Lat 41.0423024,Lng -102.4129665,https://www.google.com/maps/place/?q=place_id:ChIJedzkas05cYcRCk_SjUrSNUI,https://www.google.com/search?kgmid=/g/11b5ynmj1f,https://lh5.googleusercontent.com/p/AF1QipNpHpkidFkh2jZO6BrXCdVbRSC-0-CCs42vN-j4, ,https://search.google.com/local/reviews?placeid=ChIJedzkas05cYcRCk_SjUrSNUI&q=Domestique&authuser=0&hl=en, , , , , 
Clements Bike Shop,209 W 9th St  Juniata  NE 68955  United States,209 W 9th St,Juniata,68955,Nebraska,US,America/Chicago,14027512325,,,,Bicycle repair shop, ,No,4,5,open, ,,,,,,,,Lat 40.5906746,Lng -98.5082635,https://www.google.com/maps/place/?q=place_id:ChIJsXUzP0IKmYcR3wy2bt3AgDY,https://www.google.com/search?kgmid=/g/1w9y1ltk,https://lh5.googleusercontent.com/p/CIHM0ogKEICAgIC1jvWCaw, ,"https://search.google.com/local/reviews?placeid=ChIJsXUzP0IKmYcR3wy2bt3AgDY&q=bicycle+shop+near+Holdrege,+Nebraska,+USA&authuser=0&hl=en", , , , , 
Rollfast Bike and Skate Shop l,2302 Broadway  Scottsbluff  NE 69361  United States,2302 Broadway,Scottsbluff,69361,Nebraska,US,America/Denver,13086419518,,,,Bicycle repair shop, ,Yes,48,4.8,open,"Saturday, 10 AM-6 PM; Sunday, Closed; Monday, Closed; Tuesday, 11 AM-6 PM; Wednesday, 11 AM-6 PM; Thursday, 11 AM-6 PM; Friday, 11 AM-6 PM; ",10 AM-6 PM,Closed,Closed,11 AM-6 PM,11 AM-6 PM,11 AM-6 PM,11 AM-6 PM,Lat 41.8699563,Lng -103.663113,https://www.google.com/maps/place/?q=place_id:ChIJXYvOdcxRZYcR8wlSQd2GBao,https://www.google.com/search?kgmid=/g/11fl9b6v5s,https://lh5.googleusercontent.com/p/AF1QipMfmCb1LwEPXTw4nz4BXcDMpX9XCXzHMIb9DbTP, ,"https://search.google.com/local/reviews?placeid=ChIJXYvOdcxRZYcR8wlSQd2GBao&q=bicycle+shop+near+Gibbon,+Nebraska,+USA&authuser=0&hl=en", , , , , 
Wilseys,299 N Main St  Fremont  NE 68025  United States,299 N Main St,Fremont,68025,Nebraska,US,America/Chicago,14027193869,,,,Bicycle store, ,No,17,4.5,open,"Friday, 11 AM-6 PM; Saturday, 11 AM-3 PM; Sunday, Closed; Monday, 11 AM-6 PM; Tuesday, 11 AM-6 PM; Wednesday, 11 AM-6 PM; Thursday, 11 AM-6 PM; ",11 AM-3 PM,Closed,11 AM-6 PM,11 AM-6 PM,11 AM-6 PM,11 AM-6 PM,11 AM-6 PM,Lat 41.432066899999995,Lng -96.4964901,https://www.google.com/maps/place/?q=place_id:ChIJAfRHb0xnkYcRi5VEnYsyiaE,https://www.google.com/search?kgmid=/g/11c605txtl,https://lh5.googleusercontent.com/p/CIHM0ogKEICAgICp2vye9wE, ,"https://search.google.com/local/reviews?placeid=ChIJAfRHb0xnkYcRi5VEnYsyiaE&q=bicycle+shop+near+Wayne,+Nebraska,+USA&authuser=0&hl=en", , , , , 
Bad Dog Bikes LLC,520 N Main St  Fremont  NE 68025  United States,520 N Main St,Fremont,68025,Nebraska,US,America/Chicago,13082230314,,,,Bicycle store, ,Yes,31,4.7,open,"Friday, 10 AM-1 PM; Saturday, 10 AM-3 PM; Sunday, Closed; Monday, 11 AM-4 PM; Tuesday, 11 AM-5 PM; Wednesday, Closed; Thursday, Closed; ",10 AM-3 PM,Closed,11 AM-4 PM,11 AM-5 PM,Closed,Closed,10 AM-1 PM,Lat 41.4341429,Lng -96.4958805,https://www.google.com/maps/place/?q=place_id:ChIJE3A9n0tnkYcRSPrjb6BXKck,https://www.google.com/search?kgmid=/g/11cjhk0tsg,https://lh5.googleusercontent.com/p/AF1QipMJILf_DehKi1pb87G_TnhYae1gOwh3g7jZqai3, ,"https://search.google.com/local/reviews?placeid=ChIJE3A9n0tnkYcRSPrjb6BXKck&q=bicycle+shop+near+Wayne,+Nebraska,+USA&authuser=0&hl=en", , , , , 
Electric Bicycle Shop,634 S 72nd St suite 2  Omaha  NE 68114  United States,634 S 72nd St suite 2,Omaha,68114,Nebraska,US,America/Chicago,15319998197,,,,Bicycle store, ,Yes,3,2.3,open,"Saturday, 11 AM-5 PM; Sunday, Closed; Monday, 11 AM-6 PM; Tuesday, 11 AM-6 PM; Wednesday, 11 AM-6 PM; Thursday, 11 AM-6 PM; Friday, 11 AM-6 PM; ",11 AM-5 PM,Closed,11 AM-6 PM,11 AM-6 PM,11 AM-6 PM,11 AM-6 PM,11 AM-6 PM,Lat 41.2551426,Lng -96.0251382,https://www.google.com/maps/place/?q=place_id:ChIJf6fsicWNk4cRX14_6-FXQ-c,https://www.google.com/search?kgmid=/g/11mhwbb_tp,https://lh5.googleusercontent.com/p/AF1QipNhjVwZ-fHmch5Uy0JcjnwJdekq07U8zIsUv68X, ,"https://search.google.com/local/reviews?placeid=ChIJf6fsicWNk4cRX14_6-FXQ-c&q=bicycle+shop+near+Carter+Lake,+Iowa,+USA&authuser=0&hl=en", , , , , 
Rydmore Bike,30680 Rd C  Glenvil  NE 68941  United States,30680 Rd C,Glenvil,68941,Nebraska,US,America/Chicago,14027051690,,,,Bicycle store,Livestock producer,Yes,,,open, ,,,,,,,,Lat 40.4347116,Lng -98.2409393,https://www.google.com/maps/place/?q=place_id:ChIJJ_uEKPOjmYcRYavoXomSP3E,https://www.google.com/search?kgmid=/g/11b5vyk1ty,https://lh5.googleusercontent.com/p/AF1QipMLLRb8eVmxtc54lPZped3p3993xYbCLnV6dwUb, , , , , , , 
Saint Paul Bikes,623 Howard Ave  St Paul  NE 68873  United States,623 Howard Ave,St Paul,68873,Nebraska,US,America/Chicago,,,,,Bicycle store, ,No,1,5,open,"Saturday, 1-4:30 PM; Sunday, Closed; Monday, 1-4:30 PM; Tuesday, Closed; Wednesday, 1-4:30 PM; Thursday, Closed; Friday, 1-4:30 PM; ",1-4:30 PM,Closed,1-4:30 PM,Closed,1-4:30 PM,Closed,1-4:30 PM,Lat 41.213267099999996,Lng -98.4578325,https://www.google.com/maps/place/?q=place_id:ChIJsTFDiZ40mocRw75QO3khN2g,https://www.google.com/search?kgmid=/g/11vwvlt0s5,https://lh5.googleusercontent.com/p/aPRG77gbnct2O-tUDbDkwA, ,"https://search.google.com/local/reviews?placeid=ChIJsTFDiZ40mocRw75QO3khN2g&q=bicycle+shop+near+West+Point,+Nebraska,+USA&authuser=0&hl=en", , , , , 
Pedalers Corner,840 9th Ave  Sidney  NE 69162  United States,840 9th Ave,Sidney,69162,Nebraska,US,America/Denver,13082031977,,,,Bicycle store, ,Yes,7,5,open,"Friday, 9 AM-6 PM; Saturday, 9 AM-2 PM; Sunday, Closed; Monday, Closed; Tuesday, 9 AM-6 PM; Wednesday, 9 AM-6 PM; Thursday, 9 AM-6 PM; ",9 AM-2 PM,Closed,Closed,9 AM-6 PM,9 AM-6 PM,9 AM-6 PM,9 AM-6 PM,Lat 41.145205399999995,Lng -102.9758713,https://www.google.com/maps/place/?q=place_id:ChIJtfCXnRutcYcR9g3pwLwrx8w,https://www.google.com/search?kgmid=/g/11svwd8v21,https://lh5.googleusercontent.com/p/CIHM0ogKEICAgMDQ_MX5zAE, ,"https://search.google.com/local/reviews?placeid=ChIJtfCXnRutcYcR9g3pwLwrx8w&q=bicycle+shop+near+Holdrege,+Nebraska,+USA&authuser=0&hl=en", , , , , 
Ferguson's Bike Shop,2602 Leavenworth St  Omaha  NE 68105  United States,2602 Leavenworth St,Omaha,68105,Nebraska,US,America/Chicago,14023158997,,,,Bicycle store, ,Yes,6,5,open,"Saturday, Closed; Sunday, Closed; Monday, Closed; Tuesday, Closed; Wednesday, 2-5 PM; Thursday, Closed; Friday, Closed; ",Closed,Closed,Closed,Closed,2-5 PM,Closed,Closed,Lat 41.252580599999995,Lng -95.95076519999999,https://www.google.com/maps/place/?q=place_id:ChIJtWq9UleOk4cRrRsVZQdaDp4,https://www.google.com/search?kgmid=/g/11cfcph2s,https://lh5.googleusercontent.com/p/AF1QipMDWzxLJVBqXfkgWoJpaNHTtQ-0Dgl46KkWanvC, ,"https://search.google.com/local/reviews?placeid=ChIJtWq9UleOk4cRrRsVZQdaDp4&q=bicycle+shop+near+Falls,+Nebraska,+USA&authuser=0&hl=en", , , , , 
Recumbent Trike Store,634 S 72nd St  Omaha  NE 68114  United States,634 S 72nd St,Omaha,68114,Nebraska,US,America/Chicago,15319998197,,,,Bicycle store, ,Yes,2,3,open,"Friday, 11 AM-6 PM; Saturday, 11 AM-3 PM; Sunday, Closed; Monday, Closed; Tuesday, 11 AM-6 PM; Wednesday, 11 AM-6 PM; Thursday, 11 AM-6 PM; ",11 AM-3 PM,Closed,Closed,11 AM-6 PM,11 AM-6 PM,11 AM-6 PM,11 AM-6 PM,Lat 41.2551426,Lng -96.0251382,https://www.google.com/maps/place/?q=place_id:ChIJw9IQFV2Nk4cR8NgFKMSNLMM,https://www.google.com/search?kgmid=/g/11nl7vnyc6,https://lh5.googleusercontent.com/p/AF1QipNJdpZE-bzFVt9RFCxQt0LQ_ImTDWxLc1Uf5VIt, ,"https://search.google.com/local/reviews?placeid=ChIJw9IQFV2Nk4cR8NgFKMSNLMM&q=bicycle+shop+near+La+Vista,+Nebraska,+USA&authuser=0&hl=en", , , , , 
Valentine Bike Share,101 US-83  Valentine  NE 69201  United States,101 US-83,Valentine,69201,Nebraska,US,America/Chicago,,,https://visitvalentine.org/places/new-valentine-bike-share/,visitvalentine.org,Bicycle rental service, ,No,1,5,open,"Saturday, Open 24 hours; Sunday, Open 24 hours; Monday, Open 24 hours; Tuesday, Open 24 hours; Wednesday, Open 24 hours; Thursday, Open 24 hours; Friday, Open 24 hours; ",Open 24 hours,Open 24 hours,Open 24 hours,Open 24 hours,Open 24 hours,Open 24 hours,Open 24 hours,Lat 42.871431,Lng -100.550834,https://www.google.com/maps/place/?q=place_id:ChIJ5X9vJQB3gocR6HPdhgNArFE,https://www.google.com/search?kgmid=/g/11w2c9ylsp,https://lh5.googleusercontent.com/p/YXTt8emDvAKyPAnn30lX-Q,"https://t1.gstatic.com/faviconV2?client=SOCIAL&type=FAVICON&fallback_opts=TYPE,SIZE,URL&url=https://visitvalentine.org/places/new-valentine-bike-share/&size=48","https://search.google.com/local/reviews?placeid=ChIJ5X9vJQB3gocR6HPdhgNArFE&q=bicycle+shop+near+Valentine,+Nebraska,+USA&authuser=0&hl=en",18006584024,https://www.facebook.com/VisitValentine/, ,,
SCAN-N-GO Bike and Kayak Rentals,Bullhead Expressway Drive 28  Johnson Lake  NE 68937  United States,Bullhead Expressway Drive 28,Johnson Lake,68937,Nebraska,US,America/Chicago,,,https://rentsng.com/,rentsng.com,Bicycle rental service,Canoe & kayak rental service,Yes,1,1,open,"Saturday, Open 24 hours; Sunday, Open 24 hours; Monday, Open 24 hours; Tuesday, Open 24 hours; Wednesday, Open 24 hours; Thursday, Open 24 hours; Friday, Open 24 hours; ",Open 24 hours,Open 24 hours,Open 24 hours,Open 24 hours,Open 24 hours,Open 24 hours,Open 24 hours,Lat 40.6909305,Lng -99.83088509999999,https://www.google.com/maps/place/?q=place_id:ChIJyWxEH1WJnocRtLsSExQGBUc,https://www.google.com/search?kgmid=/g/11w3j0q50t,https://lh5.googleusercontent.com/p/AF1QipOw3UqTj4kQibphylJDMs0_IDUIcu5n-Aho1v6n,"https://t1.gstatic.com/faviconV2?client=SOCIAL&type=FAVICON&fallback_opts=TYPE,SIZE,URL&url=https://rentsng.com/&size=48","https://search.google.com/local/reviews?placeid=ChIJyWxEH1WJnocRtLsSExQGBUc&q=bicycle+shop+near+Wausa+village,+Nebraska,+USA&authuser=0&hl=en",,https://www.facebook.com/rent.scanngo, ,,
Monkey Wrench Cycles Llc,233 N Antelope Valley Pkwy suite a  Lincoln  NE 68503  United States,233 N Antelope Valley Pkwy suite a,Lincoln,68503,Nebraska,US,America/Chicago,14024774104,,http://www.monkeywrenchcycles.com/,monkeywrenchcycles.com,Bicycle repair shop, ,Yes,183,4.8,open,"Saturday, 11 AM-5 PM; Sunday, Closed; Monday, 9 AM-6 PM; Tuesday, 9 AM-6 PM; Wednesday, 9 AM-6 PM; Thursday, 9 AM-6 PM; Friday, 9 AM-6 PM; ",11 AM-5 PM,Closed,9 AM-6 PM,9 AM-6 PM,9 AM-6 PM,9 AM-6 PM,9 AM-6 PM,Lat 40.8154527,Lng -96.694378,https://www.google.com/maps/place/?q=place_id:ChIJcat-3u--locRvZE-fPFnyos,https://www.google.com/search?kgmid=/g/1td05kk5,https://lh5.googleusercontent.com/p/CIHM0ogKEICAgIDEq_PJ9QE,"https://t1.gstatic.com/faviconV2?client=SOCIAL&type=FAVICON&fallback_opts=TYPE,SIZE,URL&url=http://www.monkeywrenchcycles.com/&size=48","https://search.google.com/local/reviews?placeid=ChIJcat-3u--locRvZE-fPFnyos&q=bicycle+shop+near+Central,+Nebraska,+USA&authuser=0&hl=en",402-477-4104, , ,https://instagram.com/monkeywrenchcycles_ne,
Norfork Bike,321 W Norfolk Ave suite 300  Norfolk  NE 68701  United States,321 W Norfolk Ave suite 300,Norfolk,68701,Nebraska,US,America/Chicago,14023713325,,http://norforkbike.com/,norforkbike.com,Bicycle repair shop, ,Yes,17,4.8,open,"Saturday, Closed; Sunday, Closed; Monday, 11 AM-5 PM; Tuesday, 12-6 PM; Wednesday, 12-6 PM; Thursday, 11 AM-5 PM; Friday, 12-6 PM; ",Closed,Closed,11 AM-5 PM,12-6 PM,12-6 PM,11 AM-5 PM,12-6 PM,Lat 42.0323083,Lng -97.41118379999999,https://www.google.com/maps/place/?q=place_id:ChIJnSnvZHE_kIcRZomTwenkZQ8,https://www.google.com/search?kgmid=/g/11rvw66q9_,https://lh5.googleusercontent.com/p/CIHM0ogKEICAgIDhlq_3Sw,"https://t1.gstatic.com/faviconV2?client=SOCIAL&type=FAVICON&fallback_opts=TYPE,SIZE,URL&url=http://norforkbike.com/&size=48","https://search.google.com/local/reviews?placeid=ChIJnSnvZHE_kIcRZomTwenkZQ8&q=bicycle+shop+near+Central,+Nebraska,+USA&authuser=0&hl=en",4023713325,https://www.facebook.com/profile.php?id=100076209465039, ,,
REI Gretna Bike Shop,21201 Nebraska Crossing Dr  Gretna  NE 68028  United States,21201 Nebraska Crossing Dr,Gretna,68028,Nebraska,US,America/Chicago,15314844750,,https://www.rei.com/stores/gretna/bike-shop,rei.com,Bicycle repair shop, ,Yes,3,5,open,"Saturday, 10 AM-8 PM; Sunday, 11 AM-6 PM; Monday, 11 AM-5 PM; Tuesday, 11 AM-5 PM; Wednesday, 11 AM-5 PM; Thursday, 11 AM-5 PM; Friday, 11 AM-5 PM; ",10 AM-8 PM,11 AM-6 PM,11 AM-5 PM,11 AM-5 PM,11 AM-5 PM,11 AM-5 PM,11 AM-5 PM,Lat 41.0991175,Lng -96.2478002,https://www.google.com/maps/place/?q=place_id:ChIJo8KlnEIHlIcRib9LNgMQ-4M,https://www.google.com/search?kgmid=/g/11twkl0yjs,https://lh5.googleusercontent.com/p/AF1QipPSzS6bUPWfYlmnbs6GhmHt27bzBxlZEbnNuxO7,"https://t1.gstatic.com/faviconV2?client=SOCIAL&type=FAVICON&fallback_opts=TYPE,SIZE,URL&url=https://www.rei.com/stores/gretna/bike-shop&size=48","https://search.google.com/local/reviews?placeid=ChIJo8KlnEIHlIcRib9LNgMQ-4M&q=bicycle+shop+near+Central,+Nebraska,+USA&authuser=0&hl=en",+15314844750 | (531) 484-4750,https://www.facebook.com/REI/, ,https://www.instagram.com/rei/,https://www.youtube.com/user/reifindout/
Marino Bicycle Clinic,11413 S 169th St  Gretna  NE 68028  United States,11413 S 169th St,Gretna,68028,Nebraska,US,America/Chicago,14026775957,,http://www.marinobicycleclinic.com/,marinobicycleclinic.com,Bicycle repair shop, ,Yes,104,5,open,"Saturday, 5-8 PM; Sunday, Closed; Monday, 12-9 PM; Tuesday, 5-9 PM; Wednesday, 5-9 PM; Thursday, 5-9 PM; Friday, 5-9 PM; ",5-8 PM,Closed,12-9 PM,5-9 PM,5-9 PM,5-9 PM,5-9 PM,Lat 41.141377999999996,Lng -96.1788107,https://www.google.com/maps/place/?q=place_id:ChIJP0u9pFPxk4cR52FESaziWdw,https://www.google.com/search?kgmid=/g/11c43mbkb3,https://lh5.googleusercontent.com/p/AF1QipPXWiUOhtdRJ6lpzB9Vz8lC89ITxm3c6k7RZiF9,"https://t1.gstatic.com/faviconV2?client=SOCIAL&type=FAVICON&fallback_opts=TYPE,SIZE,URL&url=http://www.marinobicycleclinic.com/&size=48","https://search.google.com/local/reviews?placeid=ChIJP0u9pFPxk4cR52FESaziWdw&q=bicycle+shop+near+Central,+Nebraska,+USA&authuser=0&hl=en",//4026775957, , ,,
Sammy Mac's Custom Bicycles,2728 Titus Ave  Omaha  NE 68112  United States,2728 Titus Ave,Omaha,68112,Nebraska,US,America/Chicago,15317776096,,https://sammymacs-custom-bicycles.ueniweb.com/?utm_campaign=gmb,ueniweb.com,Bicycle repair shop, ,Yes,1,4,open,"Saturday, 10 AM-5 PM; Sunday, Closed; Monday, 9 AM-6 PM; Tuesday, 9 AM-6 PM; Wednesday, 9 AM-6 PM; Thursday, 9 AM-6 PM; Friday, 9 AM-6 PM; ",10 AM-5 PM,Closed,9 AM-6 PM,9 AM-6 PM,9 AM-6 PM,9 AM-6 PM,9 AM-6 PM,Lat 41.320875099999995,Lng -95.9532108,https://www.google.com/maps/place/?q=place_id:ChIJVe3-8oiRk4cRUrEUk08oDt0,https://www.google.com/search?kgmid=/g/11jd9zkl6n,https://lh5.googleusercontent.com/p/AF1QipMt_k48dvj9YUsoOhPyPFu0qaP7e8MZB9AallmI,"https://t1.gstatic.com/faviconV2?client=SOCIAL&type=FAVICON&fallback_opts=TYPE,SIZE,URL&url=https://sammymacs-custom-bicycles.ueniweb.com/?utm_campaign=gmb&size=48","https://search.google.com/local/reviews?placeid=ChIJVe3-8oiRk4cRUrEUk08oDt0&q=bicycle+shop+near+Carter+Lake,+Iowa,+USA&authuser=0&hl=en",+1 531-777-6096, , ,,
Bike & Trike Outlet of Omaha,634 S 72nd St  Omaha  NE 68114  United States,634 S 72nd St,Omaha,68114,Nebraska,US,America/Chicago,15319998197,,http://biketrikeomaha.com/,biketrikeomaha.com,Bicycle store,Bicycle repair shop,Yes,72,4.4,open,"Saturday, Closed; Sunday, Closed; Monday, Closed; Tuesday, 11 AM-6 PM; Wednesday, 11 AM-6 PM; Thursday, 11 AM-6 PM; Friday, 11 AM-6 PM; ",Closed,Closed,Closed,11 AM-6 PM,11 AM-6 PM,11 AM-6 PM,11 AM-6 PM,Lat 41.2551426,Lng -96.0251382,https://www.google.com/maps/place/?q=place_id:ChIJ26zCZ-2Nk4cR0Y7yVbpoQ2U,https://www.google.com/search?kgmid=/g/11j86tc17t,https://lh5.googleusercontent.com/p/AF1QipNK96DjvzYfyHnHE896bOff7I1HhIeTjvwaT8FV,"https://t1.gstatic.com/faviconV2?client=SOCIAL&type=FAVICON&fallback_opts=TYPE,SIZE,URL&url=http://biketrikeomaha.com/&size=48","https://search.google.com/local/reviews?placeid=ChIJ26zCZ-2Nk4cR0Y7yVbpoQ2U&q=bicycle+shop+near+Central,+Nebraska,+USA&authuser=0&hl=en",, , ,,
n+ Mercedes-EQ Formula E Team eBikes,14335 Hillsdale Ave  Omaha  NE 68137  United States,14335 Hillsdale Ave,Omaha,68137,Nebraska,US,America/Chicago,13235151033,,http://omaha.local.nplusbikes.com/?utm_source=googlebusinessprofile&utm_medium=organic&utm_campaign=locafy,omaha.local.nplusbikes.com,Bicycle store,Mercedes-Benz dealer,Yes,,,open, ,,,,,,,,Lat 41.2141184,Lng -96.1379365,https://www.google.com/maps/place/?q=place_id:ChIJ6cc-a0Pzk4cR5gVpw87DQHI,https://www.google.com/search?kgmid=/g/11rs0b2pjm,https://lh5.googleusercontent.com/p/eFaemIsdeg9r4LK-thfS2g,"https://t1.gstatic.com/faviconV2?client=SOCIAL&type=FAVICON&fallback_opts=TYPE,SIZE,URL&url=http://omaha.local.nplusbikes.com/?utm_source=googlebusinessprofile&utm_medium=organic&utm_campaign=locafy&size=48", ,, , , , 
Salty Dog Cyclery,1640 O St  Lincoln  NE 68508  United States,1640 O St,Lincoln,68508,Nebraska,US,America/Chicago,14024642453,,http://www.saltydogcyclery.com/,saltydogcyclery.com,Bicycle store, ,Yes,92,4.7,open,"Saturday, 11 AM-4 PM; Sunday, Closed; Monday, Closed; Tuesday, 10 AM-7 PM; Wednesday, 10 AM-7 PM; Thursday, 10 AM-7 PM; Friday, 10 AM-7 PM; ",11 AM-4 PM,Closed,Closed,10 AM-7 PM,10 AM-7 PM,10 AM-7 PM,10 AM-7 PM,Lat 40.8137999,Lng -96.69710649999999,https://www.google.com/maps/place/?q=place_id:ChIJ9wbivvq-locRmRqyQ5mYkbQ,https://www.google.com/search?kgmid=/g/11b6d_r4xm,https://lh5.googleusercontent.com/p/AF1QipMf0Ndde3Iz_BtD9DBUUAv9wdifvpVTruNnigTN,"https://t1.gstatic.com/faviconV2?client=SOCIAL&type=FAVICON&fallback_opts=TYPE,SIZE,URL&url=http://www.saltydogcyclery.com/&size=48","https://search.google.com/local/reviews?placeid=ChIJ9wbivvq-locRmRqyQ5mYkbQ&q=bicycle+shop+near+Central,+Nebraska,+USA&authuser=0&hl=en",, , ,,
Re-CYCLE Bike Shop,4701 Center St  Omaha  NE 68106  United States,4701 Center St,Omaha,68106,Nebraska,US,America/Chicago,14023447253,,http://recyclebikeshop.net/,recyclebikeshop.net,Bicycle store,Bicycle repair shop,Yes,138,4.4,open,"Saturday, Closed; Sunday, Closed; Monday, 10 AM-7 PM; Tuesday, 10 AM-5 PM; Wednesday, Closed; Thursday, Closed; Friday, 10 AM-3 PM; ",Closed,Closed,10 AM-7 PM,10 AM-5 PM,Closed,Closed,10 AM-3 PM,Lat 41.241322,Lng -95.9844799,https://www.google.com/maps/place/?q=place_id:ChIJF7zoVgSPk4cR9zIuslnBtwM,https://www.google.com/search?kgmid=/g/1tfnthwh,https://lh5.googleusercontent.com/p/AF1QipNP7IGZwRQR2ubg9qBzrx94UOKKI9rLV7e7rHP-,"https://t1.gstatic.com/faviconV2?client=SOCIAL&type=FAVICON&fallback_opts=TYPE,SIZE,URL&url=http://recyclebikeshop.net/&size=48","https://search.google.com/local/reviews?placeid=ChIJF7zoVgSPk4cR9zIuslnBtwM&q=bicycle+shop+near+Central,+Nebraska,+USA&authuser=0&hl=en",, , ,,
Trek Bicycle Lincoln,3321 Pioneers Blvd  Lincoln  NE 68506  United States,3321 Pioneers Blvd,Lincoln,68506,Nebraska,US,America/Chicago,14022525899,,https://www.trekbikes.com/us/en_US/retail/lincoln/?y_source=1_NDgxMTUzNDUtNzE1LWxvY2F0aW9uLndlYnNpdGU%3D,trekbikes.com,Bicycle store,Bicycle repair shop,Yes,579,4.9,open,"Saturday, 10 AM-5 PM; Sunday, 12-5 PM; Monday, Closed; Tuesday, 11 AM-6 PM; Wednesday, 11 AM-6 PM; Thursday, 11 AM-6 PM; Friday, 11 AM-6 PM; ",10 AM-5 PM,12-5 PM,Closed,11 AM-6 PM,11 AM-6 PM,11 AM-6 PM,11 AM-6 PM,Lat 40.7695424,Lng -96.67189429999999,https://www.google.com/maps/place/?q=place_id:ChIJfb82CgO-locRszLcjFXWch0,https://www.google.com/search?kgmid=/g/1td05kk3,https://lh5.googleusercontent.com/p/CIHM0ogKEICAgICE8In5Vg,"https://t1.gstatic.com/faviconV2?client=SOCIAL&type=FAVICON&fallback_opts=TYPE,SIZE,URL&url=https://www.trekbikes.com/us/en_US/retail/lincoln/?y_source=1_NDgxMTUzNDUtNzE1LWxvY2F0aW9uLndlYnNpdGU%3D&size=48","https://search.google.com/local/reviews?placeid=ChIJfb82CgO-locRszLcjFXWch0&q=bicycle+shop+near+Central,+Nebraska,+USA&authuser=0&hl=en",,https://www.facebook.com/TrekBicycle,https://twitter.com/trekbikes,https://instagram.com/trekbikes/,https://www.youtube.com/user/trekbikesusa
Goodlife Cyclery,5900 S 85th St  Lincoln  NE 68526  United States,5900 S 85th St,Lincoln,68526,Nebraska,US,America/Chicago,14028752364,,https://www.goodlifecyclery.com/,goodlifecyclery.com,Bicycle store, ,Yes,14,4.7,open,"Saturday, 9 AM-7 PM; Sunday, 10 AM-7 PM; Monday, 10 AM-7 PM; Tuesday, 10 AM-7 PM; Wednesday, 10 AM-7 PM; Thursday, 10 AM-7 PM; Friday, 9 AM-7 PM; ",9 AM-7 PM,10 AM-7 PM,10 AM-7 PM,10 AM-7 PM,10 AM-7 PM,10 AM-7 PM,9 AM-7 PM,Lat 40.7520306,Lng -96.6039962,https://www.google.com/maps/place/?q=place_id:ChIJi8wOpq-XlocRUYU2GaY6kJc,https://www.google.com/search?kgmid=/g/11w8km36cp,https://lh5.googleusercontent.com/p/AF1QipPqgBdF3n5y5Hu7UukzID_Tz6qh1y5u5pomTUCd,"https://t1.gstatic.com/faviconV2?client=SOCIAL&type=FAVICON&fallback_opts=TYPE,SIZE,URL&url=https://www.goodlifecyclery.com/&size=48","https://search.google.com/local/reviews?placeid=ChIJi8wOpq-XlocRUYU2GaY6kJc&q=bicycle+shop+near+Central,+Nebraska,+USA&authuser=0&hl=en",402-875-2364,https://www.facebook.com/GoodLifeCyclery, ,https://www.instagram.com/goodlife_cyclery/,
Bike Shed,1800 2nd Ave  Kearney  NE 68847  United States,1800 2nd Ave,Kearney,68847,Nebraska,US,America/Chicago,13082342453,,https://www.headtotheshed.com/,headtotheshed.com,Bicycle store, ,No,78,4.8,open,"Friday, 9 AM-6 PM; Saturday, 9 AM-6 PM; Sunday, Closed; Monday, 9 AM-6 PM; Tuesday, 9 AM-6 PM; Wednesday, 9 AM-6 PM; Thursday, 9 AM-6 PM; ",9 AM-6 PM,Closed,9 AM-6 PM,9 AM-6 PM,9 AM-6 PM,9 AM-6 PM,9 AM-6 PM,Lat 40.6927302,Lng -99.0848862,https://www.google.com/maps/place/?q=place_id:ChIJiaorHrpOmYcRqeR03h_6fgg,https://www.google.com/search?kgmid=/g/1tfd2xhk,https://lh5.googleusercontent.com/p/CIHM0ogKEICAgIDsoKTydA,"https://t1.gstatic.com/faviconV2?client=SOCIAL&type=FAVICON&fallback_opts=TYPE,SIZE,URL&url=https://www.headtotheshed.com/&size=48",https://search.google.com/local/reviews?placeid=ChIJiaorHrpOmYcRqeR03h_6fgg&q=Bike+Shed&authuser=0&hl=en,13082342453, , ,,
Sonny's Bike Shop Inc,1717 E Overland  Scottsbluff  NE 69361  United States,1717 E Overland,Scottsbluff,69361,Nebraska,US,America/Denver,13086323938,,http://www.sonnysbikeshop.com/,sonnysbikeshop.com,Bicycle store,Used bicycle shop,Yes,46,4.5,open,"Saturday, Closed; Sunday, Closed; Monday, 9 AM-5 PM; Tuesday, 9 AM-5 PM; Wednesday, 9 AM-5 PM; Thursday, 9 AM-5 PM; Friday, 9 AM-5 PM; ",Closed,Closed,9 AM-5 PM,9 AM-5 PM,9 AM-5 PM,9 AM-5 PM,9 AM-5 PM,Lat 41.85985,Lng -103.640469,https://www.google.com/maps/place/?q=place_id:ChIJm6RGWIZRZYcRemyY1jzDAF8,https://www.google.com/search?kgmid=/g/1thmlgt1,https://lh5.googleusercontent.com/p/CIHM0ogKEICAgICu7fbLFw,"https://t1.gstatic.com/faviconV2?client=SOCIAL&type=FAVICON&fallback_opts=TYPE,SIZE,URL&url=http://www.sonnysbikeshop.com/&size=48","https://search.google.com/local/reviews?placeid=ChIJm6RGWIZRZYcRemyY1jzDAF8&q=bicycle+shop+near+Central,+Nebraska,+USA&authuser=0&hl=en",3086323938,https://www.facebook.com/134077849977989, ,https://www.instagram.com/sonnysbikeshop,
The Bike Way Omaha,15115 Industrial Rd  Omaha  NE 68144  United States,15115 Industrial Rd,Omaha,68144,Nebraska,US,America/Chicago,14023922390,,http://www.thebikeway.com/,thebikeway.com,Bicycle store, ,Yes,120,4.3,open,"Saturday, 10 AM-5 PM; Sunday, Closed; Monday, 10 AM-7 PM; Tuesday, 10 AM-7 PM; Wednesday, 10 AM-7 PM; Thursday, 10 AM-7 PM; Friday, 10 AM-7 PM; ",10 AM-5 PM,Closed,10 AM-7 PM,10 AM-7 PM,10 AM-7 PM,10 AM-7 PM,10 AM-7 PM,Lat 41.2311505,Lng -96.150024,https://www.google.com/maps/place/?q=place_id:ChIJOb7xh9bzk4cRoYMteRpoPho,https://www.google.com/search?kgmid=/g/1tj92118,https://lh5.googleusercontent.com/p/CIHM0ogKEICAgID46c_qBw,"https://t1.gstatic.com/faviconV2?client=SOCIAL&type=FAVICON&fallback_opts=TYPE,SIZE,URL&url=http://www.thebikeway.com/&size=48","https://search.google.com/local/reviews?placeid=ChIJOb7xh9bzk4cRoYMteRpoPho&q=bicycle+shop+near+Central,+Nebraska,+USA&authuser=0&hl=en",1-402-392-2390,https://www.facebook.com/thebikeway/, ,https://www.instagram.com/thebikeway/,
CycleZoo E-Bikes,15017 Industrial Rd  Omaha  NE 68144  United States,15017 Industrial Rd,Omaha,68144,Nebraska,US,America/Chicago,14022351624,,http://www.cyclezoo.com/,cyclezoo.com,Bicycle store, ,Yes,28,4.7,open,"Saturday, 9 AM-3 PM; Sunday, Closed; Monday, Closed; Tuesday, 9:30 AM-6 PM; Wednesday, 9:30 AM-6 PM; Thursday, 9:30 AM-6 PM; Friday, 9:30 AM-6 PM; ",9 AM-3 PM,Closed,Closed,9:30 AM-6 PM,9:30 AM-6 PM,9:30 AM-6 PM,9:30 AM-6 PM,Lat 41.230567699999995,Lng -96.14903269999999,https://www.google.com/maps/place/?q=place_id:ChIJqzQei4Tzk4cR4AOogNl9dhU,https://www.google.com/search?kgmid=/g/11ll590r8l,https://lh5.googleusercontent.com/p/AF1QipOiEocGM8zSnGBsbjbVkGHG7uCkyzO7YSYoxcuc,"https://t1.gstatic.com/faviconV2?client=SOCIAL&type=FAVICON&fallback_opts=TYPE,SIZE,URL&url=http://www.cyclezoo.com/&size=48","https://search.google.com/local/reviews?placeid=ChIJqzQei4Tzk4cR4AOogNl9dhU&q=bicycle+shop+near+Central,+Nebraska,+USA&authuser=0&hl=en",, , ,,
Heybike,303 2nd St  St Paul  NE 68873  United States,303 2nd St,St Paul,68873,Nebraska,US,America/Chicago,13087544448,,https://www.heybike.com/,heybike.com,Bicycle store, ,Yes,1,5,open,"Saturday, 8 AM-4 PM; Sunday, Closed; Monday, 8 AM-6 PM; Tuesday, 8 AM-6 PM; Wednesday, 8 AM-6 PM; Thursday, 8 AM-6 PM; Friday, 8 AM-6 PM; ",8 AM-4 PM,Closed,8 AM-6 PM,8 AM-6 PM,8 AM-6 PM,8 AM-6 PM,8 AM-6 PM,Lat 41.208978599999995,Lng -98.45179859999999,https://www.google.com/maps/place/?q=place_id:ChIJRc-edT4zmocRv4Hulncyz00,https://www.google.com/search?kgmid=/g/11t3txnr9h,https://lh5.googleusercontent.com/p/AF1QipP57h3CdUP5FzzCSjarUH1e2lLtAKnpowLKmss2,"https://t1.gstatic.com/faviconV2?client=SOCIAL&type=FAVICON&fallback_opts=TYPE,SIZE,URL&url=https://www.heybike.com/&size=48","https://search.google.com/local/reviews?placeid=ChIJRc-edT4zmocRv4Hulncyz00&q=bicycle+shop+near+Central,+Nebraska,+USA&authuser=0&hl=en",,https://www.facebook.com/HeyBikeOfficial,https://twitter.com/heybikeofficial,https://www.instagram.com/heybike_official/,https://www.youtube.com/channel/UCxQjPx1r4MNOf2lUTqwVFxg
Ponderosa Cyclery,3901 Leavenworth St  Omaha  NE 68105  United States,3901 Leavenworth St,Omaha,68105,Nebraska,US,America/Chicago,14026141392,,http://www.ponderosacyclery.com/,ponderosacyclery.com,Bicycle store,Bicycle repair shop,Yes,104,4.8,open,"Saturday, 12-4 PM; Sunday, Closed; Monday, Closed; Tuesday, 1-6 PM; Wednesday, 1-6 PM; Thursday, 1-6 PM; Friday, 1-6 PM; ",12-4 PM,Closed,Closed,1-6 PM,1-6 PM,1-6 PM,1-6 PM,Lat 41.2522294,Lng -95.9721028,https://www.google.com/maps/place/?q=place_id:ChIJrYcKFXCOk4cRibjrGhFSHMI,https://www.google.com/search?kgmid=/g/11cny304ps,https://lh5.googleusercontent.com/p/AF1QipN0NYTFuVrbhiAIs5uoyPQCxDzcJFrGjwwEVMGT,"https://t1.gstatic.com/faviconV2?client=SOCIAL&type=FAVICON&fallback_opts=TYPE,SIZE,URL&url=http://www.ponderosacyclery.com/&size=48","https://search.google.com/local/reviews?placeid=ChIJrYcKFXCOk4cRibjrGhFSHMI&q=bicycle+shop+near+Central,+Nebraska,+USA&authuser=0&hl=en",,https://m.facebook.com/Ponderosa-Cyclery-Tour-971993629549995/?ref=bookmarks, ,http://instagram.com/ponderosacyclery,
Trek Bicycle Omaha Midtown,7214 Jones St  Omaha  NE 68114  United States,7214 Jones St,Omaha,68114,Nebraska,US,America/Chicago,14028841820,,https://www.trekbikes.com/us/en_US/retail/omaha_midtown/?y_source=1_MTM3ODM1NDItNzE1LWxvY2F0aW9uLndlYnNpdGU%3D,trekbikes.com,Bicycle store,Bicycle repair shop,Yes,436,4.8,open,"Saturday, 10 AM-5 PM; Sunday, 12-5 PM; Monday, 11 AM-7 PM; Tuesday, 11 AM-7 PM; Wednesday, 11 AM-7 PM; Thursday, 11 AM-7 PM; Friday, 11 AM-7 PM; ",10 AM-5 PM,12-5 PM,11 AM-7 PM,11 AM-7 PM,11 AM-7 PM,11 AM-7 PM,11 AM-7 PM,Lat 41.2548199,Lng -96.0247057,https://www.google.com/maps/place/?q=place_id:ChIJu_v_5KeNk4cRmm85cNwcodI,https://www.google.com/search?kgmid=/g/1tdk129j,https://lh5.googleusercontent.com/p/AF1QipPRyEM7ha8U1jORqzYw6CcTotPASJkM8wl3j5qu,"https://t1.gstatic.com/faviconV2?client=SOCIAL&type=FAVICON&fallback_opts=TYPE,SIZE,URL&url=https://www.trekbikes.com/us/en_US/retail/omaha_midtown/?y_source=1_MTM3ODM1NDItNzE1LWxvY2F0aW9uLndlYnNpdGU%3D&size=48","https://search.google.com/local/reviews?placeid=ChIJu_v_5KeNk4cRmm85cNwcodI&q=bicycle+shop+near+Central,+Nebraska,+USA&authuser=0&hl=en",,https://www.facebook.com/TrekBicycleOmahaMidtown,https://twitter.com/trekbikes,https://instagram.com/trekbikes/,https://www.youtube.com/user/trekbikesusa
Trek Bicycle Omaha West,14510 Eagle Run Dr  Omaha  NE 68116  United States,14510 Eagle Run Dr,Omaha,68116,Nebraska,US,America/Chicago,14023331031,,https://www.trekbikes.com/us/en_US/retail/omaha_west/?y_source=1_NDgxMDc1NDYtNzE1LWxvY2F0aW9uLndlYnNpdGU%3D,trekbikes.com,Bicycle store,Bicycle repair shop,Yes,911,4.8,open,"Saturday, 10 AM-6 PM; Sunday, 12-5 PM; Monday, 11 AM-7 PM; Tuesday, 11 AM-7 PM; Wednesday, 11 AM-7 PM; Thursday, 11 AM-7 PM; Friday, 11 AM-7 PM; ",10 AM-6 PM,12-5 PM,11 AM-7 PM,11 AM-7 PM,11 AM-7 PM,11 AM-7 PM,11 AM-7 PM,Lat 41.288002999999996,Lng -96.14087889999999,https://www.google.com/maps/place/?q=place_id:ChIJw2tLJvDtk4cR-JrfiQMl30w,https://www.google.com/search?kgmid=/g/1td72hgy,https://lh5.googleusercontent.com/p/CIHM0ogKEICAgIDmppfgCA,"https://t1.gstatic.com/faviconV2?client=SOCIAL&type=FAVICON&fallback_opts=TYPE,SIZE,URL&url=https://www.trekbikes.com/us/en_US/retail/omaha_west/?y_source=1_NDgxMDc1NDYtNzE1LWxvY2F0aW9uLndlYnNpdGU%3D&size=48","https://search.google.com/local/reviews?placeid=ChIJw2tLJvDtk4cR-JrfiQMl30w&q=bicycle+shop+near+Central,+Nebraska,+USA&authuser=0&hl=en",,https://www.facebook.com/TrekBicycle,https://twitter.com/trekbikes,https://instagram.com/trekbikes/,https://www.youtube.com/user/trekbikesusa
Neverland Bike Shop,1541 N Cotner Blvd  Lincoln  NE 68505  United States,1541 N Cotner Blvd,Lincoln,68505,Nebraska,US,America/Chicago,14024645110,,http://neverlandbikeshop.com/,neverlandbikeshop.com,Bicycle store,Bicycle repair shop,Yes,55,4.3,open,"Saturday, 10 AM-6 PM; Sunday, Closed; Monday, Closed; Tuesday, 10 AM-6 PM; Wednesday, 10 AM-6 PM; Thursday, 10 AM-6 PM; Friday, 10 AM-6 PM; ",10 AM-6 PM,Closed,Closed,10 AM-6 PM,10 AM-6 PM,10 AM-6 PM,10 AM-6 PM,Lat 40.828621299999995,Lng -96.63070979999999,https://www.google.com/maps/place/?q=place_id:ChIJw9CDWV28locRcCSUkxPSodU,https://www.google.com/search?kgmid=/g/1t_wpvxj,https://lh5.googleusercontent.com/p/CIHM0ogKEICAgIC4p6DD_wE,"https://t1.gstatic.com/faviconV2?client=SOCIAL&type=FAVICON&fallback_opts=TYPE,SIZE,URL&url=http://neverlandbikeshop.com/&size=48","https://search.google.com/local/reviews?placeid=ChIJw9CDWV28locRcCSUkxPSodU&q=bicycle+shop+near+Central,+Nebraska,+USA&authuser=0&hl=en",, , , , 
Big Blue Bike Company,719 Market St  Beatrice  NE 68310  United States,719 Market St,Beatrice,68310,Nebraska,US,America/Chicago,14022303035,,http://bigbluebikene.com/,bigbluebikene.com,Bicycle store, ,Yes,128,5,open,"Saturday, 9:30 AM-1:30 PM; Sunday, Closed; Monday, Closed; Tuesday, 9:30 AM-5 PM; Wednesday, 9:30 AM-5:30 PM; Thursday, 9:30 AM-5:30 PM; Friday, 9:30 AM-5:30 PM; ",9:30 AM-1:30 PM,Closed,Closed,9:30 AM-5 PM,9:30 AM-5:30 PM,9:30 AM-5:30 PM,9:30 AM-5:30 PM,Lat 40.264411599999995,Lng -96.7445146,https://www.google.com/maps/place/?q=place_id:ChIJX6bzVjRplocRGO2Iqo7B8fk,https://www.google.com/search?kgmid=/g/11l5lv7233,https://lh5.googleusercontent.com/p/AF1QipOvG36rEn4PtnaZqRL6Zw_XtIN3Pe_H22vJXKgB,"https://t1.gstatic.com/faviconV2?client=SOCIAL&type=FAVICON&fallback_opts=TYPE,SIZE,URL&url=http://bigbluebikene.com/&size=48","https://search.google.com/local/reviews?placeid=ChIJX6bzVjRplocRGO2Iqo7B8fk&q=bicycle+shop+near+Central,+Nebraska,+USA&authuser=0&hl=en",1-402-230-3035,https://www.facebook.com/Bigbluebikecompany/, ,https://www.instagram.com/big_blue_bike_company_,
Endless Trail Bike Shop,1335 Park Ave  Omaha  NE 68105  United States,1335 Park Ave,Omaha,68105,Nebraska,US,America/Chicago,14024016462,,http://www.endlesstrailbikeshop.com/,endlesstrailbikeshop.com,Bicycle repair shop,,Yes,44,4.4,open,"Saturday, 10 AM-4 PM; Sunday, Closed; Monday, Closed; Tuesday, 10 AM-5:30 PM; Wednesday, 10 AM-5:30 PM; Thursday, 10 AM-5:30 PM; Friday, 10 AM-5:30 PM; ",10 AM-4 PM,Closed,Closed,10 AM-5:30 PM,10 AM-5:30 PM,10 AM-5:30 PM,10 AM-5:30 PM,Lat 41.2457426,Lng -95.9556774,https://www.google.com/maps/place/?q=place_id:ChIJPSlT4fiPk4cR84o-M9JUDXU,https://www.google.com/search?kgmid=/g/11fn9f74f4,https://lh5.googleusercontent.com/p/CIHM0ogKEICAgIDC7-_UkgE,"https://t1.gstatic.com/faviconV2?client=SOCIAL&type=FAVICON&fallback_opts=TYPE,SIZE,URL&url=http://www.endlesstrailbikeshop.com/&size=48","https://search.google.com/local/reviews?placeid=ChIJPSlT4fiPk4cR84o-M9JUDXU&q=bicycle+shop+near+Central,+Nebraska,+USA&authuser=0&hl=en",, , ,,
REI,21201 Nebraska Crossing Dr  Gretna  NE 68028  United States,21201 Nebraska Crossing Dr,Gretna,68028,Nebraska,US,America/Chicago,15314844750,,https://www.rei.com/stores/gretna?y_source=1_NTYwNTI1OTUtNzE1LWxvY2F0aW9uLndlYnNpdGU=,rei.com,Bicycle repair shop,,Yes,105,4.7,open,"Saturday, 10 AM-9 PM; Sunday, 11 AM-6 PM; Monday, 10 AM-8 PM; Tuesday, 10 AM-8 PM; Wednesday, 10 AM-8 PM; Thursday, 10 AM-8 PM; Friday, 10 AM-8 PM; ",10 AM-9 PM,11 AM-6 PM,10 AM-8 PM,10 AM-8 PM,10 AM-8 PM,10 AM-8 PM,10 AM-8 PM,Lat 41.0992076,Lng -96.24771539999999,https://www.google.com/maps/place/?q=place_id:ChIJmwwgcocHlIcRFa1AiK-R-5U,https://www.google.com/search?kgmid=/g/11td9rrcsp,https://lh5.googleusercontent.com/p/CIHM0ogKEICAgICHtPKVkAE,"https://t1.gstatic.com/faviconV2?client=SOCIAL&type=FAVICON&fallback_opts=TYPE,SIZE,URL&url=https://www.rei.com/stores/gretna?y_source=1_NTYwNTI1OTUtNzE1LWxvY2F0aW9uLndlYnNpdGU=&size=48","https://search.google.com/local/reviews?placeid=ChIJmwwgcocHlIcRFa1AiK-R-5U&q=bicycle+shop+near+Ashland,+Nebraska,+USA&authuser=0&hl=en",15314844750,https://www.facebook.com/REI/, ,https://www.instagram.com/rei/,https://www.youtube.com/user/reifindout/
Volcanic Bikes,11540 W Dodge Rd  Omaha  NE 68154  United States,11540 W Dodge Rd,Omaha,68154,Nebraska,US,America/Chicago,15094278623,,https://volcanicbikes.com/?utm_source=google&utm_medium=organic&utm_campaign=gbp-listing&utm_content=omaha-NE,volcanicbikes.com,Bicycle Shop,,Yes,45,4.9,open,"Friday, 8 AM-5 PM; Saturday, Closed; Sunday, Closed; Monday, 8 AM-5 PM; Tuesday, 8 AM-5 PM; Wednesday, 8 AM-5 PM; Thursday, 8 AM-5 PM; ",Closed,Closed,8 AM-5 PM,8 AM-5 PM,8 AM-5 PM,8 AM-5 PM,8 AM-5 PM,Lat 41.2640435,Lng -96.0938209,https://www.google.com/maps/place/?q=place_id:ChIJ12x9yO7zk4cRwRPLaGtixSo,https://www.google.com/search?kgmid=/g/11tj5_c6gp,https://lh5.googleusercontent.com/p/AF1QipNvjq3D56icVX6e5YuxGdET-2iGkvv-599Uj2Fn,"https://t1.gstatic.com/faviconV2?client=SOCIAL&type=FAVICON&fallback_opts=TYPE,SIZE,URL&url=https://volcanicbikes.com/?utm_source=google&utm_medium=organic&utm_campaign=gbp-listing&utm_content=omaha-NE&size=48","https://search.google.com/local/reviews?placeid=ChIJ12x9yO7zk4cRwRPLaGtixSo&q=bicycle+shop+near+Papillion,+Nebraska,+USA&authuser=0&hl=en",,https://www.facebook.com/VolcanicBikes/, ,https://www.instagram.com/volcanicbikes/,
Lincoln Bike Kitchen,308 S 21st St  Lincoln  NE 68510  United States,308 S 21st St,Lincoln,68510,Nebraska,US,America/Chicago,,,http://www.lincolnbikekitchen.org/,lincolnbikekitchen.org,Used bicycle shop,,Yes,45,4.4,open,"Friday, Closed; Saturday, Closed; Sunday, 1-3 PM; Monday, 9 AM-12 PM | 5-8 PM; Tuesday, 9 AM-12 PM; Wednesday, 1-4 PM; Thursday, 5-8 PM; ",Closed,1-3 PM,9 AM-12 PM | 5-8 PM,9 AM-12 PM,1-4 PM,5-8 PM,Closed,Lat 40.8113045,Lng -96.6888199,https://www.google.com/maps/place/?q=place_id:ChIJo7aoGqS_locRi_oHiaHTR-0,https://www.google.com/search?kgmid=/g/1q64l3ms2,https://lh5.googleusercontent.com/p/AF1QipPU3IzaXOrrXp0qv1qN4gYSxo-nbApH_-nivp5x,"https://t1.gstatic.com/faviconV2?client=SOCIAL&type=FAVICON&fallback_opts=TYPE,SIZE,URL&url=http://www.lincolnbikekitchen.org/&size=48","https://search.google.com/local/reviews?placeid=ChIJo7aoGqS_locRi_oHiaHTR-0&q=bicycle+shop+near+Lincoln,+Nebraska,+USA&authuser=0&hl=en",,//facebook.com/lincolnbikekitchen, ,//instagram.com/lincolnbikekitchen/,
Wheelie Good Bike Shop,,,Shelton village,,Nebraska,US,America/Chicago,14024135277,hello@wgbikeshop.com,https://www.wheeliegoodbikeshop.com/,wheeliegoodbikeshop.com,Bicycle store,Bicycle repair shop,Yes,43,4.1,open, ,,,,,,,,Lat 40.8043626,Lng -96.68580999999999,https://www.google.com/maps/place/?q=place_id:ChIJgSbbgoSVlocRHYcr2kZgfxc,https://www.google.com/search?kgmid=/g/11ggvppjkj,https://lh5.googleusercontent.com/p/CIHM0ogKEICAgIDEq5uBBA,"https://t1.gstatic.com/faviconV2?client=SOCIAL&type=FAVICON&fallback_opts=TYPE,SIZE,URL&url=https://www.wheeliegoodbikeshop.com/&size=48","https://search.google.com/local/reviews?placeid=ChIJgSbbgoSVlocRHYcr2kZgfxc&q=bicycle+shop+near+Shelton+village,+Nebraska,+USA&authuser=0&hl=en",,https://www.facebook.com/WheelieGoodBikeShop/, ,https://www.instagram.com/wheeliegoodbikes/,
Nativestylez,,,Walthill village,,Nebraska,US,America/Chicago,,,https://nativestylez.ueniweb.com/?utm_campaign=gmb,nativestylez.ueniweb.com,Bicycle repair shop,Service establishment,Yes,,,open, ,,,,,,,,,,https://www.google.com/maps/place/?q=place_id:ChIJQ4CsymH3kYcRq-c5hWveWR4,https://www.google.com/search?kgmid=/g/11h_xf8zbs, ,"https://t1.gstatic.com/faviconV2?client=SOCIAL&type=FAVICON&fallback_opts=TYPE,SIZE,URL&url=https://nativestylez.ueniweb.com/?utm_campaign=gmb&size=48", ,, , ,,
Greenstreet Cycles,225 S Washington St  Papillion  NE 68046  United States,225 S Washington St,Papillion,68046,Nebraska,US,America/Chicago,14029320013,,https://greenstreetcycles.com/,greenstreetcycles.com,Bicycle store,Bicycle repair shop,Yes,95,4.5,permanently closed, ,,,,,,,,Lat 41.154984999999996,Lng -96.042547,https://www.google.com/maps/place/?q=place_id:ChIJ__8vYeaKk4cRoDfAd3W_j3o,https://www.google.com/search?kgmid=/g/11f57pw4fn,https://lh5.googleusercontent.com/p/CIHM0ogKEICAgIDxyJLFXQ,"https://t1.gstatic.com/faviconV2?client=SOCIAL&type=FAVICON&fallback_opts=TYPE,SIZE,URL&url=https://greenstreetcycles.com/&size=48","https://search.google.com/local/reviews?placeid=ChIJ__8vYeaKk4cRoDfAd3W_j3o&q=bicycle+shop+near+Papillion,+Nebraska,+USA&authuser=0&hl=en",, , ,,
Trek Bicycle Papillion,8410 S 73rd Plaza  Papillion  NE 68046  United States,8410 S 73rd Plaza,Papillion,68046,Nebraska,US,America/Chicago,14029351988,,https://www.trekbikes.com/us/en_US/retail/papillion/,trekbikes.com,Bicycle store,Bicycle rental service,No,86,4.8,permanently closed, ,,,,,,,,Lat 41.1757533,Lng -96.0269862,https://www.google.com/maps/place/?q=place_id:ChIJgRF0h6eLk4cRG7JuoKbzofY,https://www.google.com/search?kgmid=/g/1td72hg3,https://lh5.googleusercontent.com/p/CIHM0ogKEICAgICM5PH2XQ,"https://t1.gstatic.com/faviconV2?client=SOCIAL&type=FAVICON&fallback_opts=TYPE,SIZE,URL&url=https://www.trekbikes.com/us/en_US/retail/papillion/&size=48","https://search.google.com/local/reviews?placeid=ChIJgRF0h6eLk4cRG7JuoKbzofY&q=bicycle+shop+near+Papillion,+Nebraska,+USA&authuser=0&hl=en",,https://www.facebook.com/TrekBicycle,https://twitter.com/trekbikes,https://instagram.com/trekbikes/,https://www.youtube.com/user/trekbikesusa
Heartland B-cycle 15th & Farnam,215 S 15th St  Omaha  NE 68102  United States,215 S 15th St,Omaha,68102,Nebraska,US,America/Chicago,14029572453,,https://heartland.bcycle.com/,heartland.bcycle.com,Bicycle rental service, ,No,3,4.7,Temporarily closed, ,,,,,,,,Lat 41.257893599999996,Lng -95.9357378,https://www.google.com/maps/place/?q=place_id:ChIJpUlrDLyPk4cRxixmLmMndtg,https://www.google.com/search?kgmid=/g/11h845pl7w,https://lh5.googleusercontent.com/p/CIHM0ogKEICAgID0h-qG9gE,"https://t1.gstatic.com/faviconV2?client=SOCIAL&type=FAVICON&fallback_opts=TYPE,SIZE,URL&url=https://heartland.bcycle.com/&size=48","https://search.google.com/local/reviews?placeid=ChIJpUlrDLyPk4cRxixmLmMndtg&q=bicycle+shop+near+Carter+Lake,+Iowa,+USA&authuser=0&hl=en",,http://facebook.com/rideheartlandbikeshare, ,http://instagram.com/heartlandbikeshare,
ELECTRO BIKE E-Bikes,2000 SW 5th St # 2  Lincoln  NE 68522  United States,2000 SW 5th St # 2,Lincoln,68522,Nebraska,US,America/Chicago,14022779380,,,,Bicycle store,Bicycle rental service,Yes,3,5,Temporarily closed, ,,,,,,,,Lat 40.7931345,Lng -96.7263021,https://www.google.com/maps/place/?q=place_id:ChIJD_pzGji_locR0ylZ2EVKlWw,https://www.google.com/search?kgmid=/g/11q3m2sxvl,https://lh5.googleusercontent.com/p/AF1QipMOliNCLvnTBB0-jvKM9-63wPDr1NkbWXOeXFI9, ,"https://search.google.com/local/reviews?placeid=ChIJD_pzGji_locR0ylZ2EVKlWw&q=bicycle+shop+near+Lincoln,+Nebraska,+USA&authuser=0&hl=en", , , , , 
JJ's Second Chance Cycles,2515 W Old Lincoln Hwy  Grand Island  NE 68803  United States,2515 W Old Lincoln Hwy,Grand Island,68803,Nebraska,US,America/Chicago,13088509010,,,,Bicycle store, ,Yes,2,5,Temporarily closed, ,,,,,,,,Lat 40.9167573,Lng -98.36835239999999,https://www.google.com/maps/place/?q=place_id:ChIJhcFwl3GHmYcRhj2l4PhVDac,https://www.google.com/search?kgmid=/g/11rzs036qs,https://lh5.googleusercontent.com/p/Qxs_gTqoMl3Nl0L3b-fulg, ,"https://search.google.com/local/reviews?placeid=ChIJhcFwl3GHmYcRhj2l4PhVDac&q=bicycle+shop+near+Pierce,+Nebraska,+USA&authuser=0&hl=en", , , , , 
Heartland B-cycle 14th & Douglas,14th & Douglas SW  Omaha  NE 68102  United States,14th & Douglas SW,Omaha,68102,NE,US,America/Chicago,,info@heartlandbikeshare.org,https://heartland.bcycle.com/,heartland.bcycle.com,Bicycle rental service, ,No,1,4,Temporarily closed, ,,,,,,,,Lat 41.2589693,Lng -95.9346755,https://www.google.com/maps/place/?q=place_id:ChIJ63R2uX-Pk4cR2RQpyz9R_pQ,https://www.google.com/search?kgmid=/g/11fqc1f95p,https://lh5.googleusercontent.com/p/CIHM0ogKEICAgICcusLKhwE,"https://t1.gstatic.com/faviconV2?client=SOCIAL&type=FAVICON&fallback_opts=TYPE,SIZE,URL&url=https://heartland.bcycle.com/&size=48","https://search.google.com/local/reviews?placeid=ChIJ63R2uX-Pk4cR2RQpyz9R_pQ&q=bicycle+shop+near+Carter+Lake,+Iowa,+USA&authuser=0&hl=en",,http://facebook.com/rideheartlandbikeshare, ,http://instagram.com/heartlandbikeshare,