Name,Full_Address,Street_Address,City,Zip,State,Country,Timezone,Phone_1,Email,Website,Domain,aa,First_category,Second_category,Claimed_google_my_business,Reviews_count,Average_rating,Business Status,Hours,Saturday,Sunday,Monday,Tuesday,Wednesday,Thursday,Friday,Latitude,Longitude,GMB_URL,Google_Knowledge_URL,Image_URL,Favicon,Review_URL,Phone From WEBSITE,Facebook URL,Twitter URL,Instagram URL,Youtube URL
Another Bike Shop Reno,8543 White Fir St d4  Reno  NV 89523  United States,8543 White Fir St d4,Reno,89523,Nevada,US,America/Los_Angeles,17758001412,anotherbikeshop@gmail.com,https://www.anotherbikeshop.com/,anotherbikeshop.com,1,Bicycle store,Bicycle rental service,Yes,345,5,open,"Friday, 10 AM-6 PM; Saturday, 10 AM-5 PM; Sunday, 10 AM-5 PM; Monday, 10 AM-6 PM; Tuesday, 10 AM-6 PM; Wednesday, 10 AM-6 PM; Thursday, 10 AM-6 PM; ",10 AM-5 PM,10 AM-5 PM,10 AM-6 PM,10 AM-6 PM,10 AM-6 PM,10 AM-6 PM,10 AM-6 PM,Lat 39.5072198,Lng -119.9017719,https://www.google.com/maps/place/?q=place_id:ChIJ87o1B6NFmYARWznGWV_cHh8,https://www.google.com/search?kgmid=/g/11ldw95np1,https://lh5.googleusercontent.com/p/AF1QipMP1CRCmk7nYiuAIO6RAnoSrJz_WZWoOeI00pf2,"https://t1.gstatic.com/faviconV2?client=SOCIAL&type=FAVICON&fallback_opts=TYPE,SIZE,URL&url=https://www.anotherbikeshop.com/&size=48","https://search.google.com/local/reviews?placeid=ChIJ87o1B6NFmYARWznGWV_cHh8&q=bicycle+shop+near+Fernley,+Nevada,+USA&authuser=0&hl=en",18314272232 | +17758001412,https://www.facebook.com/anotherbikeshopsantacruz,https://twitter.com/anotherbikeshop,https://www.instagram.com/anotherbikeshop/,
Epic E-Bike Adventures-Fremont St,901 E Fremont St Suite 182  Las Vegas  NV 89101  United States,901 E Fremont St Suite 182,Las Vegas,89101,Nevada,US,America/Los_Angeles,17023766886,info@epicebikeadventures.com,https://epicebikeadventures.com/,epicebikeadventures.com,1,Electric bicycle store,Bicycle rental service,Yes,33,4.2,open,"Friday, 9 AM-5 PM; Saturday, 9 AM-5 PM; Sunday, Closed; Monday, 9 AM-5 PM; Tuesday, 9 AM-5 PM; Wednesday, 9 AM-5 PM; Thursday, 9 AM-5 PM; ",9 AM-5 PM,Closed,9 AM-5 PM,9 AM-5 PM,9 AM-5 PM,9 AM-5 PM,9 AM-5 PM,Lat 36.1670513,Lng -115.1358795,https://www.google.com/maps/place/?q=place_id:ChIJMYg1B8nDyIAREYGSiZTz7-c,https://www.google.com/search?kgmid=/g/11v4jc_6cg,https://lh5.googleusercontent.com/p/AF1QipNv1wGe_Do64z_rtqKE7Kb1T55V0MmENjcyeGcZ,"https://t1.gstatic.com/faviconV2?client=SOCIAL&type=FAVICON&fallback_opts=TYPE,SIZE,URL&url=https://epicebikeadventures.com/&size=48","https://search.google.com/local/reviews?placeid=ChIJMYg1B8nDyIAREYGSiZTz7-c&q=bicycle+shop+near+Las+Vegas,+Nevada,+USA&authuser=0&hl=en",7023766886 | 702-376-6886,https://www.facebook.com/GoKnightsGo.EpicEBikeAdventures?mibextid=LQQJ4d, ,https://instagram.com/epic.ebike.adventures?igshid=OGQ5ZDc2ODk2ZA==,
Escape Adventures Bike Tours,10575 Discovery Dr  Las Vegas  NV 89135  United States,10575 Discovery Dr,Las Vegas,89135,Nevada,US,America/Los_Angeles,17025962953,info@escapeadventures.com,http://www.escapeadventures.com/,escapeadventures.com,1,Bicycle rental service,,Yes,169,4.7,open,"Friday, 7 AM-6 PM; Saturday, 7 AM-6 PM; Sunday, 7 AM-6 PM; Monday, 7 AM-6 PM; Tuesday, 7 AM-6 PM; Wednesday, 7 AM-6 PM; Thursday, 7 AM-6 PM; ",7 AM-6 PM,7 AM-6 PM,7 AM-6 PM,7 AM-6 PM,7 AM-6 PM,7 AM-6 PM,7 AM-6 PM,Lat 36.121992899999995,Lng -115.32476129999999,https://www.google.com/maps/place/?q=place_id:ChIJ2-WlL4bAyIARoebFDvm1YTc,https://www.google.com/search?kgmid=/g/1tkp57sw,https://lh5.googleusercontent.com/p/CIHM0ogKEICAgIDVk6PMaQ,"https://t1.gstatic.com/faviconV2?client=SOCIAL&type=FAVICON&fallback_opts=TYPE,SIZE,URL&url=http://www.escapeadventures.com/&size=48","https://search.google.com/local/reviews?placeid=ChIJ2-WlL4bAyIARoebFDvm1YTc&q=bicycle+shop+near+Las+Vegas,+Nevada,+USA&authuser=0&hl=en",1.800.596.2953,http://www.facebook.com/escapeadventuresbiketours,https://twitter.com/EscapeBikeTours,https://instagram.com/escape_adventures,https://www.youtube.com/user/EscapeAdventures
Flume Trail Bikes,1115 Tunnel Creek Rd Suite B  Incline Village  NV 89451  United States,1115 Tunnel Creek Rd Suite B,Incline Village,89451,Nevada,US,America/Los_Angeles,17752982501,info@flumetrailtahoe.com,http://www.flumetrailtahoe.com/,flumetrailtahoe.com,1,Bicycle rental service,Bicycle repair shop,Yes,1163,4.9,open,"Friday, 9 AM-5 PM; Saturday, 9:30 AM-5 PM; Sunday, 9:30 AM-5 PM; Monday, 10 AM-5 PM; Tuesday, 10 AM-5 PM; Wednesday, 10 AM-5 PM; Thursday, 10 AM-5 PM; ",9:30 AM-5 PM,9:30 AM-5 PM,10 AM-5 PM,10 AM-5 PM,10 AM-5 PM,10 AM-5 PM,9 AM-5 PM,Lat 39.2337085,Lng -119.9305069,https://www.google.com/maps/place/?q=place_id:ChIJ4-IvaAZxmYARtBPCc8shjVI,https://www.google.com/search?kgmid=/g/1260019gf,https://lh5.googleusercontent.com/p/CIHM0ogKEICAgIDq0f6pUA,"https://t1.gstatic.com/faviconV2?client=SOCIAL&type=FAVICON&fallback_opts=TYPE,SIZE,URL&url=http://www.flumetrailtahoe.com/&size=48","https://search.google.com/local/reviews?placeid=ChIJ4-IvaAZxmYARtBPCc8shjVI&q=bicycle+shop+near+Carson,+Nevada,+USA&authuser=0&hl=en",17752982501,https://www.facebook.com/people/Flume-Trail-Mountain-Bikes/100057527534589/, ,https://www.instagram.com/flumetrailbikes/?hl=en,
Hutch's Bicycle Garage,11700 W Charleston Blvd #170-140  Las Vegas  NV 89135  United States,11700 W Charleston Blvd #170-140,Las Vegas,89135,Nevada,US,America/Los_Angeles,17025307605,info@hutchsbicyclegarage.com,http://www.hutchsbicyclegarage.com/,hutchsbicyclegarage.com,1,Bicycle store,Sporting goods store,Yes,85,5,open, ,,,,,,,,Lat 36.1592674,Lng -115.3508616,https://www.google.com/maps/place/?q=place_id:ChIJ8812XEG-yIARP735F7I3wrQ,https://www.google.com/search?kgmid=/g/11f0wfwzbr,https://lh5.googleusercontent.com/p/AF1QipMGA7wB1y8OA0SCxKJbQShQC4MwBoHEBQZTzICU,"https://t1.gstatic.com/faviconV2?client=SOCIAL&type=FAVICON&fallback_opts=TYPE,SIZE,URL&url=http://www.hutchsbicyclegarage.com/&size=48","https://search.google.com/local/reviews?placeid=ChIJ8812XEG-yIARP735F7I3wrQ&q=bicycle+shop+near+Las+Vegas,+Nevada,+USA&authuser=0&hl=en",,http://www.facebook.com/hutchsbicyclegarage/, ,,
Pedego Electric Bikes Reno,3316 S McCarran Blvd  Reno  NV 89502  United States,3316 S McCarran Blvd,Reno,89502,Nevada,US,America/Los_Angeles,17759973636,info@pedegoreno.com,https://pedegoelectricbikes.com/dealers/reno/,pedegoelectricbikes.com,1,Bicycle store,Bicycle rental service,Yes,227,4.9,open,"Friday, 10 AM-6 PM; Saturday, 10 AM-6 PM; Sunday, Closed; Monday, Closed; Tuesday, 10 AM-6 PM; Wednesday, 10 AM-6 PM; Thursday, 10 AM-6 PM; ",10 AM-6 PM,Closed,Closed,10 AM-6 PM,10 AM-6 PM,10 AM-6 PM,10 AM-6 PM,Lat 39.483824899999995,Lng -119.747259,https://www.google.com/maps/place/?q=place_id:ChIJEYfb0JkVmYAR9btp1bOWetQ,https://www.google.com/search?kgmid=/g/11g_x1x1jg,https://lh5.googleusercontent.com/p/AF1QipNGOfpjfJNQvhYb1d5tq422xDy05-2mA9A5QSYs,"https://t1.gstatic.com/faviconV2?client=SOCIAL&type=FAVICON&fallback_opts=TYPE,SIZE,URL&url=https://pedegoelectricbikes.com/dealers/reno/&size=48","https://search.google.com/local/reviews?placeid=ChIJEYfb0JkVmYAR9btp1bOWetQ&q=bicycle+shop+near+Reno,+Nevada,+USA&authuser=0&hl=en",+1 (775) 997-3636,https://www.facebook.com/648641642205768, ,https://www.instagram.com/pedego,https://www.youtube.com/@PedegoElectricBikes
Sierra Bicycle Supply,1380 Kleppe Ln  Sparks  NV 89431  United States,1380 Kleppe Ln,Sparks,89431,Nevada,US,America/Los_Angeles,17753550655,info@sierrabmw.com,https://www.sierrabikesupply.com/,sierrabikesupply.com,1,Bicycle store,Bicycle repair shop,Yes,117,3.9,open,"Friday, 9 AM-6 PM; Saturday, 9 AM-5 PM; Sunday, Closed; Monday, Closed; Tuesday, 9 AM-6 PM; Wednesday, 9 AM-6 PM; Thursday, 9 AM-6 PM; ",9 AM-5 PM,Closed,Closed,9 AM-6 PM,9 AM-6 PM,9 AM-6 PM,9 AM-6 PM,Lat 39.5245854,Lng -119.7202975,https://www.google.com/maps/place/?q=place_id:ChIJxf5jrKM_mYARnVfpd7z3YCg,https://www.google.com/search?kgmid=/g/11n66c8w58,https://lh5.googleusercontent.com/p/AF1QipPS0u3f-k8jyV-LUl7zVOcU8xdKkC5a6pMUImjB,"https://t1.gstatic.com/faviconV2?client=SOCIAL&type=FAVICON&fallback_opts=TYPE,SIZE,URL&url=https://www.sierrabikesupply.com/&size=48","https://search.google.com/local/reviews?placeid=ChIJxf5jrKM_mYARnVfpd7z3YCg&q=bicycle+shop+near+Fernley,+Nevada,+USA&authuser=0&hl=en",,https://www.facebook.com/sierrabmw/,https://twitter.com/sierrabmw,https://www.instagram.com/sierrabmw/,https://www.youtube.com/user/sierrabmw
Southwest Bikes,7290 W Azure Dr #110  Las Vegas  NV 89130  United States,7290 W Azure Dr #110,Las Vegas,89130,Nevada,US,America/Los_Angeles,17022277433,info@southwestbikes.com,https://www.southwestbikes.com/,southwestbikes.com,1,Bicycle store,Bicycle rental service,Yes,1156,4.9,open,"Friday, 10 AM-6:30 PM; Saturday, 10 AM-6:30 PM; Sunday, 10 AM-5 PM; Monday, 10 AM-6:30 PM; Tuesday, 10 AM-6:30 PM; Wednesday, 10 AM-6:30 PM; Thursday, 10 AM-6:30 PM; ",10 AM-6:30 PM,10 AM-5 PM,10 AM-6:30 PM,10 AM-6:30 PM,10 AM-6:30 PM,10 AM-6:30 PM,10 AM-6:30 PM,Lat 36.2737895,Lng -115.2539766,https://www.google.com/maps/place/?q=place_id:ChIJjy8RS2nryIARsMXb2USkUI0,https://www.google.com/search?kgmid=/g/1td4kdc_,https://lh5.googleusercontent.com/p/CIHM0ogKEICAgICErYft7QE,"https://t1.gstatic.com/faviconV2?client=SOCIAL&type=FAVICON&fallback_opts=TYPE,SIZE,URL&url=https://www.southwestbikes.com/&size=48","https://search.google.com/local/reviews?placeid=ChIJjy8RS2nryIARsMXb2USkUI0&q=bicycle+shop+near+West+Wendover,+Nevada,+USA&authuser=0&hl=en",-8361,https://www.facebook.com/SouthWestBikes, ,https://www.instagram.com/southwestbikes/,
Ultech Ebike,3111 S Valley View Blvd STE R-101  Las Vegas  NV 89102  United States,3111 S Valley View Blvd STE R-101,Las Vegas,89102,Nevada,US,America/Los_Angeles,17253336987,info@ultechebike.com,https://ultechebike.com/,ultechebike.com,1,Bicycle store, ,Yes,10,3.4,open,"Friday, 10 AM-4 PM; Saturday, Closed; Sunday, Closed; Monday, 10 AM-4 PM; Tuesday, 10 AM-4 PM; Wednesday, 10 AM-4 PM; Thursday, 10 AM-4 PM; ",Closed,Closed,10 AM-4 PM,10 AM-4 PM,10 AM-4 PM,10 AM-4 PM,10 AM-4 PM,Lat 36.1308577,Lng -115.19137459999999,https://www.google.com/maps/place/?q=place_id:ChIJHezPArvHyIAR_USMfCOrDSU,https://www.google.com/search?kgmid=/g/11nn3mh1j3,https://lh5.googleusercontent.com/p/AF1QipNIC93q6Q3CsoLR3zThY2HHa-MJnBH4NxicB0RA,"https://t1.gstatic.com/faviconV2?client=SOCIAL&type=FAVICON&fallback_opts=TYPE,SIZE,URL&url=https://ultechebike.com/&size=48","https://search.google.com/local/reviews?placeid=ChIJHezPArvHyIAR_USMfCOrDSU&q=bicycle+shop+near+Las+Vegas,+Nevada,+USA&authuser=0&hl=en",7253336987, , ,,
Velo Reno,3450 Lakeside Dr  Reno  NV 89509  United States,3450 Lakeside Dr,Reno,89509,Nevada,US,America/Los_Angeles,17758273277,rich@veloreno.com,http://www.veloreno.com/,veloreno.com,1,Bicycle store, ,Yes,241,4.9,open,"Friday, 10 AM-6 PM; Saturday, 10 AM-6 PM; Sunday, Closed; Monday, 10 AM-6 PM; Tuesday, 10 AM-6 PM; Wednesday, 10 AM-6 PM; Thursday, 10 AM-6 PM; ",10 AM-6 PM,Closed,10 AM-6 PM,10 AM-6 PM,10 AM-6 PM,10 AM-6 PM,10 AM-6 PM,Lat 39.4922665,Lng -119.8073807,https://www.google.com/maps/place/?q=place_id:ChIJCUzMMIpAmYARavO2I270_68,https://www.google.com/search?kgmid=/g/1xgzc0ff,https://lh5.googleusercontent.com/p/CIHM0ogKEICAgICKmd-9jQE,"https://t1.gstatic.com/faviconV2?client=SOCIAL&type=FAVICON&fallback_opts=TYPE,SIZE,URL&url=http://www.veloreno.com/&size=48","https://search.google.com/local/reviews?placeid=ChIJCUzMMIpAmYARavO2I270_68&q=bicycle+shop+near+Fernley,+Nevada,+USA&authuser=0&hl=en",,https://www.facebook.com/VeloReno, ,https://www.instagram.com/Velo.Reno/,
EBike Repair Factory,3111 S Valley View Blvd  Las Vegas  NV 89102  United States,3111 S Valley View Blvd,Las Vegas,89102,Nevada,US,America/Los_Angeles,18337000988,service002@ebikerepairfactory.com,https://ebikerepairfactory.com/pages/contact-us,ebikerepairfactory.com,1,Bicycle repair shop, ,No,6,4.3,open,"Friday, 10 AM-4 PM; Saturday, Closed; Sunday, Closed; Monday, 10 AM-4 PM; Tuesday, 10 AM-4 PM; Wednesday, 10 AM-4 PM; Thursday, 10 AM-4 PM; ",Closed,Closed,10 AM-4 PM,10 AM-4 PM,10 AM-4 PM,10 AM-4 PM,10 AM-4 PM,Lat 36.1309301,Lng -115.19127809999999,https://www.google.com/maps/place/?q=place_id:ChIJk_czW6jGyIARiD2kwbQ482s,https://www.google.com/search?kgmid=/g/11kc8mb4l0,https://lh5.googleusercontent.com/p/JtTEifHBXLqFWiZMihxvvw,"https://t1.gstatic.com/faviconV2?client=SOCIAL&type=FAVICON&fallback_opts=TYPE,SIZE,URL&url=https://ebikerepairfactory.com/pages/contact-us&size=48","https://search.google.com/local/reviews?placeid=ChIJk_czW6jGyIARiD2kwbQ482s&q=bicycle+shop+near+Las+Vegas,+Nevada,+USA&authuser=0&hl=en",18882913151,https://www.facebook.com/ebikerepairfactory/, ,https://www.instagram.com/ebikerepairfactory/,https://www.youtube.com/channel/UC-VMbI2UHaZ8EEP9DwNNdOQ
River Mountain Bike Shop,2310 E Lake Mead Pkwy  Henderson  NV 89015  United States,2310 E Lake Mead Pkwy,Henderson,89015,Nevada,US,America/Los_Angeles,17025643058,staff@rivermountainbikeshop.com,http://www.rivermountainbikeshop.com/,rivermountainbikeshop.com,1,Bicycle rental service,Bicycle repair shop,Yes,75,4.2,open,"Friday, 6 AM-6 PM; Saturday, 6 AM-6 PM; Sunday, 6 AM-6 PM; Monday, 9 AM-6 PM; Tuesday, 9 AM-6 PM; Wednesday, 9 AM-6 PM; Thursday, 6 AM-6 PM; ",6 AM-6 PM,6 AM-6 PM,9 AM-6 PM,9 AM-6 PM,9 AM-6 PM,6 AM-6 PM,6 AM-6 PM,Lat 36.085946899999996,Lng -114.91717729999999,https://www.google.com/maps/place/?q=place_id:ChIJTyUuus_XyIARroRcIC05xQ8,https://www.google.com/search?kgmid=/g/11g_43s75,https://lh5.googleusercontent.com/p/AF1QipO9Ad5d_q5yOUhZBEKcMhMq3r7df7z5x-T8BgwS,"https://t1.gstatic.com/faviconV2?client=SOCIAL&type=FAVICON&fallback_opts=TYPE,SIZE,URL&url=http://www.rivermountainbikeshop.com/&size=48","https://search.google.com/local/reviews?placeid=ChIJTyUuus_XyIARroRcIC05xQ8&q=bicycle+shop+near+Boulder,+Nevada,+USA&authuser=0&hl=en",, , ,,
Win's Wheels  Inc.,933 Mica Dr #9  Carson City  NV 89705  United States,933 Mica Dr #9,Carson City,89705,Nevada,US,America/Los_Angeles,17753920195,win@winswheels.com,https://winswheels.com/,winswheels.com,1,Bicycle repair shop, ,Yes,19,4.9,open,"Friday, 9 AM-5 PM; Saturday, Closed; Sunday, Closed; Monday, 9 AM-5 PM; Tuesday, 9 AM-5 PM; Wednesday, 9 AM-5 PM; Thursday, 9 AM-5 PM; ",Closed,Closed,9 AM-5 PM,9 AM-5 PM,9 AM-5 PM,9 AM-5 PM,9 AM-5 PM,Lat 39.0922297,Lng -119.7766814,https://www.google.com/maps/place/?q=place_id:ChIJ3wYiRlOhmYAR6gsldj8em18,https://www.google.com/search?kgmid=/g/11vc6j3blr,https://lh5.googleusercontent.com/p/AF1QipP-bWtcltuRGci0fvLMgcXWc5tUwusayvz__QuG,"https://t1.gstatic.com/faviconV2?client=SOCIAL&type=FAVICON&fallback_opts=TYPE,SIZE,URL&url=https://winswheels.com/&size=48","https://search.google.com/local/reviews?placeid=ChIJ3wYiRlOhmYAR6gsldj8em18&q=bicycle+shop+near+Carson,+Nevada,+USA&authuser=0&hl=en",17753920195,https://www.facebook.com/winswheels/, ,https://www.instagram.com/p/C364jUcuYRH/,https://www.youtube.com/@TheBicycleServiceCenter
WheelZen Rides,3863 S Valley View Blvd Suite #1  Las Vegas  NV 89103  United States,3863 S Valley View Blvd Suite #1,Las Vegas,89103,Nevada,US,America/Los_Angeles,17029923750,,http://wheelzenrides.com/,wheelzenrides.com,1,Electric bicycle store,,Yes,325,4.6,open,"Friday, 10 AM-6 PM; Saturday, 10 AM-4 PM; Sunday, Closed; Monday, 10 AM-6 PM; Tuesday, 10 AM-6 PM; Wednesday, 10 AM-6 PM; Thursday, 10 AM-6 PM; ",10 AM-4 PM,Closed,10 AM-6 PM,10 AM-6 PM,10 AM-6 PM,10 AM-6 PM,10 AM-6 PM,Lat 36.1208217,Lng -115.1904836,https://www.google.com/maps/place/?q=place_id:ChIJNc_6bF7HyIARR7T5RJ7xmyg,https://www.google.com/search?kgmid=/g/11r_dwc54y,https://lh5.googleusercontent.com/p/CIABIhApWcjuCZCqJP88RmsyEjMj,"https://t1.gstatic.com/faviconV2?client=SOCIAL&type=FAVICON&fallback_opts=TYPE,SIZE,URL&url=http://wheelzenrides.com/&size=48","https://search.google.com/local/reviews?placeid=ChIJNc_6bF7HyIARR7T5RJ7xmyg&q=bicycle+shop+near+Las+Vegas,+Nevada,+USA&authuser=0&hl=en",, , ,,
Loop Custom Cyclery,1312 Nevada Highway Suite B  Boulder City  NV 89005  United States,1312 Nevada Highway Suite B,Boulder City,89005,Nevada,US,America/Los_Angeles,17022773989,,,,1,Bicycle repair shop, ,No,10,4.4,open, ,,,,,,,,Lat 35.9713783,Lng -114.85122949999999,https://www.google.com/maps/place/?q=place_id:ChIJt-R-dI0ryYAR_V5yW--ZL7M,https://www.google.com/search?kgmid=/g/11fqcgh_cb,https://lh5.googleusercontent.com/p/CIHM0ogKEICAgICus5ObbQ, ,"https://search.google.com/local/reviews?placeid=ChIJt-R-dI0ryYAR_V5yW--ZL7M&q=bicycle+shop+near+Boulder,+Nevada,+USA&authuser=0&hl=en", , , , , 
Bicycle Authority,385 Hot Springs Rd #1  Carson City  NV 89706  United States,385 Hot Springs Rd #1,Carson City,89706,Nevada,US,America/Los_Angeles,17752303117,,,,1,Bicycle store,Bicycle repair shop,Yes,24,4.8,open,"Friday, 11 AM-5 PM; Saturday, Closed; Sunday, Closed; Monday, Closed; Tuesday, 11 AM-5 PM; Wednesday, 11 AM-5 PM; Thursday, 11 AM-5 PM; ",Closed,Closed,Closed,11 AM-5 PM,11 AM-5 PM,11 AM-5 PM,11 AM-5 PM,Lat 39.183582,Lng -119.764395,https://www.google.com/maps/place/?q=place_id:ChIJCXttlL0KmYARYuDYUruR2B4,https://www.google.com/search?kgmid=/g/1tj9tl10,https://lh5.googleusercontent.com/p/AF1QipOyixt3Appj7cWQK-DtXvQYRp2eK7I7y5fzVwDy, ,"https://search.google.com/local/reviews?placeid=ChIJCXttlL0KmYARYuDYUruR2B4&q=bicycle+shop+near+Carson,+Nevada,+USA&authuser=0&hl=en", , , , , 
ENERGIE CYCLE,6585 S Arville St ste a  Las Vegas  NV 89118  United States,6585 S Arville St ste a,Las Vegas,89118,Nevada,US,America/Los_Angeles,18884569410,,,,1,Bicycle store, ,No,13,4.1,open,"Friday, 9 AM-5 PM; Saturday, Closed; Sunday, Closed; Monday, 9 AM-5 PM; Tuesday, 9 AM-5 PM; Wednesday, 9 AM-5 PM; Thursday, 9 AM-5 PM; ",Closed,Closed,9 AM-5 PM,9 AM-5 PM,9 AM-5 PM,9 AM-5 PM,9 AM-5 PM,Lat 36.0701827,Lng -115.19961889999999,https://www.google.com/maps/place/?q=place_id:ChIJF1gxFA7GyIARN6R4A4PFOsM,https://www.google.com/search?kgmid=/g/11bzt8xtx3,https://lh5.googleusercontent.com/p/i9bwM66laUE6OAURWOX2Og, ,"https://search.google.com/local/reviews?placeid=ChIJF1gxFA7GyIARN6R4A4PFOsM&q=bicycle+shop+near+Las+Vegas,+Nevada,+USA&authuser=0&hl=en", , , , , 
Raleigh Bicycles,2320 E Flamingo Rd  Las Vegas  NV 89119  United States,2320 E Flamingo Rd,Las Vegas,89119,Nevada,US,America/Los_Angeles,,,,,1,Bicycle store, ,No,3,5,open, ,,,,,,,,Lat 36.115178799999995,Lng -115.1200934,https://www.google.com/maps/place/?q=place_id:ChIJIx4jMODEyIARb10GUZiEalw,https://www.google.com/search?kgmid=/g/11r2xp_rhr,https://lh5.googleusercontent.com/p/CIHM0ogKEICAgIDr4ICp3QE, ,"https://search.google.com/local/reviews?placeid=ChIJIx4jMODEyIARb10GUZiEalw&q=bicycle+shop+near+Las+Vegas,+Nevada,+USA&authuser=0&hl=en", , , , , 
Bike Shop,385 Hot Springs Rd  Carson City  NV 89706  United States,385 Hot Springs Rd,Carson City,89706,Nevada,US,America/Los_Angeles,,,,,1,Bicycle store, ,No,,,open, ,,,,,,,,Lat 39.183579699999996,Lng -119.7642147,https://www.google.com/maps/place/?q=place_id:ChIJJXPBQuoKmYARyIKw4HDCDx0,https://www.google.com/search?kgmid=/g/11fr3xqf6z,https://lh5.googleusercontent.com/p/CIHM0ogKEICAgIDTo_K8Gw, , , , , , , 
Reno bike project,216 E Grove St  Reno  NV 89502  United States,216 E Grove St,Reno,89502,Nevada,US,America/Los_Angeles,,,,,1,Bicycle store, ,No,,,open, ,,,,,,,,Lat 39.5007124,Lng -119.79558979999999,https://www.google.com/maps/place/?q=place_id:ChIJK07mcwBBmYARoIL42dv-KfM,https://www.google.com/search?kgmid=/g/11xvnr25gj,https://lh5.googleusercontent.com/p/rHW0NcpJpwdTI74XlMEq2A, , , , , , , 
First Choice Bicycle,1000 E Charleston Blvd STE 106  Las Vegas  NV 89104  United States,1000 E Charleston Blvd STE 106,Las Vegas,89104,Nevada,US,America/Los_Angeles,17023825775,,,,1,Bicycle store, ,No,97,3.1,open,"Friday, 9 AM-5 PM; Saturday, Closed; Sunday, 11 AM-4 PM; Monday, 10 AM-6 PM; Tuesday, 10 AM-6 PM; Wednesday, 10 AM-6 PM; Thursday, 10 AM-6 PM; ",Closed,11 AM-4 PM,10 AM-6 PM,10 AM-6 PM,10 AM-6 PM,10 AM-6 PM,9 AM-5 PM,Lat 36.158524899999996,Lng -115.14041689999999,https://www.google.com/maps/place/?q=place_id:ChIJr1FzY3jDyIARo3JvFQS3wmY,https://www.google.com/search?kgmid=/g/1tfrxs08,https://lh5.googleusercontent.com/p/CIHM0ogKEICAgICC79buaw, ,"https://search.google.com/local/reviews?placeid=ChIJr1FzY3jDyIARo3JvFQS3wmY&q=bicycle+shop+near+Fallon,+Nevada,+USA&authuser=0&hl=en", , , , , 
Urban Bike Company,1700 S Industrial Rd  Las Vegas  NV 89102  United States,1700 S Industrial Rd,Las Vegas,89102,Nevada,US,America/Los_Angeles,17067515131,,,,1,Bicycle store, ,Yes,,,open,"Friday, 11 AM-5 PM; Saturday, Closed; Sunday, Closed; Monday, 11 AM-5 PM; Tuesday, 11 AM-5 PM; Wednesday, 11 AM-5 PM; Thursday, 11 AM-5 PM; ",Closed,Closed,11 AM-5 PM,11 AM-5 PM,11 AM-5 PM,11 AM-5 PM,11 AM-5 PM,Lat 36.1513943,Lng -115.16049129999999,https://www.google.com/maps/place/?q=place_id:ChIJS_tXlKPDyIAR_43kOgoyeKk,https://www.google.com/search?kgmid=/g/11lmgddlsm,https://lh5.googleusercontent.com/p/AF1QipNwWLdWk2-HHUQIYsWV6TVqKlaiWxtk3hWjK0EB, , , , , , , 
Hawley USA,650 Vista Blvd  Sparks  NV 89434  United States,650 Vista Blvd,Sparks,89434,Nevada,US,America/Los_Angeles,18008221980,,,,1,Bicycle wholesaler, ,No,4,4,open,"Friday, 8 AM-5 PM; Saturday, Closed; Sunday, Closed; Monday, 8 AM-5 PM; Tuesday, 8 AM-5 PM; Wednesday, 8 AM-5 PM; Thursday, 8 AM-5 PM; ",Closed,Closed,8 AM-5 PM,8 AM-5 PM,8 AM-5 PM,8 AM-5 PM,8 AM-5 PM,Lat 39.5387268,Lng -119.70233909999999,https://www.google.com/maps/place/?q=place_id:ChIJMX_EDaI-mYAR9mbgiuxBOtA,https://www.google.com/search?kgmid=/g/113jd0gmp, , ,"https://search.google.com/local/reviews?placeid=ChIJMX_EDaI-mYAR9mbgiuxBOtA&q=bicycle+shop+near+Sparks,+Nevada,+USA&authuser=0&hl=en", , , , , 
Wilderbike,5925 S Virginia St  Reno  NV 89502  United States,5925 S Virginia St,Reno,89502,Nevada,US,America/Los_Angeles,,,,,1,Electric bicycle store, ,Yes,6,5,open,"Friday, 10 AM-7:30 PM; Saturday, Closed; Sunday, 10 AM-10 PM; Monday, 10 AM-10 PM; Tuesday, 10 AM-10 PM; Wednesday, 10 AM-10 PM; Thursday, 10 AM-10 PM; ",Closed,10 AM-10 PM,10 AM-10 PM,10 AM-10 PM,10 AM-10 PM,10 AM-10 PM,10 AM-7:30 PM,Lat 39.4715892,Lng -119.78884989999999,https://www.google.com/maps/place/?q=place_id:ChIJK2lJSmo_mYARDD2srSNJJWQ,https://www.google.com/search?kgmid=/g/11w53gvpcx,https://lh5.googleusercontent.com/p/AF1QipPvJWZOBgNxpUzhmorwCMMskIcO2U3sJpdaBFpC, ,"https://search.google.com/local/reviews?placeid=ChIJK2lJSmo_mYARDD2srSNJJWQ&q=bicycle+shop+near+Reno,+Nevada,+USA&authuser=0&hl=en", , , , , 
Bicycle Stuff,4225 S Eastern Ave  Las Vegas  NV 89119  United States,4225 S Eastern Ave,Las Vegas,89119,Nevada,US,America/Los_Angeles,17024664302,,,,1,Electric bicycle store, ,Yes,,,open, ,,,,,,,,Lat 36.111649,Lng -115.11971109999999,https://www.google.com/maps/place/?q=place_id:ChIJX2RaePvFyIARtF5lfF869X4,https://www.google.com/search?kgmid=/g/11wnql0r59,https://lh5.googleusercontent.com/p/AF1QipOH_CnA-Kl890dvXayMf5Q0hOn9lrFIQWVXdDu3, , , , , , , 
RTC Bike Share Arts District,1114-1124 S Casino Center Blvd  Las Vegas  NV 89104  United States,1114-1124 S Casino Center Blvd,Las Vegas,89104,Nevada,US,America/Los_Angeles,,,http://bikeshare.rtcsnv.com/,bikeshare.rtcsnv.com,1,Bicycle rental service, ,No,1,5,open,"Friday, Open 24 hours; Saturday, Open 24 hours; Sunday, Open 24 hours; Monday, Open 24 hours; Tuesday, Open 24 hours; Wednesday, Open 24 hours; Thursday, Open 24 hours; ",Open 24 hours,Open 24 hours,Open 24 hours,Open 24 hours,Open 24 hours,Open 24 hours,Open 24 hours,Lat 36.1580192,Lng -115.15229939999999,https://www.google.com/maps/place/?q=place_id:ChIJYYF5VzfDyIARULlCGrxprsw,https://www.google.com/search?kgmid=/g/11fjb1t3yc,https://lh5.googleusercontent.com/p/CIHM0ogKEICAgIDZwNrUWw,"https://t1.gstatic.com/faviconV2?client=SOCIAL&type=FAVICON&fallback_opts=TYPE,SIZE,URL&url=http://bikeshare.rtcsnv.com/&size=48","https://search.google.com/local/reviews?placeid=ChIJYYF5VzfDyIARULlCGrxprsw&q=bicycle+shop+near+Las+Vegas,+Nevada,+USA&authuser=0&hl=en",18446417823, , ,,
Tahoe Electric Bike Rental,35 N Edison Way STE 22  Reno  NV 89502  United States,35 N Edison Way STE 22,Reno,89502,Nevada,US,America/Los_Angeles,17753762071,,http://www.tahoeelectricbikerental.com/,tahoeelectricbikerental.com,1,Bicycle rental service, ,Yes,28,5,open,"Friday, 8 AM-7 PM; Saturday, 8 AM-7 PM; Sunday, 8 AM-7 PM; Monday, 8 AM-7 PM; Tuesday, 8 AM-7 PM; Wednesday, 8 AM-7 PM; Thursday, 8 AM-7 PM; ",8 AM-7 PM,8 AM-7 PM,8 AM-7 PM,8 AM-7 PM,8 AM-7 PM,8 AM-7 PM,8 AM-7 PM,Lat 39.5166587,Lng -119.7491683,https://www.google.com/maps/place/?q=place_id:ChIJYztGswQ_mYAR-1DoiY39h3s,https://www.google.com/search?kgmid=/g/11dzw5c4lk,https://lh5.googleusercontent.com/p/AF1QipNhwb8Lzs1uIOC5ZJGGz_ifoXwz2wxd1Hnur5py,"https://t1.gstatic.com/faviconV2?client=SOCIAL&type=FAVICON&fallback_opts=TYPE,SIZE,URL&url=http://www.tahoeelectricbikerental.com/&size=48","https://search.google.com/local/reviews?placeid=ChIJYztGswQ_mYAR-1DoiY39h3s&q=bicycle+shop+near+Reno,+Nevada,+USA&authuser=0&hl=en",, , ,,
REI Bike Shop,710 S Rampart Blvd  Las Vegas  NV 89145  United States,710 S Rampart Blvd,Las Vegas,89145,Nevada,US,America/Los_Angeles,17029514488,,https://www.rei.com/stores/las-vegas-boca-park/bike-shop,rei.com,1,Bicycle repair shop,Bicycle Shop,Yes,10,4.1,open,"Friday, 10 AM-9 PM; Saturday, 10 AM-9 PM; Sunday, 10 AM-7 PM; Monday, 10 AM-9 PM; Tuesday, 10 AM-9 PM; Wednesday, 10 AM-9 PM; Thursday, 10 AM-9 PM; ",10 AM-9 PM,10 AM-7 PM,10 AM-9 PM,10 AM-9 PM,10 AM-9 PM,10 AM-9 PM,10 AM-9 PM,Lat 36.163168899999995,Lng -115.28792569999999,https://www.google.com/maps/place/?q=place_id:ChIJ6U9ndPG_yIARv2_Ec4AJoUY,https://www.google.com/search?kgmid=/g/11fmc22qgm,https://lh5.googleusercontent.com/p/eQWtgWApGCdTCMbuCojLRw,"https://t1.gstatic.com/faviconV2?client=SOCIAL&type=FAVICON&fallback_opts=TYPE,SIZE,URL&url=https://www.rei.com/stores/las-vegas-boca-park/bike-shop&size=48","https://search.google.com/local/reviews?placeid=ChIJ6U9ndPG_yIARv2_Ec4AJoUY&q=bicycle+shop+near+Las+Vegas,+Nevada,+USA&authuser=0&hl=en",+17029514488 | (702) 951-4488 | 7028967111,https://www.facebook.com/REI/, ,https://www.instagram.com/rei/,https://www.youtube.com/user/reifindout/
REI Bike Shop,2225 Harvard Wy  Reno  NV 89502  United States,2225 Harvard Wy,Reno,89502,Nevada,US,America/Los_Angeles,17758289090,,https://www.rei.com/stores/reno/bike-shop,rei.com,1,Bicycle repair shop,Bicycle Shop,Yes,16,4.6,open,"Friday, 10 AM-8:30 PM; Saturday, 9 AM-7 PM; Sunday, 10 AM-6 PM; Monday, 10 AM-8:30 PM; Tuesday, 10 AM-8:30 PM; Wednesday, 10 AM-8:30 PM; Thursday, 10 AM-8:30 PM; ",9 AM-7 PM,10 AM-6 PM,10 AM-8:30 PM,10 AM-8:30 PM,10 AM-8:30 PM,10 AM-8:30 PM,10 AM-8:30 PM,Lat 39.502227,Lng -119.78671539999999,https://www.google.com/maps/place/?q=place_id:ChIJd4Jcuaw_mYAR7m4Neb2imh0,https://www.google.com/search?kgmid=/g/11fmc29_3c,https://lh5.googleusercontent.com/p/v2gkQ7JnB5MpQNn3K9O0lA,"https://t1.gstatic.com/faviconV2?client=SOCIAL&type=FAVICON&fallback_opts=TYPE,SIZE,URL&url=https://www.rei.com/stores/reno/bike-shop&size=48","https://search.google.com/local/reviews?placeid=ChIJd4Jcuaw_mYAR7m4Neb2imh0&q=bicycle+shop+near+Reno,+Nevada,+USA&authuser=0&hl=en",+17758289090 | (775) 828-9090 | 9168178944 | 9167246750,https://www.facebook.com/REI/, ,https://www.instagram.com/rei/,https://www.youtube.com/user/reifindout/
E-Bike Hub,50 S Virginia St  Reno  NV 89501  United States,50 S Virginia St,Reno,89501,Nevada,US,America/Los_Angeles,17754327986,,http://e-bikehub.bike/,e-bikehub.bike,1,Bicycle repair shop,Bicycle rental service,Yes,152,4.9,open,"Friday, 10 AM-6 PM; Saturday, 10 AM-6 PM; Sunday, 10 AM-5 PM; Monday, Closed; Tuesday, 10 AM-6 PM; Wednesday, 10 AM-6 PM; Thursday, 10 AM-6 PM; ",10 AM-6 PM,10 AM-5 PM,Closed,10 AM-6 PM,10 AM-6 PM,10 AM-6 PM,10 AM-6 PM,Lat 39.5247858,Lng -119.8118219,https://www.google.com/maps/place/?q=place_id:ChIJFXp61JZBmYARLPCUVD4_9J0,https://www.google.com/search?kgmid=/g/11stg2clz3,https://lh5.googleusercontent.com/p/AF1QipMw8uv3omoKO-xLls2vlybQZZPhpOAayrqng-3m,"https://t1.gstatic.com/faviconV2?client=SOCIAL&type=FAVICON&fallback_opts=TYPE,SIZE,URL&url=http://e-bikehub.bike/&size=48","https://search.google.com/local/reviews?placeid=ChIJFXp61JZBmYARLPCUVD4_9J0&q=bicycle+shop+near+Reno,+Nevada,+USA&authuser=0&hl=en",,https://www.facebook.com/ebikehubreno, ,https://www.instagram.com/e_bikehub,https://www.youtube.com/@E-BikeHub
Golden Crown Bicycles LLC,2320 E Bonanza Rd B  Las Vegas  NV 89101  United States,2320 E Bonanza Rd B,Las Vegas,89101,Nevada,US,America/Los_Angeles,17028680334,,https://www.instagram.com/goldencrown.bicycles.scooters/,instagram.com,1,Bicycle repair shop,Bicycle Shop,Yes,158,4.7,open,"Friday, 9 AM-5 PM; Saturday, 9 AM-5 PM; Sunday, Closed; Monday, 9 AM-5 PM; Tuesday, 9 AM-5 PM; Wednesday, 9 AM-5 PM; Thursday, 9 AM-5 PM; ",9 AM-5 PM,Closed,9 AM-5 PM,9 AM-5 PM,9 AM-5 PM,9 AM-5 PM,9 AM-5 PM,Lat 36.173273,Lng -115.11792799999999,https://www.google.com/maps/place/?q=place_id:ChIJl6r2hGrDyIARa3QLLCcPLLk,https://www.google.com/search?kgmid=/g/11bz_z_rkn,https://lh5.googleusercontent.com/p/AF1QipPsHO4MFQXTSyz23OI9xjjFz0y1p1pu0fRuTkqc,"https://t1.gstatic.com/faviconV2?client=SOCIAL&type=FAVICON&fallback_opts=TYPE,SIZE,URL&url=https://www.instagram.com/goldencrown.bicycles.scooters/&size=48","https://search.google.com/local/reviews?placeid=ChIJl6r2hGrDyIARa3QLLCcPLLk&q=bicycle+shop+near+Boulder,+Nevada,+USA&authuser=0&hl=en",, , ,,
The Vault Bicycle Shop,7570 Norman Rockwell Ln #140  Las Vegas  NV 89143  United States,7570 Norman Rockwell Ln #140,Las Vegas,89143,Nevada,US,America/Los_Angeles,17028399091,,http://www.thevaultbicycleshop.com/,thevaultbicycleshop.com,1,Bicycle repair shop,Bicycle Shop,Yes,207,4.9,open,"Friday, 10 AM-6 PM; Saturday, 10 AM-6 PM; Sunday, 11 AM-5 PM; Monday, 10 AM-6 PM; Tuesday, 10 AM-6 PM; Wednesday, 10 AM-6 PM; Thursday, 10 AM-6 PM; ",10 AM-6 PM,11 AM-5 PM,10 AM-6 PM,10 AM-6 PM,10 AM-6 PM,10 AM-6 PM,10 AM-6 PM,Lat 36.2985836,Lng -115.2800183,https://www.google.com/maps/place/?q=place_id:ChIJR-K0XbTsyIARje5ESkR9b84,https://www.google.com/search?kgmid=/g/11bv198_jp,https://lh5.googleusercontent.com/p/CIHM0ogKEICAgICho77wIA,"https://t1.gstatic.com/faviconV2?client=SOCIAL&type=FAVICON&fallback_opts=TYPE,SIZE,URL&url=http://www.thevaultbicycleshop.com/&size=48","https://search.google.com/local/reviews?placeid=ChIJR-K0XbTsyIARje5ESkR9b84&q=bicycle+shop+near+Las+Vegas,+Nevada,+USA&authuser=0&hl=en",7028399091, , ,,
Bicycle Service Center,1640 Wabash Ct  Sparks  NV 89434  United States,1640 Wabash Ct,Sparks,89434,Nevada,US,America/Los_Angeles,17756839003,,http://bicycleservicecenter.com/,bicycleservicecenter.com,1,Bicycle repair shop,Bicycle rental service,Yes,10,4.6,open,"Saturday, 11 AM-4 PM; Sunday, Closed; Monday, 9 AM-6 PM; Tuesday, 9 AM-6 PM; Wednesday, 9 AM-6 PM; Thursday, 9 AM-6 PM; Friday, 9 AM-6 PM; ",11 AM-4 PM,Closed,9 AM-6 PM,9 AM-6 PM,9 AM-6 PM,9 AM-6 PM,9 AM-6 PM,Lat 39.546256799999995,Lng -119.7120095,https://www.google.com/maps/place/?q=place_id:ChIJTXYPIfxHmYARV7PRV5mpUq8,https://www.google.com/search?kgmid=/g/11tfd8jxgx,https://lh5.googleusercontent.com/p/CIHM0ogKEICAgMDooYyTJQ,"https://t1.gstatic.com/faviconV2?client=SOCIAL&type=FAVICON&fallback_opts=TYPE,SIZE,URL&url=http://bicycleservicecenter.com/&size=48",https://search.google.com/local/reviews?placeid=ChIJTXYPIfxHmYARV7PRV5mpUq8&q=Bicycle+Service+Station&authuser=0&hl=en,, , ,,
Las Vegas Cyclery,10575 Discovery Dr  Las Vegas  NV 89135  United States,10575 Discovery Dr,Las Vegas,89135,Nevada,US,America/Los_Angeles,17025962953,,http://www.lasvegascyclery.com/,lasvegascyclery.com,1,Bicycle store,Bicycle rental service,Yes,783,4.8,open,"Friday, 9 AM-6 PM; Saturday, 9 AM-6 PM; Sunday, 9 AM-5 PM; Monday, 9 AM-6 PM; Tuesday, 9 AM-6 PM; Wednesday, 9 AM-6 PM; Thursday, 9 AM-6 PM; ",9 AM-6 PM,9 AM-5 PM,9 AM-6 PM,9 AM-6 PM,9 AM-6 PM,9 AM-6 PM,9 AM-6 PM,Lat 36.1221615,Lng -115.32462989999999,https://www.google.com/maps/place/?q=place_id:ChIJ2-WlL4bAyIAR61fkob7sufg,https://www.google.com/search?kgmid=/g/1hhh0yw78,https://lh5.googleusercontent.com/p/CIHM0ogKEICAgICksd6aJw,"https://t1.gstatic.com/faviconV2?client=SOCIAL&type=FAVICON&fallback_opts=TYPE,SIZE,URL&url=http://www.lasvegascyclery.com/&size=48","https://search.google.com/local/reviews?placeid=ChIJ2-WlL4bAyIAR61fkob7sufg&q=bicycle+shop+near+Las+Vegas,+Nevada,+USA&authuser=0&hl=en",-4250,https://www.facebook.com/lasvegascyclery,https://twitter.com/lasvegascyclery,https://www.instagram.com/lasvegascyclery/?hl=en,https://www.youtube.com/channel/UCp_KUV61hL27wBiQ64ANbcQ
Bike World,1901 S Rainbow Blvd  Las Vegas  NV 89146  United States,1901 S Rainbow Blvd,Las Vegas,89146,Nevada,US,America/Los_Angeles,17022541718,,https://bikeworldlv.com/,bikeworldlv.com,1,Bicycle store,Sporting goods store,Yes,228,4.1,open,"Friday, 10 AM-6 PM; Saturday, 9:30 AM-5:30 PM; Sunday, 9 AM-5 PM; Monday, 10 AM-6 PM; Tuesday, 10 AM-6 PM; Wednesday, 10 AM-6 PM; Thursday, 10 AM-6 PM; ",9:30 AM-5:30 PM,9 AM-5 PM,10 AM-6 PM,10 AM-6 PM,10 AM-6 PM,10 AM-6 PM,10 AM-6 PM,Lat 36.1502597,Lng -115.24386439999999,https://www.google.com/maps/place/?q=place_id:ChIJ3SDiIOfAyIAR5jOK7gaNxbg,https://www.google.com/search?kgmid=/g/1tdk5g55,https://lh5.googleusercontent.com/p/CIHM0ogKEICAgICiruzTJg,"https://t1.gstatic.com/faviconV2?client=SOCIAL&type=FAVICON&fallback_opts=TYPE,SIZE,URL&url=https://bikeworldlv.com/&size=48","https://search.google.com/local/reviews?placeid=ChIJ3SDiIOfAyIAR5jOK7gaNxbg&q=bicycle+shop+near+Fallon,+Nevada,+USA&authuser=0&hl=en",7027357551 | 702-735-7551 | (702) 254-1718,https://www.facebook.com/pages/Bike-World/126526480735330, ,,
Leave No Trace Wheels,732 S 6th St St R  Las Vegas  NV 89101  United States,732 S 6th St St R,Las Vegas,89101,Nevada,US,America/Los_Angeles,17752031759,,https://www.leavenotracewheels.com/,leavenotracewheels.com,1,Bicycle store, ,Yes,1,5,open,"Friday, 10 AM-6 PM; Saturday, 10 AM-4 PM; Sunday, Closed; Monday, 10 AM-6 PM; Tuesday, 10 AM-6 PM; Wednesday, 10 AM-6 PM; Thursday, 10 AM-6 PM; ",10 AM-4 PM,Closed,10 AM-6 PM,10 AM-6 PM,10 AM-6 PM,10 AM-6 PM,10 AM-6 PM,Lat 36.1609409,Lng -115.14495819999999,https://www.google.com/maps/place/?q=place_id:ChIJ4RKAVb3DyIARvuUl8CyJcfk,https://www.google.com/search?kgmid=/g/11x2818xmh,https://lh5.googleusercontent.com/p/CIABIhCX3_ahc4EmOjGu1T26QMb5,"https://t1.gstatic.com/faviconV2?client=SOCIAL&type=FAVICON&fallback_opts=TYPE,SIZE,URL&url=https://www.leavenotracewheels.com/&size=48","https://search.google.com/local/reviews?placeid=ChIJ4RKAVb3DyIARvuUl8CyJcfk&q=bicycle+shop+near+Las+Vegas,+Nevada,+USA&authuser=0&hl=en",, , , , 
Big Daddy's Bike & Brew,1546 U.S. Hwy 395 N  Gardnerville  NV 89410  United States,1546 U.S. Hwy 395 N,Gardnerville,89410,Nevada,US,America/Los_Angeles,17757827077,,https://www.bigdaddysbikeandbrew.com/,bigdaddysbikeandbrew.com,1,Bicycle store, ,Yes,59,4.5,open,"Friday, 10 AM-9 PM; Saturday, 10 AM-9 PM; Sunday, Closed; Monday, 10 AM-6 PM; Tuesday, 10 AM-6 PM; Wednesday, 10 AM-6 PM; Thursday, 10 AM-6 PM; ",10 AM-9 PM,Closed,10 AM-6 PM,10 AM-6 PM,10 AM-6 PM,10 AM-6 PM,10 AM-9 PM,Lat 38.9483795,Lng -119.75866939999999,https://www.google.com/maps/place/?q=place_id:ChIJ6dq1GMS9mYAR6bc--rU3SVk,https://www.google.com/search?kgmid=/g/1tf6b92b,https://lh5.googleusercontent.com/p/CIHM0ogKEICAgICUgIH5lgE,"https://t1.gstatic.com/faviconV2?client=SOCIAL&type=FAVICON&fallback_opts=TYPE,SIZE,URL&url=https://www.bigdaddysbikeandbrew.com/&size=48","https://search.google.com/local/reviews?placeid=ChIJ6dq1GMS9mYAR6bc--rU3SVk&q=bicycle+shop+near+Yerington,+Nevada,+USA&authuser=0&hl=en",-7827851,https://www.facebook.com/Big-Daddys-Bike-Ski-Board-376156542435382, ,https://www.instagram.com/official_bigdaddysbikeandbrew/,
Trek Bicycle Reno,6407 S Virginia St Ste 120  Reno  NV 89511  United States,6407 S Virginia St Ste 120,Reno,89511,Nevada,US,America/Los_Angeles,17756247008,,https://www.trekbikes.com/us/en_US/retail/reno/?y_source=1_MTAzMjk3NDY1MC03MTUtbG9jYXRpb24ud2Vic2l0ZQ%3D%3D,trekbikes.com,1,Bicycle store,Bicycle repair shop,Yes,97,5,open,"Saturday, 10 AM-6 PM; Sunday, 12-5 PM; Monday, Closed; Tuesday, 10 AM-6 PM; Wednesday, 10 AM-6 PM; Thursday, 10 AM-6 PM; Friday, 10 AM-6 PM; ",10 AM-6 PM,12-5 PM,Closed,10 AM-6 PM,10 AM-6 PM,10 AM-6 PM,10 AM-6 PM,Lat 39.4668073,Lng -119.7852161,https://www.google.com/maps/place/?q=place_id:ChIJ6VGItV8_mYAR_2RlEpHcutA,https://www.google.com/search?kgmid=/g/11vspgtp1w,https://lh5.googleusercontent.com/p/CIABIhB6a5rF4NSLasR9StaBH6eJ,"https://t1.gstatic.com/faviconV2?client=SOCIAL&type=FAVICON&fallback_opts=TYPE,SIZE,URL&url=https://www.trekbikes.com/us/en_US/retail/reno/?y_source=1_MTAzMjk3NDY1MC03MTUtbG9jYXRpb24ud2Vic2l0ZQ%3D%3D&size=48","https://search.google.com/local/reviews?placeid=ChIJ6VGItV8_mYAR_2RlEpHcutA&q=bicycle+shop+near+Lovelock,+Nevada,+USA&authuser=0&hl=en",,https://www.facebook.com/TrekBicycle,https://twitter.com/trekbikes,https://instagram.com/trekbikes/,https://www.youtube.com/user/trekbikesusa
Sierra Cyclesmith Bicycle Shop,7007 S Virginia St A  Reno  NV 89511  United States,7007 S Virginia St A,Reno,89511,Nevada,US,America/Los_Angeles,17758529253,,https://www.sierracyclesmith.com/,sierracyclesmith.com,1,Bicycle store,Bicycle repair shop,Yes,340,4.8,open,"Friday, 11 AM-7 PM; Saturday, 10 AM-5 PM; Sunday, Closed; Monday, 11 AM-7 PM; Tuesday, 11 AM-7 PM; Wednesday, 11 AM-7 PM; Thursday, 11 AM-7 PM; ",10 AM-5 PM,Closed,11 AM-7 PM,11 AM-7 PM,11 AM-7 PM,11 AM-7 PM,11 AM-7 PM,Lat 39.4629608,Lng -119.78268369999999,https://www.google.com/maps/place/?q=place_id:ChIJ9WJuI_w_mYAR23aOhUAK3sA,https://www.google.com/search?kgmid=/g/1tj852hx,https://lh5.googleusercontent.com/p/CIHM0ogKEICAgIDEn_CD5AE,"https://t1.gstatic.com/faviconV2?client=SOCIAL&type=FAVICON&fallback_opts=TYPE,SIZE,URL&url=https://www.sierracyclesmith.com/&size=48","https://search.google.com/local/reviews?placeid=ChIJ9WJuI_w_mYAR23aOhUAK3sA&q=bicycle+shop+near+Yerington,+Nevada,+USA&authuser=0&hl=en",17758529253,https://www.facebook.com/sierracyclesmith/, ,https://www.instagram.com/sierracyclesmith/,
Bike World,2320 E Flamingo Rd  Las Vegas  NV 89119  United States,2320 E Flamingo Rd,Las Vegas,89119,Nevada,US,America/Los_Angeles,17027357551,,http://bikeworldlv.com/,bikeworldlv.com,1,Bicycle store, ,Yes,269,4,open,"Friday, 10 AM-6 PM; Saturday, 10 AM-6 PM; Sunday, 10 AM-6 PM; Monday, 10 AM-6 PM; Tuesday, 10 AM-6 PM; Wednesday, 10 AM-6 PM; Thursday, 10 AM-6 PM; ",10 AM-6 PM,10 AM-6 PM,10 AM-6 PM,10 AM-6 PM,10 AM-6 PM,10 AM-6 PM,10 AM-6 PM,Lat 36.115192799999996,Lng -115.1201986,https://www.google.com/maps/place/?q=place_id:ChIJAdTUL-DEyIARPrFzzTjVtc8,https://www.google.com/search?kgmid=/g/1vnrqwy_,https://lh5.googleusercontent.com/p/CIHM0ogKEICAgIDEv5G_uQE,"https://t1.gstatic.com/faviconV2?client=SOCIAL&type=FAVICON&fallback_opts=TYPE,SIZE,URL&url=http://bikeworldlv.com/&size=48","https://search.google.com/local/reviews?placeid=ChIJAdTUL-DEyIARPrFzzTjVtc8&q=bicycle+shop+near+Boulder,+Nevada,+USA&authuser=0&hl=en",7027357551 | 702-735-7551 | (702) 254-1718,https://www.facebook.com/pages/Bike-World/126526480735330, ,,
Bikebrain,8660 W Cheyenne Ave Suite 110  Las Vegas  NV 89129  United States,8660 W Cheyenne Ave Suite 110,Las Vegas,89129,Nevada,US,America/Los_Angeles,17024626700,,http://bikebrainlv.com/,bikebrainlv.com,1,Bicycle store, ,Yes,95,4.9,open,"Friday, 10 AM-6 PM; Saturday, 12-5 PM; Sunday, Closed; Monday, Closed; Tuesday, 10 AM-6 PM; Wednesday, 10 AM-6 PM; Thursday, 10 AM-6 PM; ",12-5 PM,Closed,Closed,10 AM-6 PM,10 AM-6 PM,10 AM-6 PM,10 AM-6 PM,Lat 36.218896699999995,Lng -115.28385109999999,https://www.google.com/maps/place/?q=place_id:ChIJb0QeHpmVyIARgywwJqTtmFU,https://www.google.com/search?kgmid=/g/11k37_96_b,https://lh5.googleusercontent.com/p/AF1QipMVS3e_b1ffAJ3u4TloWmzjHc9FKxO4TdgzEj6j,"https://t1.gstatic.com/faviconV2?client=SOCIAL&type=FAVICON&fallback_opts=TYPE,SIZE,URL&url=http://bikebrainlv.com/&size=48","https://search.google.com/local/reviews?placeid=ChIJb0QeHpmVyIARgywwJqTtmFU&q=bicycle+shop+near+Las+Vegas,+Nevada,+USA&authuser=0&hl=en",7024626700,https://www.facebook.com/bikebrainlv, ,https://www.instagram.com/bikebrainlv/,
Trek Bicycle Las Vegas Rental Center,16 Cottonwood Dr B  Blue Diamond  NV 89004  United States,16 Cottonwood Dr B,Blue Diamond,89004,Nevada,US,America/Los_Angeles,17028754820,,https://www.trekbikes.com/us/en_US/retail/las_vegas_rental_center/?y_source=1_Mjc5MDQ3MTItNzE1LWxvY2F0aW9uLndlYnNpdGU%3D,trekbikes.com,1,Bicycle store,Bicycle rental service,Yes,367,4.9,open,"Friday, 8 AM-4 PM; Saturday, 8 AM-4 PM; Sunday, 8 AM-4 PM; Monday, 8 AM-4 PM; Tuesday, Closed; Wednesday, Closed; Thursday, 8 AM-4 PM; ",8 AM-4 PM,8 AM-4 PM,8 AM-4 PM,Closed,Closed,8 AM-4 PM,8 AM-4 PM,Lat 36.0469971,Lng -115.40710729999999,https://www.google.com/maps/place/?q=place_id:ChIJB0Qxm0u6yIARhhVqo3E5f7g,https://www.google.com/search?kgmid=/g/1td4_3p0,https://lh5.googleusercontent.com/p/CIHM0ogKEICAgICEhpjOqAE,"https://t1.gstatic.com/faviconV2?client=SOCIAL&type=FAVICON&fallback_opts=TYPE,SIZE,URL&url=https://www.trekbikes.com/us/en_US/retail/las_vegas_rental_center/?y_source=1_Mjc5MDQ3MTItNzE1LWxvY2F0aW9uLndlYnNpdGU%3D&size=48","https://search.google.com/local/reviews?placeid=ChIJB0Qxm0u6yIARhhVqo3E5f7g&q=bicycle+shop+near+West+Wendover,+Nevada,+USA&authuser=0&hl=en",,https://www.facebook.com/TrekBicycle,https://twitter.com/trekbikes,https://instagram.com/trekbikes/,https://www.youtube.com/user/trekbikesusa
GIZMO Cycling,3415 W Lake Mead Blvd STE 115  North Las Vegas  NV 89032  United States,3415 W Lake Mead Blvd STE 115,North Las Vegas,89032,Nevada,US,America/Los_Angeles,17023419004,,http://www.gizmocycling.com/,gizmocycling.com,1,Bicycle store, ,No,,,open,"Friday, 9 AM-4 PM; Saturday, Closed; Sunday, Closed; Monday, 9 AM-4 PM; Tuesday, 9 AM-4 PM; Wednesday, 9 AM-4 PM; Thursday, 9 AM-4 PM; ",Closed,Closed,9 AM-4 PM,9 AM-4 PM,9 AM-4 PM,9 AM-4 PM,9 AM-4 PM,Lat 36.1968654,Lng -115.18479389999999,https://www.google.com/maps/place/?q=place_id:ChIJC1nYDwDDyIARKmPjlI3WeAU,https://www.google.com/search?kgmid=/g/11y8259s6c,https://lh5.googleusercontent.com/p/CIHM0ogKEICAgIDXjImezwE,"https://t1.gstatic.com/faviconV2?client=SOCIAL&type=FAVICON&fallback_opts=TYPE,SIZE,URL&url=http://www.gizmocycling.com/&size=48", ,,https://www.facebook.com/gaernecyclingusa, ,,
Concept Electric Bikes,3633 Research Way #102  Carson City  NV 89706  United States,3633 Research Way #102,Carson City,89706,Nevada,US,America/Los_Angeles,17758852453,,https://conceptebikes.com/,conceptebikes.com,1,Bicycle store, ,Yes,15,4.3,open,"Friday, 7 AM-4 PM; Saturday, 7 AM-4 PM; Sunday, Closed; Monday, 7 AM-4 PM; Tuesday, 7 AM-4 PM; Wednesday, 7 AM-4 PM; Thursday, 7 AM-4 PM; ",7 AM-4 PM,Closed,7 AM-4 PM,7 AM-4 PM,7 AM-4 PM,7 AM-4 PM,7 AM-4 PM,Lat 39.191168999999995,Lng -119.75058399999999,https://www.google.com/maps/place/?q=place_id:ChIJcRjOh3oLmYAR1m744YPDVGI,https://www.google.com/search?kgmid=/g/11h8087smk,https://lh5.googleusercontent.com/p/AF1QipOrhZ62UMydQ0LTZNWRpH3yCTTvIe2aoi_Ludt5,"https://t1.gstatic.com/faviconV2?client=SOCIAL&type=FAVICON&fallback_opts=TYPE,SIZE,URL&url=https://conceptebikes.com/&size=48","https://search.google.com/local/reviews?placeid=ChIJcRjOh3oLmYAR1m744YPDVGI&q=bicycle+shop+near+Fallon,+Nevada,+USA&authuser=0&hl=en",,https://www.facebook.com/ConceptEBikes/, ,https://www.instagram.com/conceptebikes/,https://www.youtube.com/channel/UCz36y4OCFlz2KRa1SKi7F8w?app=desktop
RTC Bike Center,101 E Bonneville Ave  Las Vegas  NV 89101  United States,101 E Bonneville Ave,Las Vegas,89101,Nevada,US,America/Los_Angeles,17028754288,,https://www.rtcsnv.com/ways-to-travel/cycling/bike-center/,rtcsnv.com,1,Bicycle store,Bicycle repair shop,No,161,4.3,open,"Friday, 9 AM-5 PM; Saturday, 9 AM-5 PM; Sunday, Closed; Monday, 9 AM-5 PM; Tuesday, 9 AM-5 PM; Wednesday, 9 AM-5 PM; Thursday, 9 AM-5 PM; ",9 AM-5 PM,Closed,9 AM-5 PM,9 AM-5 PM,9 AM-5 PM,9 AM-5 PM,9 AM-5 PM,Lat 36.1646722,Lng -115.1490778,https://www.google.com/maps/place/?q=place_id:ChIJDcF0apnDyIAR8qBMR-xaBrs,https://www.google.com/search?kgmid=/g/1tdv_4vd,https://lh5.googleusercontent.com/p/CIHM0ogKEICAgIC4muPwzAE,"https://t1.gstatic.com/faviconV2?client=SOCIAL&type=FAVICON&fallback_opts=TYPE,SIZE,URL&url=https://www.rtcsnv.com/ways-to-travel/cycling/bike-center/&size=48","https://search.google.com/local/reviews?placeid=ChIJDcF0apnDyIAR8qBMR-xaBrs&q=bicycle+shop+near+Las+Vegas,+Nevada,+USA&authuser=0&hl=en",, , , , 
Playa eBikes,203 Corral Rd  Nixon  NV 89424  United States,203 Corral Rd,Nixon,89424,Nevada,US,America/Los_Angeles,17754471775,,https://playaebikes.com/,playaebikes.com,1,Bicycle store, ,Yes,19,4.2,open,"Friday, 8 AM-12 AM; Saturday, 8 AM-12 AM; Sunday, 8 AM-12 AM; Monday, 8 AM-12 AM; Tuesday, 8 AM-12 AM; Wednesday, 8 AM-12 AM; Thursday, 8 AM-12 AM; ",8 AM-12 AM,8 AM-12 AM,8 AM-12 AM,8 AM-12 AM,8 AM-12 AM,8 AM-12 AM,8 AM-12 AM,Lat 39.8308804,Lng -119.3606224,https://www.google.com/maps/place/?q=place_id:ChIJEQ2aazvVmIARSfX9FxyhijI,https://www.google.com/search?kgmid=/g/11vcv5hv48,https://lh5.googleusercontent.com/p/AF1QipMP8xz3ux5y0uIMU9Y8h8_hp4QOtVWs1Pecpi0-,"https://t1.gstatic.com/faviconV2?client=SOCIAL&type=FAVICON&fallback_opts=TYPE,SIZE,URL&url=https://playaebikes.com/&size=48","https://search.google.com/local/reviews?placeid=ChIJEQ2aazvVmIARSfX9FxyhijI&q=bicycle+shop+near+Fernley,+Nevada,+USA&authuser=0&hl=en",(775) 447-1775,https://www.facebook.com/playaebikes, ,https://www.instagram.com/playaebikes/,
T-Rix Bike Shop,1490 Idaho St  Elko  NV 89801  United States,1490 Idaho St,Elko,89801,Nevada,US,America/Los_Angeles,17757778804,,https://www.t-rixbikeshop.com/,t-rixbikeshop.com,1,Bicycle store, ,Yes,18,4.2,open,"Friday, 10 AM-5 PM; Saturday, 10 AM-3 PM; Sunday, Closed; Monday, Closed; Tuesday, 10 AM-5 PM; Wednesday, 10 AM-5 PM; Thursday, 10 AM-5 PM; ",10 AM-3 PM,Closed,Closed,10 AM-5 PM,10 AM-5 PM,10 AM-5 PM,10 AM-5 PM,Lat 40.8406133,Lng -115.7532636,https://www.google.com/maps/place/?q=place_id:ChIJg5IRvtMApoARAXoseBu7bpU,https://www.google.com/search?kgmid=/g/1tftlgkx,https://lh5.googleusercontent.com/p/cmu_hoJCAujwLJ5t5J3enQ,"https://t1.gstatic.com/faviconV2?client=SOCIAL&type=FAVICON&fallback_opts=TYPE,SIZE,URL&url=https://www.t-rixbikeshop.com/&size=48",https://search.google.com/local/reviews?placeid=ChIJg5IRvtMApoARAXoseBu7bpU&q=T-Rix+Bike+Shop&authuser=0&hl=en,, , ,,
The Bike Smith,900 N Carson St  Carson City  NV 89701  United States,900 N Carson St,Carson City,89701,Nevada,US,America/Los_Angeles,17758833210,,https://www.facebook.com/thebikesmithcc/,facebook.com,1,Bicycle store,Bicycle repair shop,Yes,106,4.7,open,"Friday, 10 AM-6 PM; Saturday, 10 AM-4 PM; Sunday, Closed; Monday, Closed; Tuesday, 10 AM-6 PM; Wednesday, 10 AM-6 PM; Thursday, 10 AM-6 PM; ",10 AM-4 PM,Closed,Closed,10 AM-6 PM,10 AM-6 PM,10 AM-6 PM,10 AM-6 PM,Lat 39.1694568,Lng -119.7673442,https://www.google.com/maps/place/?q=place_id:ChIJgdUHyKIKmYARaBDugkoQAKg,https://www.google.com/search?kgmid=/g/1tdvvkf8,https://lh5.googleusercontent.com/p/CIHM0ogKEICAgIDq0vbgCQ,"https://t1.gstatic.com/faviconV2?client=SOCIAL&type=FAVICON&fallback_opts=TYPE,SIZE,URL&url=https://www.facebook.com/thebikesmithcc/&size=48","https://search.google.com/local/reviews?placeid=ChIJgdUHyKIKmYARaBDugkoQAKg&q=bicycle+shop+near+Yerington,+Nevada,+USA&authuser=0&hl=en",,https://www.facebook.com/recover/initiate/?ars=facebook_login&cancel_lara_pswd=0&next=https%3A%2F%2Fwww.facebook.com%2Fthebikesmithcc%2F, ,https://l.facebook.com/l.php?u=https%3A%2F%2Fwww.instagram.com%2F&h=AT1fXi7UV85agbFLvWjClJFUbX5Im_RDgl22HW3FA_KlbTXXdUctRP7DpBKCENsnhd4JjQTuOYBIw9LD2C6YR0sJhD8CNlWbKRKwmpAbL4ccjX8iIVoFM9kep8GJOKuYuHnzGxYk1iT4gg75jBeR0WCQNrhTJOklqdY,
Trek Bicycle Las Vegas West,4035 S Fort Apache Rd  Las Vegas  NV 89147  United States,4035 S Fort Apache Rd,Las Vegas,89147,Nevada,US,America/Los_Angeles,17022528077,,https://www.trekbikes.com/us/en_US/retail/las_vegas_west/?y_source=1_Mjc5MDQ3MTMtNzE1LWxvY2F0aW9uLndlYnNpdGU%3D,trekbikes.com,1,Bicycle store,Bicycle repair shop,Yes,655,4.8,open,"Friday, 10 AM-6 PM; Saturday, 10 AM-6 PM; Sunday, 11 AM-5 PM; Monday, 10 AM-6 PM; Tuesday, 10 AM-6 PM; Wednesday, 10 AM-6 PM; Thursday, 10 AM-6 PM; ",10 AM-6 PM,11 AM-5 PM,10 AM-6 PM,10 AM-6 PM,10 AM-6 PM,10 AM-6 PM,10 AM-6 PM,Lat 36.1164886,Lng -115.29752649999999,https://www.google.com/maps/place/?q=place_id:ChIJh_mIPE2_yIAR3BJ_zxoB4jk,https://www.google.com/search?kgmid=/g/1tg6qd33,https://lh5.googleusercontent.com/p/CIHM0ogKEICAgIC426CECw,"https://t1.gstatic.com/faviconV2?client=SOCIAL&type=FAVICON&fallback_opts=TYPE,SIZE,URL&url=https://www.trekbikes.com/us/en_US/retail/las_vegas_west/?y_source=1_Mjc5MDQ3MTMtNzE1LWxvY2F0aW9uLndlYnNpdGU%3D&size=48","https://search.google.com/local/reviews?placeid=ChIJh_mIPE2_yIAR3BJ_zxoB4jk&q=bicycle+shop+near+West+Wendover,+Nevada,+USA&authuser=0&hl=en",,https://www.facebook.com/TrekBicycle,https://twitter.com/trekbikes,https://instagram.com/trekbikes/,https://www.youtube.com/user/trekbikesusa
Swanny's Cycles,2525 W Horizon Ridge Pkwy Suite 120  Henderson  NV 89052  United States,2525 W Horizon Ridge Pkwy Suite 120,Henderson,89052,Nevada,US,America/Los_Angeles,17024833500,,http://swannyscycles.com/,swannyscycles.com,1,Bicycle store,Bicycle repair shop,Yes,317,5,open,"Friday, 9 AM-6 PM; Saturday, 12-6 PM; Sunday, Closed; Monday, 9 AM-6 PM; Tuesday, 9 AM-6 PM; Wednesday, 9 AM-6 PM; Thursday, 9 AM-6 PM; ",12-6 PM,Closed,9 AM-6 PM,9 AM-6 PM,9 AM-6 PM,9 AM-6 PM,9 AM-6 PM,Lat 36.00542,Lng -115.0963862,https://www.google.com/maps/place/?q=place_id:ChIJH6eKqR3PyIARVG_1tNXwQSg,https://www.google.com/search?kgmid=/g/11pb18c5sd,https://lh5.googleusercontent.com/p/CIHM0ogKEICAgICR5smEDQ,"https://t1.gstatic.com/faviconV2?client=SOCIAL&type=FAVICON&fallback_opts=TYPE,SIZE,URL&url=http://swannyscycles.com/&size=48","https://search.google.com/local/reviews?placeid=ChIJH6eKqR3PyIARVG_1tNXwQSg&q=bicycle+shop+near+Fernley,+Nevada,+USA&authuser=0&hl=en",1-702-483-3500,https://www.facebook.com/SwannysCycles/, ,https://www.instagram.com/swannyscycles/,
Mountain Dog Cycling,6300 Mae Anne Ave Ste 6  Reno  NV 89523  United States,6300 Mae Anne Ave Ste 6,Reno,89523,Nevada,US,America/Los_Angeles,17757379007,,http://www.mountaindogcycling.com/,mountaindogcycling.com,1,Bicycle store,Bicycle repair shop,Yes,214,4.9,open,"Friday, 10 AM-6 PM; Saturday, 10 AM-5 PM; Sunday, Closed; Monday, Closed; Tuesday, 10 AM-6 PM; Wednesday, 10 AM-6 PM; Thursday, 10 AM-6 PM; ",10 AM-5 PM,Closed,Closed,10 AM-6 PM,10 AM-6 PM,10 AM-6 PM,10 AM-6 PM,Lat 39.527605799999996,Lng -119.88568529999999,https://www.google.com/maps/place/?q=place_id:ChIJhS0NsNBFmYAR3M35xixz2VA,https://www.google.com/search?kgmid=/g/11rgbv3mkm,https://lh5.googleusercontent.com/p/CIHM0ogKEICAgIDW0taFiwE,"https://t1.gstatic.com/faviconV2?client=SOCIAL&type=FAVICON&fallback_opts=TYPE,SIZE,URL&url=http://www.mountaindogcycling.com/&size=48","https://search.google.com/local/reviews?placeid=ChIJhS0NsNBFmYAR3M35xixz2VA&q=bicycle+shop+near+Fernley,+Nevada,+USA&authuser=0&hl=en",1-775-737-9007,https://www.facebook.com/mountaindogcycling/, ,https://www.instagram.com/mountaindogcycling/,
Giant Las Vegas,670 S Green Valley Pkwy Suite 130  Henderson  NV 89012  United States,670 S Green Valley Pkwy Suite 130,Henderson,89012,Nevada,US,America/Los_Angeles,17028442453,,http://www.giantlasvegas.com/,giantlasvegas.com,1,Bicycle store,Bicycle rental service,Yes,154,4.9,open,"Friday, 10 AM-6 PM; Saturday, 10 AM-5 PM; Sunday, 10 AM-5 PM; Monday, 10 AM-6 PM; Tuesday, 10 AM-6 PM; Wednesday, 10 AM-6 PM; Thursday, 10 AM-6 PM; ",10 AM-5 PM,10 AM-5 PM,10 AM-6 PM,10 AM-6 PM,10 AM-6 PM,10 AM-6 PM,10 AM-6 PM,Lat 36.0042857,Lng -115.0812196,https://www.google.com/maps/place/?q=place_id:ChIJi2s_KWjRyIARAaHAwUZTWlM,https://www.google.com/search?kgmid=/g/11p5610gsy,https://lh5.googleusercontent.com/p/AF1QipMQcPq25zi89EJXqD0OjINzBsOwo4FuD9rVXUrg,"https://t1.gstatic.com/faviconV2?client=SOCIAL&type=FAVICON&fallback_opts=TYPE,SIZE,URL&url=http://www.giantlasvegas.com/&size=48","https://search.google.com/local/reviews?placeid=ChIJi2s_KWjRyIARAaHAwUZTWlM&q=bicycle+shop+near+Boulder,+Nevada,+USA&authuser=0&hl=en",17028442453,https://www.facebook.com/GiantLasVegas/,https://twitter.com/GiantLasVegas,https://www.instagram.com/giantlasvegas/?hl=en,https://www.youtube.com/channel/UCDjA5-tbvGMO_ht83ZFNg-Q
Bike Habitat,CARSON VALLEY PLAZA  911 Topsy Ln #238  Carson City  NV 89705  United States,CARSON VALLEY PLAZA,Carson City,89705,Nevada,US,America/Los_Angeles,17752675053,,http://bikehabitat.com/,bikehabitat.com,1,Bicycle store, ,Yes,65,4.6,open,"Friday, 10 AM-5 PM; Saturday, 10 AM-5 PM; Sunday, Closed; Monday, Closed; Tuesday, 10 AM-5 PM; Wednesday, 10 AM-5 PM; Thursday, 10 AM-5 PM; ",10 AM-5 PM,Closed,Closed,10 AM-5 PM,10 AM-5 PM,10 AM-5 PM,10 AM-5 PM,Lat 39.1073051,Lng -119.77615979999999,https://www.google.com/maps/place/?q=place_id:ChIJieyd0sShmYARg1nVtxz28_c,https://www.google.com/search?kgmid=/g/1v8y48dq,https://lh5.googleusercontent.com/p/CIHM0ogKEICAgICEmP7o-QE,"https://t1.gstatic.com/faviconV2?client=SOCIAL&type=FAVICON&fallback_opts=TYPE,SIZE,URL&url=http://bikehabitat.com/&size=48","https://search.google.com/local/reviews?placeid=ChIJieyd0sShmYARg1nVtxz28_c&q=bicycle+shop+near+Yerington,+Nevada,+USA&authuser=0&hl=en",-6094,https://www.facebook.com/bikehabitat/, ,,
Reno Bike Project,216 E Grove St  Reno  NV 89502  United States,216 E Grove St,Reno,89502,Nevada,US,America/Los_Angeles,17753234488,,http://www.renobikeproject.org/,renobikeproject.org,1,Bicycle store,Bicycle repair shop,Yes,222,4.6,open,"Friday, 10 AM-6 PM; Saturday, 10 AM-5 PM; Sunday, Closed; Monday, Closed; Tuesday, 10 AM-5 PM; Wednesday, 10 AM-5 PM; Thursday, 10 AM-6 PM; ",10 AM-5 PM,Closed,Closed,10 AM-5 PM,10 AM-5 PM,10 AM-6 PM,10 AM-6 PM,Lat 39.5007124,Lng -119.79558979999999,https://www.google.com/maps/place/?q=place_id:ChIJj16Gj0tHmYARBmHrNf9BE1M,https://www.google.com/search?kgmid=/g/1tkp56v4,https://lh5.googleusercontent.com/p/AF1QipOQlqu2jD6Zbx9SGIXtDS5-b2QbGi6mWjIU6K8B,"https://t1.gstatic.com/faviconV2?client=SOCIAL&type=FAVICON&fallback_opts=TYPE,SIZE,URL&url=http://www.renobikeproject.org/&size=48","https://search.google.com/local/reviews?placeid=ChIJj16Gj0tHmYARBmHrNf9BE1M&q=bicycle+shop+near+Fernley,+Nevada,+USA&authuser=0&hl=en",,https://www.facebook.com/renobikeproject/, ,https://instagram.com/renobikeproject,
All Mountain Cyclery,8670 W Sunset Rd Studio H 130  Las Vegas  NV 89148  United States,8670 W Sunset Rd Studio H 130,Las Vegas,89148,Nevada,US,America/Los_Angeles,17024532453,,https://allmountaincyclery.com/,allmountaincyclery.com,1,Bicycle store, ,Yes,163,5,open,"Friday, 10 AM-6 PM; Saturday, 9 AM-6 PM; Sunday, 9 AM-4 PM; Monday, 10 AM-6 PM; Tuesday, 10 AM-6 PM; Wednesday, 10 AM-6 PM; Thursday, 10 AM-6 PM; ",9 AM-6 PM,9 AM-4 PM,10 AM-6 PM,10 AM-6 PM,10 AM-6 PM,10 AM-6 PM,10 AM-6 PM,Lat 36.0706999,Lng -115.28077619999999,https://www.google.com/maps/place/?q=place_id:ChIJj6fa_6LHyIARiUDqS2GXPGQ,https://www.google.com/search?kgmid=/g/11x5j181v3,https://lh5.googleusercontent.com/p/CIHM0ogKEICAgMDIzs7v3wE,"https://t1.gstatic.com/faviconV2?client=SOCIAL&type=FAVICON&fallback_opts=TYPE,SIZE,URL&url=https://allmountaincyclery.com/&size=48","https://search.google.com/local/reviews?placeid=ChIJj6fa_6LHyIARiUDqS2GXPGQ&q=bicycle+shop+near+Las+Vegas,+Nevada,+USA&authuser=0&hl=en",,https://facebook.com/allmountaincyclery, ,https://instagram.com/allmountaincyclery,
Bikes Etc,885 Sparks Blvd #200  Sparks  NV 89434  United States,885 Sparks Blvd #200,Sparks,89434,Nevada,US,America/Los_Angeles,17756223568,,http://misfitsports.com/,misfitsports.com,1,Bicycle store,Bicycle repair shop,Yes,24,4.8,open,"Friday, 11 AM-6 PM; Saturday, 11 AM-5 PM; Sunday, Closed; Monday, Closed; Tuesday, 11 AM-6 PM; Wednesday, 11 AM-6 PM; Thursday, 11 AM-6 PM; ",11 AM-5 PM,Closed,Closed,11 AM-6 PM,11 AM-6 PM,11 AM-6 PM,11 AM-6 PM,Lat 39.543365699999995,Lng -119.71582989999999,https://www.google.com/maps/place/?q=place_id:ChIJJarksiY_mYARCe1jFh-igpU,https://www.google.com/search?kgmid=/g/11rg32mjfm,https://lh5.googleusercontent.com/p/AF1QipNMLQFz6XQ93AJpgqnW0zaWrd07mukh4n3Jcf8,"https://t1.gstatic.com/faviconV2?client=SOCIAL&type=FAVICON&fallback_opts=TYPE,SIZE,URL&url=http://misfitsports.com/&size=48","https://search.google.com/local/reviews?placeid=ChIJJarksiY_mYARCe1jFh-igpU&q=bicycle+shop+near+Reno,+Nevada,+USA&authuser=0&hl=en",(775) 622-3568, , ,https://www.instagram.com/bikesetcreno/,
Kiwanis Activity Center and Bike Program,5305 Mill St  Reno  NV 89502  United States,5305 Mill St,Reno,89502,Nevada,US,America/Los_Angeles,17753371717,,http://www.kiwanisbikes.org/,kiwanisbikes.org,1,Bicycle store,Education center,Yes,129,4.8,open,"Friday, 1-5 PM; Saturday, 1-5 PM; Sunday, Closed; Monday, Closed; Tuesday, Closed; Wednesday, 1-5 PM; Thursday, 1-5 PM; ",1-5 PM,Closed,Closed,Closed,1-5 PM,1-5 PM,1-5 PM,Lat 39.513951399999996,Lng -119.74986369999999,https://www.google.com/maps/place/?q=place_id:ChIJKfp1JQ5HmYARSPVLMInMi3U,https://www.google.com/search?kgmid=/g/12hzskqm2,https://lh5.googleusercontent.com/p/CIHM0ogKEICAgIC9m4DF8gE,"https://t1.gstatic.com/faviconV2?client=SOCIAL&type=FAVICON&fallback_opts=TYPE,SIZE,URL&url=http://www.kiwanisbikes.org/&size=48","https://search.google.com/local/reviews?placeid=ChIJKfp1JQ5HmYARSPVLMInMi3U&q=bicycle+shop+near+Fernley,+Nevada,+USA&authuser=0&hl=en",,https://www.facebook.com/pages/Kiwanis-Bike-Program/268031204448, ,,
Giant Las Vegas,9345 S Cimarron Rd Suite 100  Las Vegas  NV 89178  United States,9345 S Cimarron Rd Suite 100,Las Vegas,89178,Nevada,US,America/Los_Angeles,17028442453,,http://www.giantlasvegas.com/,giantlasvegas.com,1,Bicycle store,Bicycle rack,Yes,261,4.7,open,"Friday, 10 AM-6 PM; Saturday, 10 AM-5 PM; Sunday, 10 AM-5 PM; Monday, 10 AM-6 PM; Tuesday, 10 AM-6 PM; Wednesday, 10 AM-6 PM; Thursday, 10 AM-6 PM; ",10 AM-5 PM,10 AM-5 PM,10 AM-6 PM,10 AM-6 PM,10 AM-6 PM,10 AM-6 PM,10 AM-6 PM,Lat 36.0185143,Lng -115.27065449999999,https://www.google.com/maps/place/?q=place_id:ChIJL0zeQD3IyIARdoSBPdVYKV0,https://www.google.com/search?kgmid=/g/11c5_4q9fb,https://lh5.googleusercontent.com/p/CIHM0ogKEICAgICRkpydXw,"https://t1.gstatic.com/faviconV2?client=SOCIAL&type=FAVICON&fallback_opts=TYPE,SIZE,URL&url=http://www.giantlasvegas.com/&size=48","https://search.google.com/local/reviews?placeid=ChIJL0zeQD3IyIARdoSBPdVYKV0&q=bicycle+shop+near+Las+Vegas,+Nevada,+USA&authuser=0&hl=en",17028442453,https://www.facebook.com/GiantLasVegas/,https://twitter.com/GiantLasVegas,https://www.instagram.com/giantlasvegas/?hl=en,https://www.youtube.com/channel/UCDjA5-tbvGMO_ht83ZFNg-Q
3D Bike Fit Reno,10467 Double R Blvd  Reno  NV 89521  United States,10467 Double R Blvd,Reno,89521,Nevada,US,America/Los_Angeles,17754606619,,http://www.3dbikefit.com/,3dbikefit.com,1,Bicycle store, ,Yes,,,open,"Friday, 12-7 PM; Saturday, Closed; Sunday, Closed; Monday, 12-7 PM; Tuesday, 12-7 PM; Wednesday, 12-7 PM; Thursday, 12-7 PM; ",Closed,Closed,12-7 PM,12-7 PM,12-7 PM,12-7 PM,12-7 PM,Lat 39.4301941,Lng -119.755085,https://www.google.com/maps/place/?q=place_id:ChIJLQT53VUVmYARH7gses0_CnY,https://www.google.com/search?kgmid=/g/11tmfmkwzj,https://lh5.googleusercontent.com/p/D6kkIEZCW4KdQItQMeYWnQ,"https://t1.gstatic.com/faviconV2?client=SOCIAL&type=FAVICON&fallback_opts=TYPE,SIZE,URL&url=http://www.3dbikefit.com/&size=48", ,, , ,,
Black Rock Bicycles,7875 N Virginia St  Reno  NV 89506  United States,7875 N Virginia St,Reno,89506,Nevada,US,America/Los_Angeles,17759723336,,http://www.blackrockbicycles.com/,blackrockbicycles.com,1,Bicycle store,Bicycle repair shop,Yes,91,4.6,open,"Saturday, 10 AM-6 PM; Sunday, Closed; Monday, Closed; Tuesday, 10 AM-6 PM; Wednesday, 10 AM-6 PM; Thursday, 10 AM-6 PM; Friday, 10 AM-6 PM; ",10 AM-6 PM,Closed,Closed,10 AM-6 PM,10 AM-6 PM,10 AM-6 PM,10 AM-6 PM,Lat 39.5995486,Lng -119.8436679,https://www.google.com/maps/place/?q=place_id:ChIJMaQNh15ImYARe7EyWm5l1_w,https://www.google.com/search?kgmid=/g/1td_byb0,https://lh5.googleusercontent.com/p/AF1QipO1rorWQS9ioHSq7ZOw9mQnl6GXjb818Tv5UQJE,"https://t1.gstatic.com/faviconV2?client=SOCIAL&type=FAVICON&fallback_opts=TYPE,SIZE,URL&url=http://www.blackrockbicycles.com/&size=48","https://search.google.com/local/reviews?placeid=ChIJMaQNh15ImYARe7EyWm5l1_w&q=bicycle+shop+near+Lovelock,+Nevada,+USA&authuser=0&hl=en",,https://www.facebook.com/,https://twitter.com/,https://instagram.com/,
Riders Ready Bike Shop LLC,445 W Craig Rd #109  North Las Vegas  NV 89032  United States,445 W Craig Rd #109,North Las Vegas,89032,Nevada,US,America/Los_Angeles,17026242401,,http://www.riderrsreadybikeshop.com/,riderrsreadybikeshop.com,1,Bicycle store,Repair service,Yes,50,4.8,open,"Friday, 11 AM-7 PM; Saturday, 12-6 PM; Sunday, Closed; Monday, 11 AM-7 PM; Tuesday, 11 AM-7 PM; Wednesday, 11 AM-7 PM; Thursday, 11 AM-7 PM; ",12-6 PM,Closed,11 AM-7 PM,11 AM-7 PM,11 AM-7 PM,11 AM-7 PM,11 AM-7 PM,Lat 36.2389994,Lng -115.14671849999999,https://www.google.com/maps/place/?q=place_id:ChIJmfTD9gDpyIARRkl1J4GHB-g,https://www.google.com/search?kgmid=/g/11j1sqqk42,https://lh5.googleusercontent.com/p/AF1QipMmvdYt-KizKT8-R_VaJPlPjyNia8OjYVHeaonO,"https://t1.gstatic.com/faviconV2?client=SOCIAL&type=FAVICON&fallback_opts=TYPE,SIZE,URL&url=http://www.riderrsreadybikeshop.com/&size=48","https://search.google.com/local/reviews?placeid=ChIJmfTD9gDpyIARRkl1J4GHB-g&q=bicycle+shop+near+Las+Vegas,+Nevada,+USA&authuser=0&hl=en",, , ,,
Mountain Top Sports,11000 Mt Rose Hwy  Reno  NV 89511  United States,11000 Mt Rose Hwy,Reno,89511,Nevada,US,America/Los_Angeles,17758521300,,https://mtntopsports.net/,mtntopsports.net,1,Bicycle store,Bicycle rental service,Yes,118,4.2,open,"Friday, 8 AM-6 PM; Saturday, 8 AM-6 PM; Sunday, 8 AM-4 PM; Monday, 8 AM-4 PM; Tuesday, 8 AM-4 PM; Wednesday, 8 AM-4 PM; Thursday, 8 AM-4 PM; ",8 AM-6 PM,8 AM-4 PM,8 AM-4 PM,8 AM-4 PM,8 AM-4 PM,8 AM-4 PM,8 AM-6 PM,Lat 39.337233,Lng -119.87144099999999,https://www.google.com/maps/place/?q=place_id:ChIJncGhGCNsmYAR9Uylobv9DHE,https://www.google.com/search?kgmid=/g/1w455w5f,https://lh5.googleusercontent.com/p/CIHM0ogKEICAgICLouzYVw,"https://t1.gstatic.com/faviconV2?client=SOCIAL&type=FAVICON&fallback_opts=TYPE,SIZE,URL&url=https://mtntopsports.net/&size=48","https://search.google.com/local/reviews?placeid=ChIJncGhGCNsmYAR9Uylobv9DHE&q=bicycle+shop+near+Reno,+Nevada,+USA&authuser=0&hl=en",775-852-1300, , ,https://www.instagram.com/mtntopsports/,
Carson City Bike Shop Concept E-Bikes,3633 Research Way #102  Carson City  NV 89706  United States,3633 Research Way #102,Carson City,89706,Nevada,US,America/Los_Angeles,17758852453,,https://carsoncitybikeshop.com/,carsoncitybikeshop.com,1,Bicycle store,Used bicycle shop,Yes,97,3.4,open,"Friday, 7 AM-4 PM; Saturday, 7 AM-4 PM; Sunday, Closed; Monday, 7 AM-4 PM; Tuesday, 7 AM-4 PM; Wednesday, 7 AM-4 PM; Thursday, 7 AM-4 PM; ",7 AM-4 PM,Closed,7 AM-4 PM,7 AM-4 PM,7 AM-4 PM,7 AM-4 PM,7 AM-4 PM,Lat 39.191168999999995,Lng -119.75058399999999,https://www.google.com/maps/place/?q=place_id:ChIJO3GWY9-hmYAR6reGUxom-7k,https://www.google.com/search?kgmid=/g/11lfq8k_x_,https://lh5.googleusercontent.com/p/CIHM0ogKEICAgIChivHBGQ,"https://t1.gstatic.com/faviconV2?client=SOCIAL&type=FAVICON&fallback_opts=TYPE,SIZE,URL&url=https://carsoncitybikeshop.com/&size=48","https://search.google.com/local/reviews?placeid=ChIJO3GWY9-hmYAR6reGUxom-7k&q=bicycle+shop+near+Yerington,+Nevada,+USA&authuser=0&hl=en",775-885-BIKE, , ,,
Trek Bicycle Henderson,19 S Stephanie St Ste 100  Henderson  NV 89012  United States,19 S Stephanie St Ste 100,Henderson,89012,Nevada,US,America/Los_Angeles,17028003636,,https://www.trekbikes.com/us/en_US/retail/henderson/?y_source=1_Mjc5MDQ3MTEtNzE1LWxvY2F0aW9uLndlYnNpdGU%3D,trekbikes.com,1,Bicycle store,Bicycle repair shop,Yes,694,4.8,open,"Friday, 10 AM-6 PM; Saturday, 10 AM-6 PM; Sunday, 12-5 PM; Monday, 10 AM-6 PM; Tuesday, 10 AM-6 PM; Wednesday, 10 AM-6 PM; Thursday, 10 AM-6 PM; ",10 AM-6 PM,12-5 PM,10 AM-6 PM,10 AM-6 PM,10 AM-6 PM,10 AM-6 PM,10 AM-6 PM,Lat 36.0281729,Lng -115.04887869999999,https://www.google.com/maps/place/?q=place_id:ChIJqdn3hZ_RyIARvw0QQtoXZFY,https://www.google.com/search?kgmid=/g/1jkxyxs9q,https://lh5.googleusercontent.com/p/CIHM0ogKEICAgICkgP-OZg,"https://t1.gstatic.com/faviconV2?client=SOCIAL&type=FAVICON&fallback_opts=TYPE,SIZE,URL&url=https://www.trekbikes.com/us/en_US/retail/henderson/?y_source=1_Mjc5MDQ3MTEtNzE1LWxvY2F0aW9uLndlYnNpdGU%3D&size=48","https://search.google.com/local/reviews?placeid=ChIJqdn3hZ_RyIARvw0QQtoXZFY&q=bicycle+shop+near+Boulder,+Nevada,+USA&authuser=0&hl=en",,https://www.facebook.com/TrekBicycle,https://twitter.com/trekbikes,https://instagram.com/trekbikes/,https://www.youtube.com/user/trekbikesusa
All Mountain Cyclery,1601 Boulder City Pkwy  Boulder City  NV 89005  United States,1601 Boulder City Pkwy,Boulder City,89005,Nevada,US,America/Los_Angeles,17024532453,,http://www.allmountaincyclery.com/,allmountaincyclery.com,1,Bicycle store, ,No,317,4.7,open,"Friday, 10 AM-6 PM; Saturday, 9 AM-6 PM; Sunday, Closed; Monday, 10 AM-6 PM; Tuesday, 10 AM-6 PM; Wednesday, 10 AM-6 PM; Thursday, 10 AM-6 PM; ",9 AM-6 PM,Closed,10 AM-6 PM,10 AM-6 PM,10 AM-6 PM,10 AM-6 PM,10 AM-6 PM,Lat 35.9692547,Lng -114.85501099999999,https://www.google.com/maps/place/?q=place_id:ChIJQzximSwryYARlDvCwsmRP4M,https://www.google.com/search?kgmid=/g/1tf65rvk,https://lh5.googleusercontent.com/p/CIHM0ogKEICAgICOg8rb4wE,"https://t1.gstatic.com/faviconV2?client=SOCIAL&type=FAVICON&fallback_opts=TYPE,SIZE,URL&url=http://www.allmountaincyclery.com/&size=48","https://search.google.com/local/reviews?placeid=ChIJQzximSwryYARlDvCwsmRP4M&q=bicycle+shop+near+Boulder,+Nevada,+USA&authuser=0&hl=en",,https://facebook.com/allmountaincyclery, ,https://instagram.com/allmountaincyclery,
High Sierra Cycling,1141 Steamboat Pkwy #920  Reno  NV 89521  United States,1141 Steamboat Pkwy #920,Reno,89521,Nevada,US,America/Los_Angeles,17758528850,,http://highsierracycling.com/,highsierracycling.com,1,Bicycle store,Bicycle rental service,Yes,81,4.4,open,"Friday, 10 AM-6 PM; Saturday, 10 AM-5 PM; Sunday, 10 AM-4 PM; Monday, 12-6 PM; Tuesday, Closed; Wednesday, 10 AM-6 PM; Thursday, 10 AM-6 PM; ",10 AM-5 PM,10 AM-4 PM,12-6 PM,Closed,10 AM-6 PM,10 AM-6 PM,10 AM-6 PM,Lat 39.4238137,Lng -119.73838389999999,https://www.google.com/maps/place/?q=place_id:ChIJr81lwVkUmYARghRuPDYLA60,https://www.google.com/search?kgmid=/g/1tgn9w3q,https://lh5.googleusercontent.com/p/AF1QipMCs2U5bD1hib98KtQm3DMtsNsAsLzcHu6vHBg,"https://t1.gstatic.com/faviconV2?client=SOCIAL&type=FAVICON&fallback_opts=TYPE,SIZE,URL&url=http://highsierracycling.com/&size=48","https://search.google.com/local/reviews?placeid=ChIJr81lwVkUmYARghRuPDYLA60&q=bicycle+shop+near+Yerington,+Nevada,+USA&authuser=0&hl=en",, , ,,
Giant Las Vegas,2283 N Rampart Blvd  Las Vegas  NV 89128  United States,2283 N Rampart Blvd,Las Vegas,89128,Nevada,US,America/Los_Angeles,17028442453,,http://www.giantlasvegas.com/,giantlasvegas.com,1,Bicycle store,Bicycle rack,Yes,249,4.8,open,"Friday, 10 AM-6 PM; Saturday, 10 AM-5 PM; Sunday, 10 AM-5 PM; Monday, 10 AM-6 PM; Tuesday, 10 AM-6 PM; Wednesday, 10 AM-6 PM; Thursday, 10 AM-6 PM; ",10 AM-5 PM,10 AM-5 PM,10 AM-6 PM,10 AM-6 PM,10 AM-6 PM,10 AM-6 PM,10 AM-6 PM,Lat 36.201409999999996,Lng -115.281435,https://www.google.com/maps/place/?q=place_id:ChIJTQMFDaDryIAR6OsHu9Pk4L0,https://www.google.com/search?kgmid=/g/11gjw98s67,https://lh5.googleusercontent.com/p/CIHM0ogKEICAgIC4ytSpdQ,"https://t1.gstatic.com/faviconV2?client=SOCIAL&type=FAVICON&fallback_opts=TYPE,SIZE,URL&url=http://www.giantlasvegas.com/&size=48","https://search.google.com/local/reviews?placeid=ChIJTQMFDaDryIAR6OsHu9Pk4L0&q=bicycle+shop+near+Las+Vegas,+Nevada,+USA&authuser=0&hl=en",17028442453,https://www.facebook.com/GiantLasVegas/,https://twitter.com/GiantLasVegas,https://www.instagram.com/giantlasvegas/?hl=en,https://www.youtube.com/channel/UCDjA5-tbvGMO_ht83ZFNg-Q
Pahrump Cyclery - VeloBazaar.com,1640 N Woodchips Rd  Pahrump  NV 89060  United States,1640 N Woodchips Rd,Pahrump,89060,Nevada,US,America/Los_Angeles,17025829149,,https://www.velobazaar.com/,velobazaar.com,1,Bicycle store,Bicycle rental service,Yes,110,5,open,"Saturday, Closed; Sunday, Closed; Monday, 9 AM-4 PM; Tuesday, 9 AM-4 PM; Wednesday, 9 AM-4 PM; Thursday, 9 AM-4 PM; Friday, 9-11 AM; ",Closed,Closed,9 AM-4 PM,9 AM-4 PM,9 AM-4 PM,9 AM-4 PM,9-11 AM,Lat 36.2437531,Lng -116.0600209,https://www.google.com/maps/place/?q=place_id:ChIJtUs2qttJxoARSxfVizboYv8,https://www.google.com/search?kgmid=/g/11k592vdln,https://lh5.googleusercontent.com/p/AF1QipMZeu12_VWzk5yMnDouRKGcgyORxQ5xYJj5PfRW,"https://t1.gstatic.com/faviconV2?client=SOCIAL&type=FAVICON&fallback_opts=TYPE,SIZE,URL&url=https://www.velobazaar.com/&size=48","https://search.google.com/local/reviews?placeid=ChIJtUs2qttJxoARSxfVizboYv8&q=bicycle+shop+near+Lovelock,+Nevada,+USA&authuser=0&hl=en",,https://www.facebook.com/profile.php?id=100086306018834, ,https://www.instagram.com/velobazaar/,https://www.youtube.com/@VeloBazaar74
Pedal Sports Reno-Sparks,1278 Disc Dr  Sparks  NV 89436  United States,1278 Disc Dr,Sparks,89436,Nevada,US,America/Los_Angeles,17755074494,,https://www.pedalsportsrenosparks.com/,pedalsportsrenosparks.com,1,Bicycle store,Bicycle repair shop,Yes,54,4.7,open,"Friday, 10 AM-6 PM; Saturday, 10 AM-5 PM; Sunday, Closed; Monday, Closed; Tuesday, 10 AM-6 PM; Wednesday, 10 AM-6 PM; Thursday, 10 AM-6 PM; ",10 AM-5 PM,Closed,Closed,10 AM-6 PM,10 AM-6 PM,10 AM-6 PM,10 AM-6 PM,Lat 39.577524,Lng -119.722162,https://www.google.com/maps/place/?q=place_id:ChIJ-W1pdhM5mYARUpkAEEWpK_U,https://www.google.com/search?kgmid=/g/11dzt20xtq,https://lh5.googleusercontent.com/p/AF1QipNCyxxPFWCDmM0EunDupKLq2LxBGraNtrzWs3Pb,"https://t1.gstatic.com/faviconV2?client=SOCIAL&type=FAVICON&fallback_opts=TYPE,SIZE,URL&url=https://www.pedalsportsrenosparks.com/&size=48","https://search.google.com/local/reviews?placeid=ChIJ-W1pdhM5mYARUpkAEEWpK_U&q=bicycle+shop+near+Fernley,+Nevada,+USA&authuser=0&hl=en",775-507-4494,https://www.facebook.com/GiantRenoSparks/, ,https://instagram.com/giantbikesreno,
Great Basin Bicycles,8048 S Virginia St  Reno  NV 89511  United States,8048 S Virginia St,Reno,89511,Nevada,US,America/Los_Angeles,17758258258,,http://greatbasinbicycles.com/,greatbasinbicycles.com,1,Bicycle store,Bicycle repair shop,Yes,98,4.7,open,"Friday, 10 AM-6 PM; Saturday, 10 AM-5 PM; Sunday, Closed; Monday, 10 AM-6 PM; Tuesday, 10 AM-6 PM; Wednesday, 10 AM-6 PM; Thursday, 10 AM-6 PM; ",10 AM-5 PM,Closed,10 AM-6 PM,10 AM-6 PM,10 AM-6 PM,10 AM-6 PM,10 AM-6 PM,Lat 39.4547646,Lng -119.77738559999999,https://www.google.com/maps/place/?q=place_id:ChIJW4N6f1AVmYAR0Cc66XyOOng,https://www.google.com/search?kgmid=/g/1tdkmgs0,https://lh5.googleusercontent.com/p/CIHM0ogKEICAgICSlcro7QE,"https://t1.gstatic.com/faviconV2?client=SOCIAL&type=FAVICON&fallback_opts=TYPE,SIZE,URL&url=http://greatbasinbicycles.com/&size=48","https://search.google.com/local/reviews?placeid=ChIJW4N6f1AVmYAR0Cc66XyOOng&q=bicycle+shop+near+Fernley,+Nevada,+USA&authuser=0&hl=en",,http://www.facebook.com/10210892981541147, ,,https://www.youtube.com/channel/UCsuJXZVTBiqucRKp3yZYR_g
Worldwide Cyclery,165 Design Place Suite 105  Sparks  NV 89441  United States,165 Design Place Suite 105,Sparks,89441,Nevada,US,America/Los_Angeles,18053754525,,https://www.worldwidecyclery.com/,worldwidecyclery.com,1,Bicycle store, ,Yes,1741,4.9,open,"Friday, 9 AM-4 PM; Saturday, Closed; Sunday, Closed; Monday, 9 AM-5 PM; Tuesday, 9 AM-5 PM; Wednesday, 9 AM-5 PM; Thursday, 9 AM-4 PM; ",Closed,Closed,9 AM-5 PM,9 AM-5 PM,9 AM-5 PM,9 AM-4 PM,9 AM-4 PM,Lat 39.6771278,Lng -119.7109603,https://www.google.com/maps/place/?q=place_id:ChIJwSwnjo03mYARYgUbPLXhQS0,https://www.google.com/search?kgmid=/g/11fp8qmf_1,https://lh5.googleusercontent.com/p/AF1QipMx-sZT8ka-NilBvk1fZcU4OJVy51c5eQ-LiJvB,"https://t1.gstatic.com/faviconV2?client=SOCIAL&type=FAVICON&fallback_opts=TYPE,SIZE,URL&url=https://www.worldwidecyclery.com/&size=48","https://search.google.com/local/reviews?placeid=ChIJwSwnjo03mYARYgUbPLXhQS0&q=bicycle+shop+near+Reno,+Nevada,+USA&authuser=0&hl=en",1-805-375-4525,https://www.facebook.com/worldwidecyclery, ,http://instagram.com/worldwidecyclery,https://www.youtube.com/c/Worldwidecyclery
Free Lap Collective,55 Foothill Rd #2  Reno  NV 89511  United States,55 Foothill Rd #2,Reno,89511,Nevada,US,America/Los_Angeles,17754205016,,https://freelap.cc/,freelap.cc,1,Bicycle store,Bicycle club,Yes,12,5,open,"Friday, 11 AM-6 PM; Saturday, 11 AM-5 PM; Sunday, Closed; Monday, Closed; Tuesday, 11 AM-6 PM; Wednesday, 11 AM-6 PM; Thursday, 11 AM-6 PM; ",11 AM-5 PM,Closed,Closed,11 AM-6 PM,11 AM-6 PM,11 AM-6 PM,11 AM-6 PM,Lat 39.4398876,Lng -119.77196339999999,https://www.google.com/maps/place/?q=place_id:ChIJyVdCASNbmYARRh59jM_gZAA,https://www.google.com/search?kgmid=/g/11ssqhxdv2,https://lh5.googleusercontent.com/p/AF1QipOVQ23alF_xrelXWeRPAH4y4Ta3FEA5Ua6rGZk3,"https://t1.gstatic.com/faviconV2?client=SOCIAL&type=FAVICON&fallback_opts=TYPE,SIZE,URL&url=https://freelap.cc/&size=48","https://search.google.com/local/reviews?placeid=ChIJyVdCASNbmYARRh59jM_gZAA&q=bicycle+shop+near+Reno,+Nevada,+USA&authuser=0&hl=en",, , ,https://www.instagram.com/freelap.cc/,
Universal Cycles,1360 Greg St suite 101-102  Sparks  NV 89431  United States,1360 Greg St suite 101-102,Sparks,89431,Nevada,US,America/Los_Angeles,18009365156,,https://www.universalcycles.com/,universalcycles.com,1,Bicycle store, ,Yes,5,3.4,open,"Friday, Open 24 hours; Saturday, Open 24 hours; Sunday, Open 24 hours; Monday, Open 24 hours; Tuesday, Open 24 hours; Wednesday, Open 24 hours; Thursday, Open 24 hours; ",Open 24 hours,Open 24 hours,Open 24 hours,Open 24 hours,Open 24 hours,Open 24 hours,Open 24 hours,Lat 39.524152699999995,Lng -119.75994929999999,https://www.google.com/maps/place/?q=place_id:ChIJZRFc3z0_mYARSHZM_FIb_Ys,https://www.google.com/search?kgmid=/g/11gl2v4y80,https://lh5.googleusercontent.com/p/--4fZ9TTxoE404aiSPkf9Q,"https://t1.gstatic.com/faviconV2?client=SOCIAL&type=FAVICON&fallback_opts=TYPE,SIZE,URL&url=https://www.universalcycles.com/&size=48","https://search.google.com/local/reviews?placeid=ChIJZRFc3z0_mYARSHZM_FIb_Ys&q=bicycle+shop+near+Reno,+Nevada,+USA&authuser=0&hl=en",, , ,,
Frey EMTB,Frey Bike  3111 S Valley View Blvd ste r101  Las Vegas  NV 89102  United States,Frey Bike,Las Vegas,89102,Nevada,US,America/Los_Angeles,,,https://www.frey.bike/,frey.bike,1,Bicycle wholesaler, ,Yes,,,open,"Friday, 10 AM-4 PM; Saturday, Closed; Sunday, Closed; Monday, 10 AM-4 PM; Tuesday, 10 AM-4 PM; Wednesday, 10 AM-4 PM; Thursday, 10 AM-4 PM; ",Closed,Closed,10 AM-4 PM,10 AM-4 PM,10 AM-4 PM,10 AM-4 PM,10 AM-4 PM,Lat 36.1308576,Lng -115.1911592,https://www.google.com/maps/place/?q=place_id:ChIJJxY4NEXHyIARo0b6tgf1jz0,https://www.google.com/search?kgmid=/g/11v0nrbyb0,https://lh5.googleusercontent.com/p/AF1QipNfdJLLOfdoyVouARMjuEhBdhlSppk4v9gORKQb,"https://t1.gstatic.com/faviconV2?client=SOCIAL&type=FAVICON&fallback_opts=TYPE,SIZE,URL&url=https://www.frey.bike/&size=48", ,,https://www.facebook.com/freybike/,https://twitter.com/FreyEbike,https://www.instagram.com/freybike/,https://www.youtube.com/c/FREYBIKE
Radical eBikes,3230 Polaris Ave Suite 13  Las Vegas  NV 89102  United States,3230 Polaris Ave Suite 13,Las Vegas,89102,Nevada,US,America/Los_Angeles,17024058209,,https://www.radical-ebikes.com/,radical-ebikes.com,1,Electric bicycle store,Bicycle repair shop,Yes,20,4.6,open,"Friday, 9 AM-3 PM; Saturday, 9 AM-3 PM; Sunday, 9 AM-3 PM; Monday, Closed; Tuesday, Closed; Wednesday, 9 AM-3 PM; Thursday, 9 AM-3 PM; ",9 AM-3 PM,9 AM-3 PM,Closed,Closed,9 AM-3 PM,9 AM-3 PM,9 AM-3 PM,Lat 36.1309456,Lng -115.1864148,https://www.google.com/maps/place/?q=place_id:ChIJARnW5wPHyIARN1lZ2zhPNMw,https://www.google.com/search?kgmid=/g/11rypjwmyj,https://lh5.googleusercontent.com/p/AF1QipOLY5L_p9yJj9DDpgN3LN0OYJsjVWFGkBAk3re8,"https://t1.gstatic.com/faviconV2?client=SOCIAL&type=FAVICON&fallback_opts=TYPE,SIZE,URL&url=https://www.radical-ebikes.com/&size=48","https://search.google.com/local/reviews?placeid=ChIJARnW5wPHyIARN1lZ2zhPNMw&q=bicycle+shop+near+Las+Vegas,+Nevada,+USA&authuser=0&hl=en",, , ,,
REI,2220 Village Walk Dr Suite 150  Henderson  NV 89052  United States,2220 Village Walk Dr Suite 150,Henderson,89052,Nevada,US,America/Los_Angeles,17028967111,,https://www.rei.com/stores/henderson?y_source=1_MTQ1MzQxNy03MTUtbG9jYXRpb24ud2Vic2l0ZQ==,rei.com,1,Bicycle repair shop,,Yes,490,4.5,open,"Friday, 10 AM-9 PM; Saturday, 10 AM-9 PM; Sunday, 10 AM-7 PM; Monday, 10 AM-9 PM; Tuesday, 10 AM-9 PM; Wednesday, 10 AM-9 PM; Thursday, 10 AM-9 PM; ",10 AM-9 PM,10 AM-7 PM,10 AM-9 PM,10 AM-9 PM,10 AM-9 PM,10 AM-9 PM,10 AM-9 PM,Lat 36.022031999999996,Lng -115.085802,https://www.google.com/maps/place/?q=place_id:ChIJJX04wN3RyIARF2eFpNbbVwM,https://www.google.com/search?kgmid=/g/1tj465q0,https://lh5.googleusercontent.com/p/CIHM0ogKEICAgICEyc21DA,"https://t1.gstatic.com/faviconV2?client=SOCIAL&type=FAVICON&fallback_opts=TYPE,SIZE,URL&url=https://www.rei.com/stores/henderson?y_source=1_MTQ1MzQxNy03MTUtbG9jYXRpb24ud2Vic2l0ZQ==&size=48","https://search.google.com/local/reviews?placeid=ChIJJX04wN3RyIARF2eFpNbbVwM&q=bicycle+shop+near+Boulder,+Nevada,+USA&authuser=0&hl=en",+17028967111 | 7029514488,https://www.facebook.com/REI/, ,https://www.instagram.com/rei/,https://www.youtube.com/user/reifindout/
REI,710 S Rampart Blvd  Las Vegas  NV 89145  United States,710 S Rampart Blvd,Las Vegas,89145,Nevada,US,America/Los_Angeles,17029514488,,https://www.rei.com/stores/las-vegas-boca-park?y_source=1_MTQ1MzQ3Mi03MTUtbG9jYXRpb24ud2Vic2l0ZQ==,rei.com,1,Bicycle repair shop,,Yes,634,4.5,open,"Friday, 10 AM-9 PM; Saturday, 10 AM-9 PM; Sunday, 10 AM-7 PM; Monday, 10 AM-9 PM; Tuesday, 10 AM-9 PM; Wednesday, 10 AM-9 PM; Thursday, 10 AM-9 PM; ",10 AM-9 PM,10 AM-7 PM,10 AM-9 PM,10 AM-9 PM,10 AM-9 PM,10 AM-9 PM,10 AM-9 PM,Lat 36.163115,Lng -115.2879645,https://www.google.com/maps/place/?q=place_id:ChIJt0HlZYa_yIARDlKZIAqnDk0,https://www.google.com/search?kgmid=/g/1tsjdy31,https://lh5.googleusercontent.com/p/CIHM0ogKEICAgIC-8cGY5gE,"https://t1.gstatic.com/faviconV2?client=SOCIAL&type=FAVICON&fallback_opts=TYPE,SIZE,URL&url=https://www.rei.com/stores/las-vegas-boca-park?y_source=1_MTQ1MzQ3Mi03MTUtbG9jYXRpb24ud2Vic2l0ZQ==&size=48","https://search.google.com/local/reviews?placeid=ChIJt0HlZYa_yIARDlKZIAqnDk0&q=bicycle+shop+near+Las+Vegas,+Nevada,+USA&authuser=0&hl=en",+17029514488 | 7028967111,https://www.facebook.com/REI/, ,https://www.instagram.com/rei/,https://www.youtube.com/user/reifindout/
REI,2225 Harvard Wy  Reno  NV 89502  United States,2225 Harvard Wy,Reno,89502,Nevada,US,America/Los_Angeles,17758289090,,https://www.rei.com/stores/reno?y_source=1_MTQ1MzQxOC03MTUtbG9jYXRpb24ud2Vic2l0ZQ==,rei.com,1,Bicycle repair shop,,Yes,441,4.3,open,"Friday, 10 AM-8:30 PM; Saturday, 9 AM-7 PM; Sunday, 10 AM-6 PM; Monday, 10 AM-8:30 PM; Tuesday, 10 AM-8:30 PM; Wednesday, 10 AM-8:30 PM; Thursday, 10 AM-8:30 PM; ",9 AM-7 PM,10 AM-6 PM,10 AM-8:30 PM,10 AM-8:30 PM,10 AM-8:30 PM,10 AM-8:30 PM,10 AM-8:30 PM,Lat 39.502213,Lng -119.786739,https://www.google.com/maps/place/?q=place_id:ChIJyTEMtn0_mYARwkrufB2t4Fc,https://www.google.com/search?kgmid=/g/1td0grr_,https://lh5.googleusercontent.com/p/CIHM0ogKEICAgID45MqOBw,"https://t1.gstatic.com/faviconV2?client=SOCIAL&type=FAVICON&fallback_opts=TYPE,SIZE,URL&url=https://www.rei.com/stores/reno?y_source=1_MTQ1MzQxOC03MTUtbG9jYXRpb24ud2Vic2l0ZQ==&size=48","https://search.google.com/local/reviews?placeid=ChIJyTEMtn0_mYARwkrufB2t4Fc&q=bicycle+shop+near+Reno,+Nevada,+USA&authuser=0&hl=en",+17758289090 | 9168178944 | 9167246750,https://www.facebook.com/REI/, ,https://www.instagram.com/rei/,https://www.youtube.com/user/reifindout/
Pedal & Pour,9742 W Maule Ave  Las Vegas  NV 89148  United States,9742 W Maule Ave,Las Vegas,89148,Nevada,US,America/Los_Angeles,17029923462,,http://pedalpour.com/,pedalpour.com,1,Bicycle rental service,,Yes,177,4.7,open,"Friday, 7 AM-6 PM; Saturday, 7 AM-4 PM; Sunday, 7 AM-4 PM; Monday, 7 AM-4 PM; Tuesday, 7 AM-6 PM; Wednesday, 7 AM-6 PM; Thursday, 7 AM-6 PM; ",7 AM-4 PM,7 AM-4 PM,7 AM-4 PM,7 AM-6 PM,7 AM-6 PM,7 AM-6 PM,7 AM-6 PM,Lat 36.063175699999995,Lng -115.30549239999999,https://www.google.com/maps/place/?q=place_id:ChIJmw9PO765yIAR2gBQuMJY_IU,https://www.google.com/search?kgmid=/g/11qs59w4tg,https://lh5.googleusercontent.com/p/AF1QipMfZ6n9HiL8cSKe4kdPN4QjJH9ISZA0ol30RBZT,"https://t1.gstatic.com/faviconV2?client=SOCIAL&type=FAVICON&fallback_opts=TYPE,SIZE,URL&url=http://pedalpour.com/&size=48","https://search.google.com/local/reviews?placeid=ChIJmw9PO765yIAR2gBQuMJY_IU&q=bicycle+shop+near+Las+Vegas,+Nevada,+USA&authuser=0&hl=en",17029923462,https://www.facebook.com/Pedal-Pour-100613472042033/, ,https://www.instagram.com/pedalandpourlv/,
Bike Blast Las Vegas,1818 S Industrial Rd # 106  Las Vegas  NV 89102  United States,1818 S Industrial Rd # 106,Las Vegas,89102,Nevada,US,America/Los_Angeles,17027448088,info@bikeblastlasvegas.com,http://www.bikeblastlasvegas.com/,bikeblastlasvegas.com,1,Bicycle Shop,,Yes,89,4.3,Temporarily closed, ,,,,,,,,Lat 36.149457,Lng -115.1615964,https://www.google.com/maps/place/?q=place_id:ChIJ66hWo4vDyIARbFsE4Dovr-s,https://www.google.com/search?kgmid=/g/11b6dfzfph,https://lh5.googleusercontent.com/p/CIHM0ogKEICAgID64qP6vwE,"https://t1.gstatic.com/faviconV2?client=SOCIAL&type=FAVICON&fallback_opts=TYPE,SIZE,URL&url=http://www.bikeblastlasvegas.com/&size=48","https://search.google.com/local/reviews?placeid=ChIJ66hWo4vDyIARbFsE4Dovr-s&q=bicycle+shop+near+Las+Vegas,+Nevada,+USA&authuser=0&hl=en",7027448088,https://www.facebook.com/bikeblastlasvegas/?epa=SEARCH_BOX,https://twitter.com/bikeblastvegas,https://www.instagram.com/bikeblastlasvegas/,
PYGA USA,1118 E 4th St  Reno  NV 89512  United States,1118 E 4th St,Reno,89512,Nevada,US,America/Los_Angeles,17752211806,,,,1,Bicycle store, ,Yes,4,5,Temporarily closed, ,,,,,,,,Lat 39.5326843,Lng -119.7987213,https://www.google.com/maps/place/?q=place_id:ChIJxZhMaI8_mYARI5v2Yjw9bcs,https://www.google.com/search?kgmid=/g/11g2rhpl2t,https://lh5.googleusercontent.com/p/AF1QipPsH0_aK0pFRxsyN23eNnJkD8JeJFRAqbzi1YOW, ,"https://search.google.com/local/reviews?placeid=ChIJxZhMaI8_mYARI5v2Yjw9bcs&q=bicycle+shop+near+Reno,+Nevada,+USA&authuser=0&hl=en", , , , , 
Las Vegas Mobile Bike Repair,9345 S Cimarron Rd Suite 100  Las Vegas  NV 89178  United States,9345 S Cimarron Rd Suite 100,Las Vegas,89178,Nevada,US,America/Los_Angeles,17027578808,,http://lvbikerepair.com/,lvbikerepair.com,1,Bicycle repair shop,Bicycle Shop,Yes,10,5,Temporarily closed, ,,,,,,,,Lat 36.0185309,Lng -115.2707087,https://www.google.com/maps/place/?q=place_id:ChIJVzCarUTsyIARkziQVKwdDfw,https://www.google.com/search?kgmid=/g/11clvhx_77,https://lh5.googleusercontent.com/p/AF1QipNjTlvXNjeH9C95BLsq6C8ciIfxAEulfIUXqQyf,"https://t1.gstatic.com/faviconV2?client=SOCIAL&type=FAVICON&fallback_opts=TYPE,SIZE,URL&url=http://lvbikerepair.com/&size=48","https://search.google.com/local/reviews?placeid=ChIJVzCarUTsyIARkziQVKwdDfw&q=bicycle+shop+near+Las+Vegas,+Nevada,+USA&authuser=0&hl=en",,https://www.facebook.com/LVBikeRepair,https://twitter.com/LVBikeRepair,https://www.instagram.com/lvbikerepair/,