County,City,ZIP
Belknap,Alton,03809
Belknap,Alton,03810
Belknap,Barnstead,03218
Belknap,Belmont,03220
Belknap,Center Harbor,03226
Belknap,Gilford,03249
Belknap,Gilmanton,03237
Belknap,Laconia,03246
Belknap,Laconia,03247
Belknap,Meredith,03253
Belknap,New Hampton,03256
Belknap,Sanbornton,03269
Belknap,Tilton,03276
Carroll,Albany,03818
Carroll,Bartlett,03812
Carroll,Brookfield,03872
Carroll,Chatham,03813
Carroll,Conway,03813
Carroll,Conway,03818
Carroll,Conway,03860
Carroll,Eaton,03832
Carroll,Effingham,03882
Carroll,Freedom,03836
Carroll,Jackson,03846
Carroll,Madison,03849
Carroll,Moultonborough,03254
Carroll,Ossipee,03864
Carroll,Ossipee,03890
Carroll,Sandwich,03227
Carroll,Tamworth,03886
Carroll,Tuftonboro,03816
Carroll,Wakefield,03830
Carroll,Wakefield,03872
Carroll,Wolfeboro,03894
Cheshire,Alstead,03602
Cheshire,Chesterfield,03443
Cheshire,Chesterfield,03462
Cheshire,Dublin,03444
Cheshire,Fitzwilliam,03447
Cheshire,Gilsum,03448
Cheshire,Harrisville,03450
Cheshire,Hinsdale,03451
Cheshire,Jaffrey,03452
Cheshire,Keene,03431
Cheshire,Keene,03435
Cheshire,Marlborough,03455
Cheshire,Marlow,03456
Cheshire,Nelson,03457
Cheshire,Richmond,03470
Cheshire,Rindge,03461
Cheshire,Roxbury,03431
Cheshire,Stoddard,03464
Cheshire,Sullivan,03445
Cheshire,Surry,03431
Cheshire,Swanzey,03446
Cheshire,Troy,03465
Cheshire,Walpole,03608
Cheshire,Westmoreland,03467
Cheshire,Winchester,03470
Coos,Berlin,03570
Coos,Carroll,03595
Coos,Clarksville,03592
Coos,Colebrook,03576
Coos,Columbia,03576
Coos,Dalton,03598
Coos,Dummer,03588
Coos,Errol,03579
Coos,Gorham,03581
Coos,Jefferson,03583
Coos,Lancaster,03584
Coos,Milan,03588
Coos,Northumberland,03582
Coos,Pittsburg,03592
Coos,Randolph,03593
Coos,Shelburne,03581
Coos,Stark,03582
Coos,Stewartstown,03576
Coos,Stewartstown,03597
Coos,Stratford,03590
Coos,Whitefield,03598
Grafton,Alexandria,03222
Grafton,Ashland,03217
Grafton,Bath,03740
Grafton,Benton,03785
Grafton,Bethlehem,03574
Grafton,Bridgewater,03222
Grafton,Bristol,03222
Grafton,Campton,03223
Grafton,Canaan,03741
Grafton,Dorchester,03266
Grafton,Easton,03580
Grafton,Ellsworth,03223
Grafton,Enfield,03748
Grafton,Franconia,03580
Grafton,Grafton,03240
Grafton,Groton,03241
Grafton,Hanover,03755
Grafton,Haverhill,03765
Grafton,Haverhill,03774
Grafton,Hebron,03241
Grafton,Holderness,03245
Grafton,Landaff,03585
Grafton,Lebanon,03766
Grafton,Lincoln,03251
Grafton,Lisbon,03585
Grafton,Littleton,03561
Grafton,Lyman,03585
Grafton,Lyme,03768
Grafton,Monroe,03771
Grafton,Orange,03741
Grafton,Orford,03777
Grafton,Piermont,03779
Grafton,Plymouth,03264
Grafton,Rumney,03266
Grafton,Sugar Hill,03586
Grafton,Thornton,03285
Grafton,Warren,03279
Grafton,Waterville Valley,03215
Grafton,Wentworth,03282
Grafton,Woodstock,03262
Hillsborough,Amherst,03031
Hillsborough,Antrim,03440
Hillsborough,Bedford,03110
Hillsborough,Bennington,03442
Hillsborough,Brookline,03033
Hillsborough,Deering,03244
Hillsborough,Francestown,03043
Hillsborough,Goffstown,03045
Hillsborough,Greenfield,03047
Hillsborough,Greenville,03048
Hillsborough,Hancock,03449
Hillsborough,Hillsborough,03244
Hillsborough,Hollis,03049
Hillsborough,Hudson,03051
Hillsborough,Litchfield,03052
Hillsborough,Lyndeborough,03082
Hillsborough,Manchester,03101
Hillsborough,Manchester,03102
Hillsborough,Manchester,03103
Hillsborough,Manchester,03104
Hillsborough,Manchester,03105
Hillsborough,Manchester,03108
Hillsborough,Manchester,03109
Hillsborough,Manchester,03111
Hillsborough,Mason,03048
Hillsborough,Merrimack,03054
Hillsborough,Milford,03055
Hillsborough,Mont Vernon,03057
Hillsborough,Nashua,03060
Hillsborough,Nashua,03061
Hillsborough,Nashua,03062
Hillsborough,Nashua,03063
Hillsborough,Nashua,03064
Hillsborough,New Boston,03070
Hillsborough,New Ipswich,03071
Hillsborough,Pelham,03076
Hillsborough,Peterborough,03458
Hillsborough,Sharon,03458
Hillsborough,Temple,03084
Hillsborough,Weare,03281
Hillsborough,Wilton,03086
Hillsborough,Windsor,03244
Merrimack,Allenstown,03275
Merrimack,Andover,03216
Merrimack,Boscawen,03303
Merrimack,Bow,03304
Merrimack,Bradford,03221
Merrimack,Canterbury,03224
Merrimack,Chichester,03258
Merrimack,Concord,03301
Merrimack,Concord,03302
Merrimack,Concord,03303
Merrimack,Concord,03304
Merrimack,Danbury,03230
Merrimack,Dunbarton,03046
Merrimack,Epsom,03234
Merrimack,Franklin,03235
Merrimack,Henniker,03242
Merrimack,Hill,03243
Merrimack,Hooksett,03106
Merrimack,Hopkinton,03229
Merrimack,Loudon,03307
Merrimack,New London,03257
Merrimack,Newbury,03255
Merrimack,Northfield,03276
Merrimack,Pembroke,03275
Merrimack,Pittsfield,03263
Merrimack,Salisbury,03268
Merrimack,Sutton,03273
Merrimack,Warner,03278
Merrimack,Webster,03303
Merrimack,Wilmot,03287
Rockingham,Atkinson,03811
Rockingham,Auburn,03032
Rockingham,Brentwood,03833
Rockingham,Candia,03034
Rockingham,Chester,03036
Rockingham,Danville,03819
Rockingham,Deerfield,03037
Rockingham,Derry,03038
Rockingham,East Kingston,03827
Rockingham,Epping,03042
Rockingham,Exeter,03833
Rockingham,Fremont,03044
Rockingham,Greenland,03840
Rockingham,Hampstead,03841
Rockingham,Hampton,03842
Rockingham,Hampton,03843
Rockingham,Hampton Falls,03844
Rockingham,Kensington,03833
Rockingham,Kingston,03848
Rockingham,Londonderry,03053
Rockingham,New Castle,03854
Rockingham,Newfields,03856
Rockingham,Newington,03801
Rockingham,Newmarket,03857
Rockingham,Newton,03858
Rockingham,North Hampton,03862
Rockingham,Northwood,03261
Rockingham,Nottingham,03290
Rockingham,Plaistow,03865
Rockingham,Portsmouth,03801
Rockingham,Portsmouth,03802
Rockingham,Portsmouth,03803
Rockingham,Portsmouth,03804
Rockingham,Raymond,03077
Rockingham,Rye,03870
Rockingham,Salem,03079
Rockingham,Sandown,03873
Rockingham,Seabrook,03874
Rockingham,South Hampton,03827
Rockingham,Stratham,03885
Rockingham,Windham,03087
Strafford,Barrington,03825
Strafford,Dover,03820
Strafford,Dover,03821
Strafford,Dover,03822
Strafford,Durham,03824
Strafford,Farmington,03835
Strafford,Lee,03861
Strafford,Madbury,03823
Strafford,Middleton,03887
Strafford,Milton,03851
Strafford,New Durham,03855
Strafford,Rochester,03839
Strafford,Rochester,03866
Strafford,Rochester,03867
Strafford,Rochester,03868
Strafford,Rollinsford,03869
Strafford,Somersworth,03878
Strafford,Strafford,03884
Sullivan,Acworth,03601
Sullivan,Charlestown,03603
Sullivan,Claremont,03743
Sullivan,Cornish,03745
Sullivan,Croydon,03773
Sullivan,Goshen,03752
Sullivan,Grantham,03753
Sullivan,Langdon,03602
Sullivan,Lempster,03605
Sullivan,Newport,03773
Sullivan,Plainfield,03781
Sullivan,Springfield,03284
Sullivan,Sunapee,03782
Sullivan,Unity,03743
Sullivan,Washington,03280
