Name,Full_Address,Street_Address,City,Zip,State,Country,Timezone,Phone_1,Email,Website,Domain,First_category,Second_category,Claimed_google_my_business,Reviews_count,Average_rating,Business Status,Hours,Saturday,Sunday,Monday,Tuesday,Wednesday,Thursday,Friday,Latitude,Longitude,GMB_URL,Google_Knowledge_URL,Image_URL,Favicon,Review_URL,Phone From WEBSITE,Facebook URL,Twitter URL,Instagram URL,Youtube URL
Two Wheel Drive Inc,4001 Central Ave NE  Albuquerque  NM 87108  United States,4001 Central Ave NE,Albuquerque,87108,New Mexico,US,America/Denver,15052438443,bicycles@twowheeldrive.com,http://www.twowheeldrive.com/?utm_source=cumulus&utm_medium=onlinepresence&utm_campaign=gbp,twowheeldrive.com,Bicycle store,Bicycle repair shop,Yes,128,4.5,open,"Saturday, 10 AM-5 PM; Sunday, Closed; Monday, Closed; Tuesday, 10 AM-6 PM; Wednesday, 10 AM-6 PM; Thursday, 10 AM-6 PM; Friday, 10 AM-6 PM; ",10 AM-5 PM,Closed,Closed,10 AM-6 PM,10 AM-6 PM,10 AM-6 PM,10 AM-6 PM,Lat 35.0794219,Lng -106.5997376,https://www.google.com/maps/place/?q=place_id:ChIJBVUrbWALIocRzKdrcbS7eWk,https://www.google.com/search?kgmid=/g/1tk6wcf2,https://lh5.googleusercontent.com/p/CIHM0ogKEICAgIDOnMqBxQE,"https://t1.gstatic.com/faviconV2?client=SOCIAL&type=FAVICON&fallback_opts=TYPE,SIZE,URL&url=http://www.twowheeldrive.com/?utm_source=cumulus&utm_medium=onlinepresence&utm_campaign=gbp&size=48","https://search.google.com/local/reviews?placeid=ChIJBVUrbWALIocRzKdrcbS7eWk&q=bicycle+shop+near+Edgewood+town,+New+Mexico,+USA&authuser=0&hl=en",505-243-8443,https://www.facebook.com/pages/Two-Wheel-Drive/162817103728352, ,,
Burque Mobile Bicycle Repair,10601 Calle Linda St NW  Corrales  NM 87048  United States,10601 Calle Linda St NW,Corrales,87048,New Mexico,US,America/Denver,16035686828,burquebikefix@gmail.com,http://www.burquebikefix.com/,burquebikefix.com,Bicycle repair shop, ,Yes,30,5,open,"Saturday, 9 AM-4 PM; Sunday, Closed; Monday, 9 AM-4 PM; Tuesday, 9 AM-4 PM; Wednesday, 9 AM-4 PM; Thursday, 9 AM-4 PM; Friday, 9 AM-4 PM; ",9 AM-4 PM,Closed,9 AM-4 PM,9 AM-4 PM,9 AM-4 PM,9 AM-4 PM,9 AM-4 PM,Lat 35.2144988,Lng -106.6567781,https://www.google.com/maps/place/?q=place_id:ChIJczy4VHhxIocRB7Yf2uKQOWw,https://www.google.com/search?kgmid=/g/11qzm2ptxd,https://lh5.googleusercontent.com/p/AF1QipM1CCC-cK3dpuC1a8ZXHJumPioGyH7pk58qypIP,"https://t1.gstatic.com/faviconV2?client=SOCIAL&type=FAVICON&fallback_opts=TYPE,SIZE,URL&url=http://www.burquebikefix.com/&size=48","https://search.google.com/local/reviews?placeid=ChIJczy4VHhxIocRB7Yf2uKQOWw&q=bicycle+shop+near+Edgewood+town,+New+Mexico,+USA&authuser=0&hl=en",, , ,,
Pedego Electric Bikes Santa Fe,5029 Agua Fria St  Santa Fe  NM 87507  United States,5029 Agua Fria St,Santa Fe,87507,New Mexico,US,America/Denver,15054748398,dan@pedegosantafe.com,https://www.pedegoelectricbikes.com/dealers/santa-fe,pedegoelectricbikes.com,Bicycle store,Bicycle rental service,Yes,4,4,open,"Friday, 9 AM-5 PM; Saturday, Closed; Sunday, Closed; Monday, 9 AM-5 PM; Tuesday, 9 AM-5 PM; Wednesday, 9 AM-5 PM; Thursday, 9 AM-5 PM; ",Closed,Closed,9 AM-5 PM,9 AM-5 PM,9 AM-5 PM,9 AM-5 PM,9 AM-5 PM,Lat 35.6478262,Lng -106.0396363,https://www.google.com/maps/place/?q=place_id:ChIJ08okcWhbGIcRbNyeYFpEK7s,https://www.google.com/search?kgmid=/g/11f5vdxw61,https://lh5.googleusercontent.com/p/AF1QipOTjuhWBi9u9BpsZAWa62-xwiGGKVtoqZqlf-YK,"https://t1.gstatic.com/faviconV2?client=SOCIAL&type=FAVICON&fallback_opts=TYPE,SIZE,URL&url=https://www.pedegoelectricbikes.com/dealers/santa-fe&size=48","https://search.google.com/local/reviews?placeid=ChIJ08okcWhbGIcRbNyeYFpEK7s&q=bicycle+shop+near+Santa+Fe,+New+Mexico,+USA&authuser=0&hl=en",15054748398,https://www.facebook.com/PedegoSantaFe/, ,https://www.instagram.com/pedego,https://www.youtube.com/@PedegoElectricBikes
Bikeworks Albuquerque,2920 Stanford Dr NE Suite D  Albuquerque  NM 87107  United States,2920 Stanford Dr NE Suite D,Albuquerque,87107,New Mexico,US,America/Denver,15059160137,info@bikeworksabq.com,http://bikeworksabq.com/,bikeworksabq.com,Bicycle store, ,Yes,159,4.6,open,"Saturday, 9 AM-4 PM; Sunday, Closed; Monday, Closed; Tuesday, 9 AM-5 PM; Wednesday, 9 AM-5 PM; Thursday, 9 AM-5 PM; Friday, 9 AM-5 PM; ",9 AM-4 PM,Closed,Closed,9 AM-5 PM,9 AM-5 PM,9 AM-5 PM,9 AM-5 PM,Lat 35.1141813,Lng -106.61702729999999,https://www.google.com/maps/place/?q=place_id:ChIJKT6a3cl0IocR_3kyNkS_4w8,https://www.google.com/search?kgmid=/g/1tfntgmr,https://lh5.googleusercontent.com/p/AF1QipPd8DlEy2XwJiCXcOOPAkTphIkvdBZVQ_l88CcD,"https://t1.gstatic.com/faviconV2?client=SOCIAL&type=FAVICON&fallback_opts=TYPE,SIZE,URL&url=http://bikeworksabq.com/&size=48","https://search.google.com/local/reviews?placeid=ChIJKT6a3cl0IocR_3kyNkS_4w8&q=bicycle+shop+near+Santa+Rosa,+New+Mexico,+USA&authuser=0&hl=en",15058840341, , ,https://www.instagram.com/bikeworksabq/,
Rob and Charlie's Bicycle Shop,1632 St Michaels Dr  Santa Fe  NM 87505  United States,1632 St Michaels Dr,Santa Fe,87505,New Mexico,US,America/Denver,15054719119,info@robandcharlies.com,http://www.robandcharlies.com/,robandcharlies.com,Bicycle store,Bicycle rental service,Yes,129,4.3,open,"Saturday, 9:30 AM-5 PM; Sunday, 9:30 AM-3 PM; Monday, 9:30 AM-6 PM; Tuesday, 9:30 AM-6 PM; Wednesday, 9:30 AM-6 PM; Thursday, 9:30 AM-6 PM; Friday, 9:30 AM-6 PM; ",9:30 AM-5 PM,9:30 AM-3 PM,9:30 AM-6 PM,9:30 AM-6 PM,9:30 AM-6 PM,9:30 AM-6 PM,9:30 AM-6 PM,Lat 35.658449399999995,Lng -105.97448469999999,https://www.google.com/maps/place/?q=place_id:ChIJgwaeZHlaGIcRYz1zweiauaI,https://www.google.com/search?kgmid=/g/1vpq7bq1,https://lh5.googleusercontent.com/p/CIHM0ogKEICAgICOt_vB1QE,"https://t1.gstatic.com/faviconV2?client=SOCIAL&type=FAVICON&fallback_opts=TYPE,SIZE,URL&url=http://www.robandcharlies.com/&size=48","https://search.google.com/local/reviews?placeid=ChIJgwaeZHlaGIcRYz1zweiauaI&q=bicycle+shop+near+Eunice,+New+Mexico,+USA&authuser=0&hl=en",,https://www.facebook.com/pages/rob-and-charlies/147433505301360, ,,
Kickstand Cycles,1127 Alameda Blvd NW  Albuquerque  NM 87114  United States,1127 Alameda Blvd NW,Albuquerque,87114,New Mexico,US,America/Denver,15053597566,kickstandcycle@gmail.com,http://www.kickstandcycles.com/,kickstandcycles.com,Electric bicycle store,Bicycle rack,Yes,95,4.7,open,"Saturday, 9 AM-3 PM; Sunday, Closed; Monday, Closed; Tuesday, 9 AM-5 PM; Wednesday, 9 AM-5 PM; Thursday, 9 AM-5 PM; Friday, 9 AM-5 PM; ",9 AM-3 PM,Closed,Closed,9 AM-5 PM,9 AM-5 PM,9 AM-5 PM,9 AM-5 PM,Lat 35.19493,Lng -106.63598239999999,https://www.google.com/maps/place/?q=place_id:ChIJDa-1X85xIocRpOV9Nig2ya4,https://www.google.com/search?kgmid=/g/11rcpqc3ff,https://lh5.googleusercontent.com/p/AF1QipN3bds8oFB3_5Q0TKwG-WFIlismfoILwZKvMcVp,"https://t1.gstatic.com/faviconV2?client=SOCIAL&type=FAVICON&fallback_opts=TYPE,SIZE,URL&url=http://www.kickstandcycles.com/&size=48","https://search.google.com/local/reviews?placeid=ChIJDa-1X85xIocRpOV9Nig2ya4&q=bicycle+shop+near+Eunice,+New+Mexico,+USA&authuser=0&hl=en",-8429,https://www.facebook.com/kickstandcycles/, ,https://www.instagram.com/kickstandcyclesabq/,
Outdoor Adventures,1424 Missouri Ave  Las Cruces  NM 88001  United States,1424 Missouri Ave,Las Cruces,88001,New Mexico,US,America/Denver,15755211922,pablo@bikelc.com,http://bikelc.com/,bikelc.com,Bicycle store, ,Yes,629,4.9,open,"Friday, 10 AM-6 PM; Saturday, 9 AM-5 PM; Sunday, Closed; Monday, 10 AM-6 PM; Tuesday, 10 AM-6 PM; Wednesday, 10 AM-6 PM; Thursday, 10 AM-6 PM; ",9 AM-5 PM,Closed,10 AM-6 PM,10 AM-6 PM,10 AM-6 PM,10 AM-6 PM,10 AM-6 PM,Lat 32.2948234,Lng -106.7578116,https://www.google.com/maps/place/?q=place_id:ChIJiY82ltoX3oYRsoEZKMKcVa0,https://www.google.com/search?kgmid=/g/1vpfjzzm,https://lh5.googleusercontent.com/p/CIHM0ogKEICAgIC85vOgfQ,"https://t1.gstatic.com/faviconV2?client=SOCIAL&type=FAVICON&fallback_opts=TYPE,SIZE,URL&url=http://bikelc.com/&size=48",https://search.google.com/local/reviews?placeid=ChIJiY82ltoX3oYRsoEZKMKcVa0&q=Outdoor+Adventures&authuser=0&hl=en,,https://www.facebook.com/outdooradventureslc/, ,https://www.instagram.com/outdooradventureslc/,
Pinnacle Trails Bike Shop,1017 Mechem Dr  Ruidoso  NM 88345  United States,1017 Mechem Dr,Ruidoso,88345,New Mexico,US,America/Denver,15758088093,,http://www.mountainbikeruidoso.com/,mountainbikeruidoso.com,Bicycle store, ,Yes,24,4.8,open,"Saturday, 10:30 AM-5 PM; Sunday, Closed; Monday, Closed; Tuesday, Closed; Wednesday, Closed; Thursday, Closed; Friday, 10:30 AM-5 PM; ",10:30 AM-5 PM,Closed,Closed,Closed,Closed,Closed,10:30 AM-5 PM,Lat 33.353746099999995,Lng -105.6719954,https://www.google.com/maps/place/?q=place_id:ChIJEybIvE_P4YYRUGbmUr14uEU,https://www.google.com/search?kgmid=/g/11h41vwdy_,https://lh5.googleusercontent.com/p/CIHM0ogKEICAgICE6NrN8QE,"https://t1.gstatic.com/faviconV2?client=SOCIAL&type=FAVICON&fallback_opts=TYPE,SIZE,URL&url=http://www.mountainbikeruidoso.com/&size=48","https://search.google.com/local/reviews?placeid=ChIJEybIvE_P4YYRUGbmUr14uEU&q=bicycle+shop+near+Eunice,+New+Mexico,+USA&authuser=0&hl=en",,https://www.facebook.com/ruidosomountainbiking/, ,https://www.instagram.com/ptbikeshop,
The Bike Dude,316 E 2nd St  Clovis  NM 88101  United States,316 E 2nd St,Clovis,88101,New Mexico,US,America/Denver,15757910885,,,,Bicycle repair shop, ,No,3,5,open,"Saturday, 3-5 PM; Sunday, Closed; Monday, Closed; Tuesday, Closed; Wednesday, Closed; Thursday, Closed; Friday, Closed; ",3-5 PM,Closed,Closed,Closed,Closed,Closed,Closed,Lat 34.3998134,Lng -103.202534,https://www.google.com/maps/place/?q=place_id:ChIJCawOb_DdAocR9xCJC8gsedM,https://www.google.com/search?kgmid=/g/11t29sgb9s,https://lh5.googleusercontent.com/p/7i7aeFEuV3U2GrPxbvZmwQ, ,"https://search.google.com/local/reviews?placeid=ChIJCawOb_DdAocR9xCJC8gsedM&q=Bike+Dudes,+Bicycle+repair+%26+used+bike+sales&authuser=0&hl=en", , , , , 
Chompas bicycle repair for bike travelers.,s nonprofit house  B 7  Shiprock  NM 87420  United States,s nonprofit house,Shiprock,87420,New Mexico,US,America/Denver,15054273542,,,,Bicycle repair shop, ,Yes,1,5,open,"Saturday, 9 AM-5 PM; Sunday, Closed; Monday, Closed; Tuesday, Closed; Wednesday, Closed; Thursday, Closed; Friday, Closed; ",9 AM-5 PM,Closed,Closed,Closed,Closed,Closed,Closed,Lat 36.7635596,Lng -108.70225909999999,https://www.google.com/maps/place/?q=place_id:ChIJvyoYxvu3O4cRO7lyK9kVIjo,https://www.google.com/search?kgmid=/g/11y5473fm3,https://lh5.googleusercontent.com/p/AF1QipMDvd8pzhgxL5ZJFb_84a0mMR3fkevwBRT9J0Yg, ,"https://search.google.com/local/reviews?placeid=ChIJvyoYxvu3O4cRO7lyK9kVIjo&q=bicycle+shop+near+Encino+village,+New+Mexico,+USA&authuser=0&hl=en", , , , , 
Bisti Bad Lands Bike Shop,213 W Main St  Farmington  NM 87401  United States,213 W Main St,Farmington,87401,New Mexico,US,America/Denver,15053277278,,,,Bicycle store,Bicycle rack,Yes,56,4.7,open,"Saturday, 12 AM-4 PM; Sunday, Closed; Monday, 11 AM-6 PM; Tuesday, 11 AM-5:30 PM; Wednesday, 11 AM-6 PM; Thursday, 11 AM-6 PM; Friday, 11 AM-6 PM; ",12 AM-4 PM,Closed,11 AM-6 PM,11 AM-5:30 PM,11 AM-6 PM,11 AM-6 PM,11 AM-6 PM,Lat 36.7289816,Lng -108.20722789999999,https://www.google.com/maps/place/?q=place_id:ChIJ0yV_c9OPO4cRkNXIp1la2GI,https://www.google.com/search?kgmid=/g/11j5djm8by,https://lh5.googleusercontent.com/p/CIHM0ogKEICAgIDqwvPrlAE, ,"https://search.google.com/local/reviews?placeid=ChIJ0yV_c9OPO4cRkNXIp1la2GI&q=bicycle+shop+near+Edgewood+town,+New+Mexico,+USA&authuser=0&hl=en", , , , , 
The Ruidoso Bike Shop,1017 Mechem Dr  Ruidoso  NM 88345  United States,1017 Mechem Dr,Ruidoso,88345,New Mexico,US,America/Denver,18164059061,,,,Bicycle store, ,Yes,,,open,"Saturday, 10 AM-2 PM; Sunday, Closed; Monday, Closed; Tuesday, 10 AM-4 PM; Wednesday, 10 AM-4 PM; Thursday, 10 AM-4 PM; Friday, 10 AM-4 PM; ",10 AM-2 PM,Closed,Closed,10 AM-4 PM,10 AM-4 PM,10 AM-4 PM,10 AM-4 PM,Lat 33.3538122,Lng -105.6720223,https://www.google.com/maps/place/?q=place_id:ChIJ6wyE9ELR4YYR1bydBnY06ow,https://www.google.com/search?kgmid=/g/11xstp12dp,https://lh5.googleusercontent.com/p/vDZwL4XCuViIwFRw5l4d3w, , , , , , , 
Biikrs,120 Madeira Dr NE Suite 220  Albuquerque  NM 87108  United States,120 Madeira Dr NE Suite 220,Albuquerque,87108,New Mexico,US,America/Denver,,,,,Bicycle store, ,No,,,open, ,,,,,,,,Lat 35.0786097,Lng -106.5841523,https://www.google.com/maps/place/?q=place_id:ChIJeX1aOx0LIocR-rv8qn3w-Pk,https://www.google.com/search?kgmid=/g/11ptp0mrxv,https://lh5.googleusercontent.com/p/0HoL-yG9fIK_oD9vs_dCgg, , , , , , , 
Board House and Bike Shop,1137 Mechem Dr  Ruidoso  NM 88345  United States,1137 Mechem Dr,Ruidoso,88345,New Mexico,US,America/Denver,15758088991,,,,Bicycle store,Bicycle rental service,Yes,142,5,open,"Saturday, 9 AM-5 PM; Sunday, Closed; Monday, Closed; Tuesday, 9 AM-5 PM; Wednesday, 9 AM-5 PM; Thursday, 9 AM-5 PM; Friday, 9 AM-5 PM; ",9 AM-5 PM,Closed,Closed,9 AM-5 PM,9 AM-5 PM,9 AM-5 PM,9 AM-5 PM,Lat 33.3667796,Lng -105.6657719,https://www.google.com/maps/place/?q=place_id:ChIJfWA-vrzR4YYR0Sen5EGHFsk,https://www.google.com/search?kgmid=/g/11h2g_8bcc,https://lh5.googleusercontent.com/p/CIHM0ogKEICAgICM0pOkzAE, ,"https://search.google.com/local/reviews?placeid=ChIJfWA-vrzR4YYR0Sen5EGHFsk&q=bicycle+shop+near+Bosque+Farms+village,+New+Mexico,+USA&authuser=0&hl=en", , , , , 
Hub Bicycle Shop,705 S Allen Ave  Farmington  NM 87401  United States,705 S Allen Ave,Farmington,87401,New Mexico,US,America/Denver,15053272620,,,,Bicycle store, ,No,11,4.7,open,"Saturday, 12-7 PM; Sunday, Closed; Monday, 5-7 PM; Tuesday, 5-7 PM; Wednesday, 5-7 PM; Thursday, 5-7 PM; Friday, 5-7 PM; ",12-7 PM,Closed,5-7 PM,5-7 PM,5-7 PM,5-7 PM,5-7 PM,Lat 36.7227866,Lng -108.20742249999999,https://www.google.com/maps/place/?q=place_id:ChIJI48GEGSFO4cRw8qhwsduFGU,https://www.google.com/search?kgmid=/g/1tfkln7_,https://lh5.googleusercontent.com/p/dsrZwro-j2GkYTG9-Ge7rQ, ,"https://search.google.com/local/reviews?placeid=ChIJI48GEGSFO4cRw8qhwsduFGU&q=bicycle+shop+near+Columbus+village,+New+Mexico,+USA&authuser=0&hl=en", , , , , 
Northeast Cyclery LLC,8238 Menaul Blvd NE  Albuquerque  NM 87110  United States,8238 Menaul Blvd NE,Albuquerque,87110,New Mexico,US,America/Denver,15052991210,,,,Bicycle store, ,Yes,89,4.4,open,"Saturday, 10 AM-5 PM; Sunday, 11 AM-4 PM; Monday, Closed; Tuesday, Closed; Wednesday, 10 AM-5 PM; Thursday, 10 AM-5 PM; Friday, 10 AM-5 PM; ",10 AM-5 PM,11 AM-4 PM,Closed,Closed,10 AM-5 PM,10 AM-5 PM,10 AM-5 PM,Lat 35.108508799999996,Lng -106.5518527,https://www.google.com/maps/place/?q=place_id:ChIJjfuOuwALIocR8h0QZyQxsEQ,https://www.google.com/search?kgmid=/g/11fj47ctv4,https://lh5.googleusercontent.com/p/AF1QipND5EFDxcVljo-WTweNQiNneca9GQ0OEdLSys3A, ,"https://search.google.com/local/reviews?placeid=ChIJjfuOuwALIocR8h0QZyQxsEQ&q=bicycle+shop+near+Bosque+Farms+village,+New+Mexico,+USA&authuser=0&hl=en", , , , , 
Bicycles Sales & Services,506 S Avenue C  Portales  NM 88130  United States,506 S Avenue C,Portales,88130,New Mexico,US,America/Denver,15753566408,,,,Bicycle store, ,No,10,3.6,open,"Saturday, 8 AM-5 PM; Sunday, Closed; Monday, Closed; Tuesday, 8 AM-5 PM; Wednesday, 8 AM-5 PM; Thursday, 8 AM-5 PM; Friday, 8 AM-5 PM; ",8 AM-5 PM,Closed,Closed,8 AM-5 PM,8 AM-5 PM,8 AM-5 PM,8 AM-5 PM,Lat 34.1814071,Lng -103.3368125,https://www.google.com/maps/place/?q=place_id:ChIJN6nibzbGAocR6B6H76dlGd0,https://www.google.com/search?kgmid=/g/1w3w3h57,https://lh5.googleusercontent.com/p/CIHM0ogKEICAgICkzpKZxwE, ,"https://search.google.com/local/reviews?placeid=ChIJN6nibzbGAocR6B6H76dlGd0&q=bicycle+shop+near+Milan+village,+New+Mexico,+USA&authuser=0&hl=en", , , , , 
The Little Bike Shop,18 Santa Monica Ave  Los Lunas  NM 87031  United States,18 Santa Monica Ave,Los Lunas,87031,New Mexico,US,America/Denver,15055825306,,,,Bicycle store,Bicycle repair shop,No,49,4.6,open,"Saturday, 9 AM-5 PM; Sunday, Closed; Monday, 8 AM-6 PM; Tuesday, 8 AM-6 PM; Wednesday, 8 AM-6 PM; Thursday, 8 AM-6 PM; Friday, 8 AM-6 PM; ",9 AM-5 PM,Closed,8 AM-6 PM,8 AM-6 PM,8 AM-6 PM,8 AM-6 PM,8 AM-6 PM,Lat 34.772854599999995,Lng -106.6311451,https://www.google.com/maps/place/?q=place_id:ChIJO4RmOZkLIocR3ag5LkwmC3k,https://www.google.com/search?kgmid=/g/11gj4xwmtj,https://lh5.googleusercontent.com/p/CIHM0ogKEICAgIDOh-aQ8wE, ,"https://search.google.com/local/reviews?placeid=ChIJO4RmOZkLIocR3ag5LkwmC3k&q=bicycle+shop+near+Bosque+Farms+village,+New+Mexico,+USA&authuser=0&hl=en", , , , , 
Twin Sisters Cycling & Fitness,208 W Broadway St  Silver City  NM 88061  United States,208 W Broadway St,Silver City,88061,New Mexico,US,America/Denver,15755383388,,,,Bicycle store,Bicycle repair shop,Yes,38,4.9,open,"Saturday, 11 AM-3 PM; Sunday, Closed; Monday, 11 AM-5 PM; Tuesday, 11 AM-5 PM; Wednesday, 11 AM-5 PM; Thursday, 11 AM-5 PM; Friday, 11 AM-5 PM; ",11 AM-3 PM,Closed,11 AM-5 PM,11 AM-5 PM,11 AM-5 PM,11 AM-5 PM,11 AM-5 PM,Lat 32.7700526,Lng -108.2775971,https://www.google.com/maps/place/?q=place_id:ChIJO4vBCJnH2IYRu6MYBrUs7PY,https://www.google.com/search?kgmid=/g/1vxw8q9n,https://lh5.googleusercontent.com/p/AF1QipN3-DS1OYfMFKPv4krb7kUYK3OPahWSKubnOInR, ,"https://search.google.com/local/reviews?placeid=ChIJO4vBCJnH2IYRu6MYBrUs7PY&q=bicycle+shop+near+Columbus+village,+New+Mexico,+USA&authuser=0&hl=en", , , , , 
Outdoor Adventures,1516 E 10th St  Alamogordo  NM 88310  United States,1516 E 10th St,Alamogordo,88310,New Mexico,US,America/Denver,15754341920,,,,Bicycle store,Bicycle repair shop,Yes,58,4.8,open,"Saturday, 10 AM-5 PM; Sunday, Closed; Monday, Closed; Tuesday, 10 AM-6 PM; Wednesday, 10 AM-6 PM; Thursday, 10 AM-6 PM; Friday, 10 AM-6 PM; ",10 AM-5 PM,Closed,Closed,10 AM-6 PM,10 AM-6 PM,10 AM-6 PM,10 AM-6 PM,Lat 32.899635499999995,Lng -105.9416684,https://www.google.com/maps/place/?q=place_id:ChIJRaJDO19Q4IYR6nyfUzkx5U0,https://www.google.com/search?kgmid=/g/1tg50wdz,https://lh5.googleusercontent.com/p/CIHM0ogKEICAgICBjZGB5gE, ,"https://search.google.com/local/reviews?placeid=ChIJRaJDO19Q4IYR6nyfUzkx5U0&q=bicycle+shop+near+Estancia+town,+New+Mexico,+USA&authuser=0&hl=en", , , , , 
E Bikes,914 N Pope St  Silver City  NM 88061  United States,914 N Pope St,Silver City,88061,New Mexico,US,America/Denver,,,,,Bicycle store, ,No,2,5,open, ,,,,,,,,Lat 32.7752246,Lng -108.2760167,https://www.google.com/maps/place/?q=place_id:ChIJ-SDLVZrH2IYRhRG97mMuXeM,https://www.google.com/search?kgmid=/g/11vl7jznhr,https://lh5.googleusercontent.com/p/CIABIhAylndDAKebQQ7qfz3tp2OU, ,"https://search.google.com/local/reviews?placeid=ChIJ-SDLVZrH2IYRhRG97mMuXeM&q=bicycle+shop+near+Silver+town,+New+Mexico,+USA&authuser=0&hl=en", , , , , 
Cottam's Ski Shops,207 Paseo Del Pueblo Sur  Taos  NM 87571  United States,207 Paseo Del Pueblo Sur,Taos,87571,New Mexico,US,America/Denver,15757373536,,https://bigkahunataos.com/location/big-kahuna-ski-snowboard-rentals-taos-ski-valley/,bigkahunataos.com,Bicycle rental service,Bicycle repair shop,Yes,200,4.8,open,"Friday, 10 AM-5 PM; Saturday, 10 AM-5 PM; Sunday, 10 AM-5 PM; Monday, 10 AM-5 PM; Tuesday, 10 AM-5 PM; Wednesday, 10 AM-5 PM; Thursday, 10 AM-5 PM; ",10 AM-5 PM,10 AM-5 PM,10 AM-5 PM,10 AM-5 PM,10 AM-5 PM,10 AM-5 PM,10 AM-5 PM,Lat 36.4049972,Lng -105.5736805,https://www.google.com/maps/place/?q=place_id:ChIJAT72AyNlF4cRPVLz9R9HCzg,https://www.google.com/search?kgmid=/g/1tksj7nr,https://lh5.googleusercontent.com/p/AF1QipO0VOIOyVhNNkuwAQ9Z2Hr9OM2ZwVgvbRVT5DFq,"https://t1.gstatic.com/faviconV2?client=SOCIAL&type=FAVICON&fallback_opts=TYPE,SIZE,URL&url=https://bigkahunataos.com/location/big-kahuna-ski-snowboard-rentals-taos-ski-valley/&size=48","https://search.google.com/local/reviews?placeid=ChIJAT72AyNlF4cRPVLz9R9HCzg&q=bicycle+shop+near+Taos+town,+New+Mexico,+USA&authuser=0&hl=en",(575) 737-3535,https://www.facebook.com/BaseMountainSports,https://twitter.com/basemtn,https://www.instagram.com/basemtn/,
RAWORKS Rentals & Bike Repair shop,418 Cerrillos Rd ste 2  Santa Fe  NM 87501  United States,418 Cerrillos Rd ste 2,Santa Fe,87501,New Mexico,US,America/Denver,15057720524,,http://www.raworkshc.com/,raworkshc.com,Bicycle rental service,Bicycle rental service,Yes,20,5,open,"Friday, 11 AM-6 PM; Saturday, 1-6 PM; Sunday, Closed; Monday, 11 AM-6 PM; Tuesday, 11 AM-6 PM; Wednesday, 11 AM-6 PM; Thursday, 11 AM-6 PM; ",1-6 PM,Closed,11 AM-6 PM,11 AM-6 PM,11 AM-6 PM,11 AM-6 PM,11 AM-6 PM,Lat 35.6839405,Lng -105.94364189999999,https://www.google.com/maps/place/?q=place_id:ChIJMZxQjSJRGIcR52k3yGmVBs8,https://www.google.com/search?kgmid=/g/11rsd2g6vs,https://lh5.googleusercontent.com/p/AF1QipPRoAtJlJmZBsAKjBMmaSoJtJ9W3acmK7Xueb0n,"https://t1.gstatic.com/faviconV2?client=SOCIAL&type=FAVICON&fallback_opts=TYPE,SIZE,URL&url=http://www.raworkshc.com/&size=48","https://search.google.com/local/reviews?placeid=ChIJMZxQjSJRGIcR52k3yGmVBs8&q=bicycle+shop+near+Santa+Fe,+New+Mexico,+USA&authuser=0&hl=en",, , ,,
Beanie's Bike Shop,316 Paseo Del Pueblo Sur  Taos  NM 87571  United States,316 Paseo Del Pueblo Sur,Taos,87571,New Mexico,US,America/Denver,15056951206,,https://www.beaniesbikeshop.com/,beaniesbikeshop.com,Bicycle repair shop, ,Yes,10,4.6,open,"Saturday, 10 AM-6 PM; Sunday, 10 AM-6 PM; Monday, Closed; Tuesday, Closed; Wednesday, 10 AM-6 PM; Thursday, 10 AM-6 PM; Friday, 10 AM-6 PM; ",10 AM-6 PM,10 AM-6 PM,Closed,Closed,10 AM-6 PM,10 AM-6 PM,10 AM-6 PM,Lat 36.4016179,Lng -105.5757338,https://www.google.com/maps/place/?q=place_id:ChIJ5xLmFgFlF4cRcOtkUpSFAmE,https://www.google.com/search?kgmid=/g/11x0qz_xrx,https://lh5.googleusercontent.com/p/AF1QipNoNeG1LTJQ-UUvw3Apv109k_RU2bBBuIo2IR94,"https://t1.gstatic.com/faviconV2?client=SOCIAL&type=FAVICON&fallback_opts=TYPE,SIZE,URL&url=https://www.beaniesbikeshop.com/&size=48","https://search.google.com/local/reviews?placeid=ChIJ5xLmFgFlF4cRcOtkUpSFAmE&q=bicycle+shop+near+Clayton+town,+New+Mexico,+USA&authuser=0&hl=en",,https://www.facebook.com/beaniesbikeshop, ,https://www.instagram.com/beaniesbikeshop/,
Fat Tire Cycles - Foothills,12501 Candelaria Rd NE Suite J  Albuquerque  NM 87112  United States,12501 Candelaria Rd NE Suite J,Albuquerque,87112,New Mexico,US,America/Denver,15055323910,,https://fattirecycles.com/,fattirecycles.com,Bicycle repair shop, ,Yes,35,5,open,"Saturday, 10 AM-6 PM; Sunday, 12-4 PM; Monday, Closed; Tuesday, 10 AM-6 PM; Wednesday, 10 AM-6 PM; Thursday, 10 AM-6 PM; Friday, 10 AM-6 PM; ",10 AM-6 PM,12-4 PM,Closed,10 AM-6 PM,10 AM-6 PM,10 AM-6 PM,10 AM-6 PM,Lat 35.1162397,Lng -106.4986157,https://www.google.com/maps/place/?q=place_id:ChIJB2Qo2lOhGIcRl5TBfwQZSNg,https://www.google.com/search?kgmid=/g/11wjr68hcv,https://lh5.googleusercontent.com/p/CIABIhBGHHht4FsC7qztdbVxri2Z,"https://t1.gstatic.com/faviconV2?client=SOCIAL&type=FAVICON&fallback_opts=TYPE,SIZE,URL&url=https://fattirecycles.com/&size=48","https://search.google.com/local/reviews?placeid=ChIJB2Qo2lOhGIcRl5TBfwQZSNg&q=bicycle+shop+near+Bosque+Farms+village,+New+Mexico,+USA&authuser=0&hl=en",505-345-9005,https://www.facebook.com/fattirecycles, ,https://www.instagram.com/fat_tire_cycles/,
Mobile Bike Works Santa Fe,49 Camino Torcido Loop  Santa Fe  NM 87507  United States,49 Camino Torcido Loop,Santa Fe,87507,New Mexico,US,America/Denver,15053696995,,https://www.mobilebikeworkssantafe.com/,mobilebikeworkssantafe.com,Bicycle repair shop,Bicycle rental service,Yes,34,5,open,"Saturday, 9 AM-7 PM; Sunday, Closed; Monday, 9 AM-7 PM; Tuesday, 9 AM-7 PM; Wednesday, 9 AM-7 PM; Thursday, 9 AM-7 PM; Friday, 9 AM-7 PM; ",9 AM-7 PM,Closed,9 AM-7 PM,9 AM-7 PM,9 AM-7 PM,9 AM-7 PM,9 AM-7 PM,Lat 35.6012948,Lng -106.1178716,https://www.google.com/maps/place/?q=place_id:ChIJdTMER1NfGIcRSi8MPFTFy1A,https://www.google.com/search?kgmid=/g/11py4p_fs4,https://lh5.googleusercontent.com/p/CIHM0ogKEICAgIDuxLzcUQ,"https://t1.gstatic.com/faviconV2?client=SOCIAL&type=FAVICON&fallback_opts=TYPE,SIZE,URL&url=https://www.mobilebikeworkssantafe.com/&size=48","https://search.google.com/local/reviews?placeid=ChIJdTMER1NfGIcRSi8MPFTFy1A&q=bicycle+shop+near+Edgewood+town,+New+Mexico,+USA&authuser=0&hl=en",,https://www.facebook.com/people/Mobile-Bike-Works-Santa-Fe/100068177359378/, ,https://www.instagram.com/mobilebikeworkssantafe,
The BikeSmith  LLC,6136 McLeod Rd NE  Albuquerque  NM 87109  United States,6136 McLeod Rd NE,Albuquerque,87109,New Mexico,US,America/Denver,15054633880,,https://thebikesmithllc.com/,thebikesmithllc.com,Bicycle repair shop,Electric bicycle store,Yes,103,4.8,open,"Saturday, 10 AM-5 PM; Sunday, 10 AM-5 PM; Monday, Closed; Tuesday, 1-7 PM; Wednesday, 1-7 PM; Thursday, 1-7 PM; Friday, 10-11 AM | 2-7 PM; ",10 AM-5 PM,10 AM-5 PM,Closed,1-7 PM,1-7 PM,1-7 PM,10-11 AM | 2-7 PM,Lat 35.138459,Lng -106.57791069999999,https://www.google.com/maps/place/?q=place_id:ChIJG5tEVylzIocRTD9ucrN_9Eo,https://www.google.com/search?kgmid=/g/1vk6zpjx,https://lh5.googleusercontent.com/p/AF1QipOhSWU9Oo74aG_i3VtKcXF3faigyGr-uLzqgkWH,"https://t1.gstatic.com/faviconV2?client=SOCIAL&type=FAVICON&fallback_opts=TYPE,SIZE,URL&url=https://thebikesmithllc.com/&size=48","https://search.google.com/local/reviews?placeid=ChIJG5tEVylzIocRTD9ucrN_9Eo&q=bicycle+shop+near+Bosque+Farms+village,+New+Mexico,+USA&authuser=0&hl=en",, , ,,
REI Bike Shop,500 Market St #100  Santa Fe  NM 87501  United States,500 Market St #100,Santa Fe,87501,New Mexico,US,America/Denver,15059823557,,https://www.rei.com/stores/santa-fe/bike-shop,rei.com,Bicycle repair shop,Bicycle Shop,Yes,8,4.8,open,"Saturday, 10 AM-7 PM; Sunday, 10 AM-6 PM; Monday, 10 AM-8 PM; Tuesday, 10 AM-8 PM; Wednesday, 10 AM-8 PM; Thursday, 10 AM-8 PM; Friday, 10 AM-8 PM; ",10 AM-7 PM,10 AM-6 PM,10 AM-8 PM,10 AM-8 PM,10 AM-8 PM,10 AM-8 PM,10 AM-8 PM,Lat 35.6839927,Lng -105.94849149999999,https://www.google.com/maps/place/?q=place_id:ChIJixsO1xtRGIcRr2LyzWcR268,https://www.google.com/search?kgmid=/g/11fmc2cpm3,https://lh5.googleusercontent.com/p/CIHM0ogKEICAgICOz-b85gE,"https://t1.gstatic.com/faviconV2?client=SOCIAL&type=FAVICON&fallback_opts=TYPE,SIZE,URL&url=https://www.rei.com/stores/santa-fe/bike-shop&size=48","https://search.google.com/local/reviews?placeid=ChIJixsO1xtRGIcRr2LyzWcR268&q=bicycle+shop+near+Milan+village,+New+Mexico,+USA&authuser=0&hl=en",+15059823557 | (505) 982-3557 | 5052471191,https://www.facebook.com/REI/, ,https://www.instagram.com/rei/,https://www.youtube.com/user/reifindout/
Bikewyrks LLC,304 S Pershing St  Truth or Consequences  NM 87901  United States,304 S Pershing St,Truth or Consequences,87901,New Mexico,US,America/Denver,15054934855,,http://www.bikewyrks.com/,bikewyrks.com,Bicycle repair shop, ,Yes,6,5,open,"Saturday, 9 AM-1 PM; Sunday, Closed; Monday, Closed; Tuesday, 10 AM-5 PM; Wednesday, 10 AM-5 PM; Thursday, 10 AM-5 PM; Friday, 10 AM-5 PM; ",9 AM-1 PM,Closed,Closed,10 AM-5 PM,10 AM-5 PM,10 AM-5 PM,10 AM-5 PM,Lat 33.128856,Lng -107.252174,https://www.google.com/maps/place/?q=place_id:ChIJQ6OWIeaD34YRbZQcvy6hZQc,https://www.google.com/search?kgmid=/g/11wws58j3x,https://lh5.googleusercontent.com/p/AF1QipMEty5eG10HktFJvsxZJB1ktFYbxHriT6obOZN_,"https://t1.gstatic.com/faviconV2?client=SOCIAL&type=FAVICON&fallback_opts=TYPE,SIZE,URL&url=http://www.bikewyrks.com/&size=48","https://search.google.com/local/reviews?placeid=ChIJQ6OWIeaD34YRbZQcvy6hZQc&q=bicycle+shop+near+Hatch+village,+New+Mexico,+USA&authuser=0&hl=en",5054934855,https://www.facebook.com/513983445121567, ,,
Bicycle Revival,2506 Juan Tabo Blvd NE  Albuquerque  NM 87112  United States,2506 Juan Tabo Blvd NE,Albuquerque,87112,New Mexico,US,America/Denver,15056592433,,http://bicyclerevival.net/,bicyclerevival.net,Bicycle repair shop,Bicycle Shop,Yes,122,4.8,open,"Saturday, 12-6 PM; Sunday, Closed; Monday, Closed; Tuesday, 10 AM-6 PM; Wednesday, 10 AM-6 PM; Thursday, 10 AM-6 PM; Friday, 10 AM-6 PM; ",12-6 PM,Closed,Closed,10 AM-6 PM,10 AM-6 PM,10 AM-6 PM,10 AM-6 PM,Lat 35.1115346,Lng -106.5150109,https://www.google.com/maps/place/?q=place_id:ChIJQxxzzsyhGIcRKIlBET5feEQ,https://www.google.com/search?kgmid=/g/11qrwzhzfb,https://lh5.googleusercontent.com/p/AF1QipNjF1njbSztlSLNgQNv5EmSV1fqUXPDaOCmbqoD,"https://t1.gstatic.com/faviconV2?client=SOCIAL&type=FAVICON&fallback_opts=TYPE,SIZE,URL&url=http://bicyclerevival.net/&size=48","https://search.google.com/local/reviews?placeid=ChIJQxxzzsyhGIcRKIlBET5feEQ&q=bicycle+shop+near+Bosque+Farms+village,+New+Mexico,+USA&authuser=0&hl=en",, , ,,
REI Bike Shop,1550 Mercantile Ave NE  Albuquerque  NM 87107  United States,1550 Mercantile Ave NE,Albuquerque,87107,New Mexico,US,America/Denver,15052471191,,https://www.rei.com/stores/albuquerque/bike-shop,rei.com,Bicycle repair shop,Bicycle Shop,Yes,27,4.6,open,"Saturday, 9 AM-7 PM; Sunday, 10 AM-6 PM; Monday, 10 AM-9 PM; Tuesday, 10 AM-9 PM; Wednesday, 10 AM-9 PM; Thursday, 10 AM-9 PM; Friday, 10 AM-9 PM; ",9 AM-7 PM,10 AM-6 PM,10 AM-9 PM,10 AM-9 PM,10 AM-9 PM,10 AM-9 PM,10 AM-9 PM,Lat 35.135248499999996,Lng -106.607334,https://www.google.com/maps/place/?q=place_id:ChIJtWVo6lB1IocRSoCLTh1duwk,https://www.google.com/search?kgmid=/g/11fmc2ctl9,https://lh5.googleusercontent.com/p/CIHM0ogKEICAgIDd04afUQ,"https://t1.gstatic.com/faviconV2?client=SOCIAL&type=FAVICON&fallback_opts=TYPE,SIZE,URL&url=https://www.rei.com/stores/albuquerque/bike-shop&size=48","https://search.google.com/local/reviews?placeid=ChIJtWVo6lB1IocRSoCLTh1duwk&q=bicycle+shop+near+Bosque+Farms+village,+New+Mexico,+USA&authuser=0&hl=en",+15052471191 | (505) 247-1191 | 5059823557,https://www.facebook.com/REI/, ,https://www.instagram.com/rei/,https://www.youtube.com/user/reifindout/
Silver City Cycles/ The Bike Works,914 N Pope St  Silver City  NM 88061  United States,914 N Pope St,Silver City,88061,New Mexico,US,America/Denver,15753881444,,http://www.silvercitycycles.bike/,silvercitycycles.bike,Bicycle repair shop,Bicycle Shop,Yes,92,4.9,open,"Saturday, 10 AM-4 PM; Sunday, Closed; Monday, Closed; Tuesday, 10 AM-5:30 PM; Wednesday, 10 AM-5:30 PM; Thursday, 10 AM-5:30 PM; Friday, 10 AM-5:30 PM; ",10 AM-4 PM,Closed,Closed,10 AM-5:30 PM,10 AM-5:30 PM,10 AM-5:30 PM,10 AM-5:30 PM,Lat 32.7752052,Lng -108.27590889999999,https://www.google.com/maps/place/?q=place_id:ChIJW0KLSJrH2IYRh2q3DsSWuJc,https://www.google.com/search?kgmid=/g/1tlndwz9,https://lh5.googleusercontent.com/p/AF1QipM9kUjloKjoafcYi2Vn8xZPrdIJUiOIxZ3gam88,"https://t1.gstatic.com/faviconV2?client=SOCIAL&type=FAVICON&fallback_opts=TYPE,SIZE,URL&url=http://www.silvercitycycles.bike/&size=48","https://search.google.com/local/reviews?placeid=ChIJW0KLSJrH2IYRh2q3DsSWuJc&q=bicycle+shop+near+Clayton+town,+New+Mexico,+USA&authuser=0&hl=en",, , , , 
UNICOSHOPPING LLC,230 W Coal Ave  Gallup  NM 87301  United States,230 W Coal Ave,Gallup,87301,New Mexico,US,America/Denver,15756552399,,https://unicoshopping.com/,unicoshopping.com,Bicycle store, ,No,,,open,"Friday, 9 AM-5 PM; Saturday, Closed; Sunday, Closed; Monday, 9 AM-5 PM; Tuesday, 9 AM-5 PM; Wednesday, 9 AM-5 PM; Thursday, 9 AM-5 PM; ",Closed,Closed,9 AM-5 PM,9 AM-5 PM,9 AM-5 PM,9 AM-5 PM,9 AM-5 PM,Lat 35.5270243,Lng -108.7439711,https://www.google.com/maps/place/?q=place_id:ChIJ_xNXvE3fJIcRrRuJlEcWpLc,https://www.google.com/search?kgmid=/g/11lzp0szs8,https://lh5.googleusercontent.com/p/jSIcEUm7eXOIc6xhtc5kZw,"https://t1.gstatic.com/faviconV2?client=SOCIAL&type=FAVICON&fallback_opts=TYPE,SIZE,URL&url=https://unicoshopping.com/&size=48", ,, , , , 
Bike N Sport,504 W Cordova Rd  Santa Fe  NM 87505  United States,504 W Cordova Rd,Santa Fe,87505,New Mexico,US,America/Denver,15058200809,,http://nmbikensport.com/,nmbikensport.com,Bicycle store, ,Yes,109,4.1,open,"Saturday, 10 AM-5 PM; Sunday, Closed; Monday, 10 AM-5:30 PM; Tuesday, 10 AM-5:30 PM; Wednesday, 10 AM-5:30 PM; Thursday, 10 AM-5:30 PM; Friday, 10 AM-5:30 PM; ",10 AM-5 PM,Closed,10 AM-5:30 PM,10 AM-5:30 PM,10 AM-5:30 PM,10 AM-5:30 PM,10 AM-5:30 PM,Lat 35.6725159,Lng -105.9506799,https://www.google.com/maps/place/?q=place_id:ChIJ66U9GWRQGIcR3aA_K70__Rk,https://www.google.com/search?kgmid=/g/1tfcnt62,https://lh5.googleusercontent.com/p/CIHM0ogKEICAgIDO4I710gE,"https://t1.gstatic.com/faviconV2?client=SOCIAL&type=FAVICON&fallback_opts=TYPE,SIZE,URL&url=http://nmbikensport.com/&size=48","https://search.google.com/local/reviews?placeid=ChIJ66U9GWRQGIcR3aA_K70__Rk&q=bicycle+shop+near+Clayton+town,+New+Mexico,+USA&authuser=0&hl=en",15058200809,https://www.facebook.com/nmbikensport/,https://twitter.com/nmbikensport,https://www.instagram.com/nmbikensport/,
EL cyclery,1189 Parkway Dr ste f1  Santa Fe  NM 87507  United States,1189 Parkway Dr ste f1,Santa Fe,87507,New Mexico,US,America/Denver,15054905228,,https://elcyclery.com/,elcyclery.com,Bicycle store, ,Yes,18,5,open,"Saturday, 10:30 AM-5 PM; Sunday, Closed; Monday, 10:30 AM-5:30 PM; Tuesday, 10:30 AM-5:30 PM; Wednesday, 10:30 AM-5:30 PM; Thursday, 10:30 AM-5:30 PM; Friday, 10:30 AM-5:30 PM; ",10:30 AM-5 PM,Closed,10:30 AM-5:30 PM,10:30 AM-5:30 PM,10:30 AM-5:30 PM,10:30 AM-5:30 PM,10:30 AM-5:30 PM,Lat 35.6583809,Lng -105.9987376,https://www.google.com/maps/place/?q=place_id:ChIJ8YoYXfdbGIcRniVADjoQdAw,https://www.google.com/search?kgmid=/g/11lmp0gj4t,https://lh5.googleusercontent.com/p/AF1QipMnwUKNxUrKPIWEPc2JMU-kOHh4U5I2UQM2XH89,"https://t1.gstatic.com/faviconV2?client=SOCIAL&type=FAVICON&fallback_opts=TYPE,SIZE,URL&url=https://elcyclery.com/&size=48","https://search.google.com/local/reviews?placeid=ChIJ8YoYXfdbGIcRniVADjoQdAw&q=bicycle+shop+near+Milan+village,+New+Mexico,+USA&authuser=0&hl=en",, , ,,
Fat Tire Cycles - Montaño,421 Montaño Rd NE  Albuquerque  NM 87107  United States,421 Montaño Rd NE,Albuquerque,87107,New Mexico,US,America/Denver,15053459005,,https://www.fattirecycles.com/,fattirecycles.com,Bicycle store,Bicycle repair shop,Yes,458,4.7,open,"Saturday, 10 AM-6 PM; Sunday, Closed; Monday, 10 AM-6 PM; Tuesday, 10 AM-6 PM; Wednesday, 10 AM-6 PM; Thursday, 10 AM-6 PM; Friday, 10 AM-6 PM; ",10 AM-6 PM,Closed,10 AM-6 PM,10 AM-6 PM,10 AM-6 PM,10 AM-6 PM,10 AM-6 PM,Lat 35.136685299999996,Lng -106.62597319999999,https://www.google.com/maps/place/?q=place_id:ChIJ-bQ2JoN0IocRWyn-MNCeKq4,https://www.google.com/search?kgmid=/g/1vsprz75,https://lh5.googleusercontent.com/p/CIHM0ogKEICAgICGyMerjwE,"https://t1.gstatic.com/faviconV2?client=SOCIAL&type=FAVICON&fallback_opts=TYPE,SIZE,URL&url=https://www.fattirecycles.com/&size=48","https://search.google.com/local/reviews?placeid=ChIJ-bQ2JoN0IocRWyn-MNCeKq4&q=bicycle+shop+near+Bosque+Farms+village,+New+Mexico,+USA&authuser=0&hl=en",505-345-9005,https://www.facebook.com/fattirecycles, ,https://www.instagram.com/fat_tire_cycles/,
505 Cycles,4301 E Main St  Farmington  NM 87402  United States,4301 E Main St,Farmington,87402,New Mexico,US,America/Denver,15053260429,,http://505cycles.com/,505cycles.com,Bicycle store,Bicycle repair shop,Yes,127,4.6,open,"Saturday, 10 AM-5:05 PM; Sunday, Closed; Monday, 10 AM-6 PM; Tuesday, 10 AM-6 PM; Wednesday, 10 AM-6 PM; Thursday, 10 AM-6 PM; Friday, 10 AM-6 PM; ",10 AM-5:05 PM,Closed,10 AM-6 PM,10 AM-6 PM,10 AM-6 PM,10 AM-6 PM,10 AM-6 PM,Lat 36.7607589,Lng -108.1551904,https://www.google.com/maps/place/?q=place_id:ChIJc2QP5DmPO4cRk8aleLBnKWM,https://www.google.com/search?kgmid=/g/11c5bht3x6,https://lh5.googleusercontent.com/p/AF1QipPxrEmfVLk5my3YVA_lQ_n7UyarH82dTyq8Qrgg,"https://t1.gstatic.com/faviconV2?client=SOCIAL&type=FAVICON&fallback_opts=TYPE,SIZE,URL&url=http://505cycles.com/&size=48","https://search.google.com/local/reviews?placeid=ChIJc2QP5DmPO4cRk8aleLBnKWM&q=bicycle+shop+near+Clayton+town,+New+Mexico,+USA&authuser=0&hl=en",505-326-0429,https://www.facebook.com/5O5Cycles/, ,https://www.instagram.com/505cycles/?hl=en,
Brilow LLC,1725 Broadway Blvd SE  Albuquerque  NM 87102  United States,1725 Broadway Blvd SE,Albuquerque,87102,New Mexico,US,America/Denver,15754930276,,https://brilow.com/,brilow.com,Bicycle store, ,Yes,1,1,open,"Friday, 10 AM-7:30 PM; Saturday, Closed; Sunday, Closed; Monday, 10 AM-7:30 PM; Tuesday, 10 AM-7:30 PM; Wednesday, 10 AM-7:30 PM; Thursday, 10 AM-7:30 PM; ",Closed,Closed,10 AM-7:30 PM,10 AM-7:30 PM,10 AM-7:30 PM,10 AM-7:30 PM,10 AM-7:30 PM,Lat 35.065835899999996,Lng -106.6458476,https://www.google.com/maps/place/?q=place_id:ChIJd-l6FQ4NIocR36FzpQN0e90,https://www.google.com/search?kgmid=/g/11lt9vrw0g,https://lh5.googleusercontent.com/p/AF1QipNpwzT03a7yBOJVF1OPR7gwdvgC-mWDakgG4nP5,"https://t1.gstatic.com/faviconV2?client=SOCIAL&type=FAVICON&fallback_opts=TYPE,SIZE,URL&url=https://brilow.com/&size=48","https://search.google.com/local/reviews?placeid=ChIJd-l6FQ4NIocR36FzpQN0e90&q=bicycle+shop+near+Albuquerque,+New+Mexico,+USA&authuser=0&hl=en",, , ,,
Service Course Cycle Studio,4311 Sara Rd #101  Rio Rancho  NM 87124  United States,4311 Sara Rd #101,Rio Rancho,87124,New Mexico,US,America/Denver,15052398684,,https://servicecoursecycle.com/,servicecoursecycle.com,Bicycle store,Bicycle repair shop,Yes,16,5,open,"Saturday, 10 AM-2 PM; Sunday, Closed; Monday, Closed; Tuesday, Closed; Wednesday, Closed; Thursday, 10 AM-2 PM; Friday, 10 AM-2 PM; ",10 AM-2 PM,Closed,Closed,Closed,Closed,10 AM-2 PM,10 AM-2 PM,Lat 35.2322541,Lng -106.6512652,https://www.google.com/maps/place/?q=place_id:ChIJDymzzSpxIocR-JHNQ4i8Lyg,https://www.google.com/search?kgmid=/g/11wy52ylqv,https://lh5.googleusercontent.com/p/AF1QipOugpBFuFN8loKP2c7RYXPfd4MjMQClZFlREU1C,"https://t1.gstatic.com/faviconV2?client=SOCIAL&type=FAVICON&fallback_opts=TYPE,SIZE,URL&url=https://servicecoursecycle.com/&size=48","https://search.google.com/local/reviews?placeid=ChIJDymzzSpxIocR-JHNQ4i8Lyg&q=bicycle+shop+near+Clayton+town,+New+Mexico,+USA&authuser=0&hl=en",, , ,,
Sandstone Cycles Bicycle Sales & Service,5160 College Blvd STE 104  Farmington  NM 87402  United States,5160 College Blvd STE 104,Farmington,87402,New Mexico,US,America/Denver,15052584564,,https://www.sandstonecycles.com/,sandstonecycles.com,Bicycle store,Bicycle repair shop,Yes,106,4.9,open,"Saturday, 9 AM-6 PM; Sunday, Closed; Monday, Closed; Tuesday, 9 AM-6 PM; Wednesday, 9 AM-6 PM; Thursday, 9 AM-6 PM; Friday, 9 AM-6 PM; ",9 AM-6 PM,Closed,Closed,9 AM-6 PM,9 AM-6 PM,9 AM-6 PM,9 AM-6 PM,Lat 36.773817799999996,Lng -108.1657084,https://www.google.com/maps/place/?q=place_id:ChIJG2ckKVyPO4cRpJw5nZbixUE,https://www.google.com/search?kgmid=/g/11pr9cjh9k,https://lh5.googleusercontent.com/p/CIHM0ogKEICAgIDRxaqtPw,"https://t1.gstatic.com/faviconV2?client=SOCIAL&type=FAVICON&fallback_opts=TYPE,SIZE,URL&url=https://www.sandstonecycles.com/&size=48","https://search.google.com/local/reviews?placeid=ChIJG2ckKVyPO4cRpJw5nZbixUE&q=bicycle+shop+near+Clayton+town,+New+Mexico,+USA&authuser=0&hl=en",, , ,,
Sincere Cycles,411 W Water St Unit B  Santa Fe  NM 87501  United States,411 W Water St Unit B,Santa Fe,87501,New Mexico,US,America/Denver,15059838081,,http://sincerecycles.com/,sincerecycles.com,Bicycle store,Bicycle repair shop,Yes,69,5,open,"Saturday, 10 AM-4 PM; Sunday, Closed; Monday, Closed; Tuesday, 10 AM-6 PM; Wednesday, 10 AM-6 PM; Thursday, 10 AM-6 PM; Friday, 10 AM-6 PM; ",10 AM-4 PM,Closed,Closed,10 AM-6 PM,10 AM-6 PM,10 AM-6 PM,10 AM-6 PM,Lat 35.6879442,Lng -105.94430059999999,https://www.google.com/maps/place/?q=place_id:ChIJGeGapJJRGIcR4HHl2BFT2wI,https://www.google.com/search?kgmid=/g/11h0bytjd6,https://lh5.googleusercontent.com/p/AF1QipOnlbfp4cTXWJLtlIkx_8MbAD3RuCP0xJ-yFL91,"https://t1.gstatic.com/faviconV2?client=SOCIAL&type=FAVICON&fallback_opts=TYPE,SIZE,URL&url=http://sincerecycles.com/&size=48","https://search.google.com/local/reviews?placeid=ChIJGeGapJJRGIcR4HHl2BFT2wI&q=bicycle+shop+near+Clayton+town,+New+Mexico,+USA&authuser=0&hl=en",,https://facebook.com/sincerecyclessf, ,https://www.instagram.com/sincerecycles,
High Desert East,8110 Louisiana Blvd NE Suite A  Albuquerque  NM 87113  United States,8110 Louisiana Blvd NE Suite A,Albuquerque,87113,New Mexico,US,America/Denver,15058428260,,http://www.highdesertbicycles.com/,highdesertbicycles.com,Bicycle store,Bicycle repair shop,Yes,140,4.3,open,"Saturday, 9 AM-5 PM; Sunday, Closed; Monday, 10 AM-6 PM; Tuesday, 10 AM-6 PM; Wednesday, 10 AM-6 PM; Thursday, 10 AM-6 PM; Friday, 10 AM-6 PM; ",9 AM-5 PM,Closed,10 AM-6 PM,10 AM-6 PM,10 AM-6 PM,10 AM-6 PM,10 AM-6 PM,Lat 35.1754798,Lng -106.5685366,https://www.google.com/maps/place/?q=place_id:ChIJHbaDbbh1IocR6DiCf8xozuk,https://www.google.com/search?kgmid=/g/113jfvs0x,https://lh5.googleusercontent.com/p/AF1QipPzGRSxL6PEo1Trt1SiP13TiSSjneWhiNZHYbWA,"https://t1.gstatic.com/faviconV2?client=SOCIAL&type=FAVICON&fallback_opts=TYPE,SIZE,URL&url=http://www.highdesertbicycles.com/&size=48","https://search.google.com/local/reviews?placeid=ChIJHbaDbbh1IocR6DiCf8xozuk&q=bicycle+shop+near+Milan+village,+New+Mexico,+USA&authuser=0&hl=en",(505) 896-4700 | (505) 842-8260,https://www.facebook.com/Highdesertbicycles, ,https://www.instagram.com/highdesertbicycles/,
Tartarian LLC E bikes and scooters,901 Pinon St suite 201  Las Cruces  NM 88001  United States,901 Pinon St suite 201,Las Cruces,88001,New Mexico,US,America/Denver,15753860983,,https://www.tartarianebikes.com/,tartarianebikes.com,Bicycle store, ,Yes,10,5,open,"Saturday, 10 AM-3 PM; Sunday, Closed; Monday, 10 AM-6 PM; Tuesday, 10 AM-6 PM; Wednesday, 10 AM-6 PM; Thursday, 10 AM-6 PM; Friday, 10 AM-6 PM; ",10 AM-3 PM,Closed,10 AM-6 PM,10 AM-6 PM,10 AM-6 PM,10 AM-6 PM,10 AM-6 PM,Lat 32.3189792,Lng -106.77156459999999,https://www.google.com/maps/place/?q=place_id:ChIJjY3k17A93oYRmMEE3_4Gl7Q,https://www.google.com/search?kgmid=/g/11ydl10tqj,https://lh5.googleusercontent.com/p/CIABIhC8gAe-XziKN0dnTw-q-EIk,"https://t1.gstatic.com/faviconV2?client=SOCIAL&type=FAVICON&fallback_opts=TYPE,SIZE,URL&url=https://www.tartarianebikes.com/&size=48","https://search.google.com/local/reviews?placeid=ChIJjY3k17A93oYRmMEE3_4Gl7Q&q=bicycle+shop+near+Mesilla+town,+New+Mexico,+USA&authuser=0&hl=en",, , ,,
Bike And A Box,4609 Lumber Ave NE ste a  Albuquerque  NM 87109  United States,4609 Lumber Ave NE ste a,Albuquerque,87109,New Mexico,US,America/Denver,15058834831,,http://bikeandabox.com/,bikeandabox.com,Bicycle store, ,Yes,3,3.7,open,"Saturday, Closed; Sunday, Closed; Monday, 10 AM-5 PM; Tuesday, 10 AM-5 PM; Wednesday, 10 AM-5 PM; Thursday, 10 AM-5 PM; Friday, 10 AM-5 PM; ",Closed,Closed,10 AM-5 PM,10 AM-5 PM,10 AM-5 PM,10 AM-5 PM,10 AM-5 PM,Lat 35.1353623,Lng -106.5928785,https://www.google.com/maps/place/?q=place_id:ChIJl3304uV0IocRQbfNNhgHQyU,https://www.google.com/search?kgmid=/g/11g6tzf9y8,https://lh5.googleusercontent.com/p/AF1QipNcujJxMA67T7gfTDxwA-4C0B5V_djhFxYYKIO8,"https://t1.gstatic.com/faviconV2?client=SOCIAL&type=FAVICON&fallback_opts=TYPE,SIZE,URL&url=http://bikeandabox.com/&size=48","https://search.google.com/local/reviews?placeid=ChIJl3304uV0IocRQbfNNhgHQyU&q=bicycle+shop+near+Bosque+Farms+village,+New+Mexico,+USA&authuser=0&hl=en",, , ,,
Trek Bicycle,5000 Menaul Blvd NE Suite A  Albuquerque  NM 87110  United States,5000 Menaul Blvd NE Suite A,Albuquerque,87110,New Mexico,US,America/Denver,15053127243,,https://www.trekbikes.com/us/en_US/retail/albuquerque/?y_source=1_MjI1NTk2ODktNzE1LWxvY2F0aW9uLndlYnNpdGU%3D,trekbikes.com,Bicycle store,Bicycle repair shop,Yes,941,4.8,open,"Saturday, 10 AM-6 PM; Sunday, 12-5 PM; Monday, 10 AM-6 PM; Tuesday, 10 AM-6 PM; Wednesday, 10 AM-6 PM; Thursday, 10 AM-6 PM; Friday, 10 AM-6 PM; ",10 AM-6 PM,12-5 PM,10 AM-6 PM,10 AM-6 PM,10 AM-6 PM,10 AM-6 PM,10 AM-6 PM,Lat 35.108475999999996,Lng -106.58754169999999,https://www.google.com/maps/place/?q=place_id:ChIJLXJZVCsLIocRtMfusEjEVY0,https://www.google.com/search?kgmid=/g/1vxw8qty,https://lh5.googleusercontent.com/p/CIHM0ogKEICAgID4rKOzDg,"https://t1.gstatic.com/faviconV2?client=SOCIAL&type=FAVICON&fallback_opts=TYPE,SIZE,URL&url=https://www.trekbikes.com/us/en_US/retail/albuquerque/?y_source=1_MjI1NTk2ODktNzE1LWxvY2F0aW9uLndlYnNpdGU%3D&size=48","https://search.google.com/local/reviews?placeid=ChIJLXJZVCsLIocRtMfusEjEVY0&q=bicycle+shop+near+Eunice,+New+Mexico,+USA&authuser=0&hl=en",,https://www.facebook.com/TrekBicycle,https://twitter.com/trekbikes,https://instagram.com/trekbikes/,https://www.youtube.com/user/trekbikesusa
Barefoot Bikes,102 N Main Ave  Aztec  NM 87410  United States,102 N Main Ave,Aztec,87410,New Mexico,US,America/Denver,15056349004,,http://www.barefoot.bike/,barefoot.bike,Bicycle store,Bicycle repair shop,Yes,178,5,open,"Saturday, 10 AM-6 PM; Sunday, Closed; Monday, Closed; Tuesday, 10 AM-6 PM; Wednesday, 10 AM-6 PM; Thursday, 10 AM-6 PM; Friday, 10 AM-6 PM; ",10 AM-6 PM,Closed,Closed,10 AM-6 PM,10 AM-6 PM,10 AM-6 PM,10 AM-6 PM,Lat 36.8225036,Lng -107.9945972,https://www.google.com/maps/place/?q=place_id:ChIJNa13mweJO4cRJ6-PvtqCtjw,https://www.google.com/search?kgmid=/g/11sqqfm7dj,https://lh5.googleusercontent.com/p/AF1QipMdmMWuS-3ocXb5SyFosd_8zGI-4Y4wdAqmz7cg,"https://t1.gstatic.com/faviconV2?client=SOCIAL&type=FAVICON&fallback_opts=TYPE,SIZE,URL&url=http://www.barefoot.bike/&size=48","https://search.google.com/local/reviews?placeid=ChIJNa13mweJO4cRJ6-PvtqCtjw&q=bicycle+shop+near+Clayton+town,+New+Mexico,+USA&authuser=0&hl=en",1-505-634-9004,https://www.facebook.com/p/Barefoot-Bikes-100087313518194/, ,https://www.instagram.com/barefootbikes/,
Rift Cycles,1029 Paseo Del Pueblo Norte #3  El Prado  NM 87529  United States,1029 Paseo Del Pueblo Norte #3,El Prado,87529,New Mexico,US,America/Denver,15756942096,,https://www.riftcycles.com/,riftcycles.com,Bicycle store, ,Yes,51,4.7,open,"Saturday, Closed; Sunday, Closed; Monday, 10 AM-5 PM; Tuesday, 10 AM-5 PM; Wednesday, 10 AM-5 PM; Thursday, 10 AM-5 PM; Friday, 10 AM-5 PM; ",Closed,Closed,10 AM-5 PM,10 AM-5 PM,10 AM-5 PM,10 AM-5 PM,10 AM-5 PM,Lat 36.4283603,Lng -105.5749385,https://www.google.com/maps/place/?q=place_id:ChIJnTRTozxlF4cRs7BDyym_dYY,https://www.google.com/search?kgmid=/g/1vcjmq65,https://lh5.googleusercontent.com/p/AF1QipNj7iBG9iTBN8SvG-tfeEBwsnh8-m68uosrsmUi,"https://t1.gstatic.com/faviconV2?client=SOCIAL&type=FAVICON&fallback_opts=TYPE,SIZE,URL&url=https://www.riftcycles.com/&size=48","https://search.google.com/local/reviews?placeid=ChIJnTRTozxlF4cRs7BDyym_dYY&q=bicycle+shop+near+Clayton+town,+New+Mexico,+USA&authuser=0&hl=en",, , ,https://www.instagram.com/rift.cycles/,
High Desert West,6624 Caminito Coors NW  Albuquerque  NM 87120  United States,6624 Caminito Coors NW,Albuquerque,87120,New Mexico,US,America/Denver,15058964700,,http://www.highdesertbicycles.com/,highdesertbicycles.com,Bicycle store,Bicycle repair shop,Yes,202,4.4,open,"Saturday, 10 AM-5 PM; Sunday, 11 AM-5 PM; Monday, Closed; Tuesday, 10 AM-6 PM; Wednesday, 10 AM-6 PM; Thursday, 10 AM-6 PM; Friday, 10 AM-6 PM; ",10 AM-5 PM,11 AM-5 PM,Closed,10 AM-6 PM,10 AM-6 PM,10 AM-6 PM,10 AM-6 PM,Lat 35.171633899999996,Lng -106.67391099999999,https://www.google.com/maps/place/?q=place_id:ChIJocBAB_JwIocRktonjbscqq0,https://www.google.com/search?kgmid=/g/1hc5vc7jl,https://lh5.googleusercontent.com/p/AF1QipMPWsVlEhC56KUqWYhVT68jN1zIfANC7qKW4csT,"https://t1.gstatic.com/faviconV2?client=SOCIAL&type=FAVICON&fallback_opts=TYPE,SIZE,URL&url=http://www.highdesertbicycles.com/&size=48","https://search.google.com/local/reviews?placeid=ChIJocBAB_JwIocRktonjbscqq0&q=bicycle+shop+near+Bosque+Farms+village,+New+Mexico,+USA&authuser=0&hl=en",(505) 896-4700 | (505) 842-8260,https://www.facebook.com/Highdesertbicycles, ,https://www.instagram.com/highdesertbicycles/,
Fat Tire Cycles - Corrales,10701 Corrales Rd Suite 16  Albuquerque  NM 87114  United States,10701 Corrales Rd Suite 16,Albuquerque,87114,New Mexico,US,America/Denver,15053459005,,http://fattirecycles.com/,fattirecycles.com,Bicycle store, ,Yes,74,4.8,open,"Saturday, 10 AM-6 PM; Sunday, Closed; Monday, 10 AM-6 PM; Tuesday, 10 AM-6 PM; Wednesday, 10 AM-6 PM; Thursday, 10 AM-6 PM; Friday, 10 AM-5 PM; ",10 AM-6 PM,Closed,10 AM-6 PM,10 AM-6 PM,10 AM-6 PM,10 AM-6 PM,10 AM-5 PM,Lat 35.205042299999995,Lng -106.6479233,https://www.google.com/maps/place/?q=place_id:ChIJozJueIRxIocRPxeG8iiMtcU,https://www.google.com/search?kgmid=/g/11t_pzjygf,https://lh5.googleusercontent.com/p/AF1QipOjVM6Me-DQWZ8Dskq90EhHKJvGww90y-EekEqM,"https://t1.gstatic.com/faviconV2?client=SOCIAL&type=FAVICON&fallback_opts=TYPE,SIZE,URL&url=http://fattirecycles.com/&size=48","https://search.google.com/local/reviews?placeid=ChIJozJueIRxIocRPxeG8iiMtcU&q=bicycle+shop+near+Clayton+town,+New+Mexico,+USA&authuser=0&hl=en",505-345-9005,https://www.facebook.com/fattirecycles, ,https://www.instagram.com/fat_tire_cycles/,
Goathead Bicycle Repair,1350 Paseo Del Pueblo Sur ste #5  Taos  NM 87571  United States,1350 Paseo Del Pueblo Sur ste #5,Taos,87571,New Mexico,US,America/Denver,15756138069,,https://www.goatheadbicyclerepair.com/,goatheadbicyclerepair.com,Bicycle store, ,Yes,17,5,open,"Saturday, 12-6 PM; Sunday, Closed; Monday, Closed; Tuesday, 12-6 PM; Wednesday, 12-6 PM; Thursday, 12-6 PM; Friday, 12-6 PM; ",12-6 PM,Closed,Closed,12-6 PM,12-6 PM,12-6 PM,12-6 PM,Lat 36.3749142,Lng -105.5943846,https://www.google.com/maps/place/?q=place_id:ChIJPTH5dCV7F4cRt6jxJyLD-4c,https://www.google.com/search?kgmid=/g/11vrvz695k,https://lh5.googleusercontent.com/p/CIHM0ogKEICAgICLgqDNnAE,"https://t1.gstatic.com/faviconV2?client=SOCIAL&type=FAVICON&fallback_opts=TYPE,SIZE,URL&url=https://www.goatheadbicyclerepair.com/&size=48","https://search.google.com/local/reviews?placeid=ChIJPTH5dCV7F4cRt6jxJyLD-4c&q=bicycle+shop+near+Clayton+town,+New+Mexico,+USA&authuser=0&hl=en",, , ,,
The Broken Spoke,1426 Cerrillos Rd  Santa Fe  NM 87505  United States,1426 Cerrillos Rd,Santa Fe,87505,New Mexico,US,America/Denver,15059923102,,http://www.brokenspokesantafe.com/,brokenspokesantafe.com,Bicycle store,Bicycle repair shop,Yes,203,4.7,open,"Saturday, 10 AM-5 PM; Sunday, Closed; Monday, 10 AM-6 PM; Tuesday, 10 AM-6 PM; Wednesday, 10 AM-6 PM; Thursday, 10 AM-6 PM; Friday, 10 AM-6 PM; ",10 AM-5 PM,Closed,10 AM-6 PM,10 AM-6 PM,10 AM-6 PM,10 AM-6 PM,10 AM-6 PM,Lat 35.6695092,Lng -105.9658017,https://www.google.com/maps/place/?q=place_id:ChIJrWeInH9QGIcRYokh2g-lv4I,https://www.google.com/search?kgmid=/g/1xn_nvg0,https://lh5.googleusercontent.com/p/CIHM0ogKEICAgICRvL_nygE,"https://t1.gstatic.com/faviconV2?client=SOCIAL&type=FAVICON&fallback_opts=TYPE,SIZE,URL&url=http://www.brokenspokesantafe.com/&size=48","https://search.google.com/local/reviews?placeid=ChIJrWeInH9QGIcRYokh2g-lv4I&q=bicycle+shop+near+Clayton+town,+New+Mexico,+USA&authuser=0&hl=en",+5059923102 | 505-992-3102,https://www.facebook.com/pages/The-Broken-Spoke/102125009854151,https://twitter.com/brokespokesf,https://instagram.com/brokenspokesantafe/,
REI,1550 Mercantile Ave NE  Albuquerque  NM 87107  United States,1550 Mercantile Ave NE,Albuquerque,87107,New Mexico,US,America/Denver,15052471191,,https://www.rei.com/stores/albuquerque?y_source=1_MTQ1MzM4OS03MTUtbG9jYXRpb24ud2Vic2l0ZQ==,rei.com,Bicycle repair shop,,Yes,885,4.4,open,"Saturday, 9 AM-7 PM; Sunday, 10 AM-6 PM; Monday, 10 AM-9 PM; Tuesday, 10 AM-9 PM; Wednesday, 10 AM-9 PM; Thursday, 10 AM-9 PM; Friday, 10 AM-9 PM; ",9 AM-7 PM,10 AM-6 PM,10 AM-9 PM,10 AM-9 PM,10 AM-9 PM,10 AM-9 PM,10 AM-9 PM,Lat 35.135253,Lng -106.60731399999999,https://www.google.com/maps/place/?q=place_id:ChIJC9yOEJN0IocRE5kLawLsx_4,https://www.google.com/search?kgmid=/g/1tcw424c,https://lh5.googleusercontent.com/p/CIHM0ogKEICAgIC44oDa5QE,"https://t1.gstatic.com/faviconV2?client=SOCIAL&type=FAVICON&fallback_opts=TYPE,SIZE,URL&url=https://www.rei.com/stores/albuquerque?y_source=1_MTQ1MzM4OS03MTUtbG9jYXRpb24ud2Vic2l0ZQ==&size=48","https://search.google.com/local/reviews?placeid=ChIJC9yOEJN0IocRE5kLawLsx_4&q=bicycle+shop+near+Milan+village,+New+Mexico,+USA&authuser=0&hl=en",+15052471191 | 5059823557,https://www.facebook.com/REI/, ,https://www.instagram.com/rei/,https://www.youtube.com/user/reifindout/
REI,500 Market St #100  Santa Fe  NM 87501  United States,500 Market St #100,Santa Fe,87501,New Mexico,US,America/Denver,15059823557,,https://www.rei.com/stores/santa-fe?y_source=1_MTQ1MzQ1Ni03MTUtbG9jYXRpb24ud2Vic2l0ZQ==,rei.com,Bicycle repair shop,,Yes,419,4.3,open,"Friday, 10 AM-8 PM; Saturday, 10 AM-7 PM; Sunday, 10 AM-6 PM; Monday, 10 AM-8 PM; Tuesday, 10 AM-8 PM; Wednesday, 10 AM-8 PM; Thursday, 10 AM-8 PM; ",10 AM-7 PM,10 AM-6 PM,10 AM-8 PM,10 AM-8 PM,10 AM-8 PM,10 AM-8 PM,10 AM-8 PM,Lat 35.6839796,Lng -105.94816759999999,https://www.google.com/maps/place/?q=place_id:ChIJnfWwO2pQGIcRoxFjrBWwB6E,https://www.google.com/search?kgmid=/g/1thxlj5_,https://lh5.googleusercontent.com/p/CIHM0ogKEICAgICkhqaOTA,"https://t1.gstatic.com/faviconV2?client=SOCIAL&type=FAVICON&fallback_opts=TYPE,SIZE,URL&url=https://www.rei.com/stores/santa-fe?y_source=1_MTQ1MzQ1Ni03MTUtbG9jYXRpb24ud2Vic2l0ZQ==&size=48","https://search.google.com/local/reviews?placeid=ChIJnfWwO2pQGIcRoxFjrBWwB6E&q=bicycle+shop+near+Espanola,+New+Mexico,+USA&authuser=0&hl=en",+15059823557 | 5052471191,https://www.facebook.com/REI/, ,https://www.instagram.com/rei/,https://www.youtube.com/user/reifindout/
Morning Star Outfitters,421 N Broadway St  Truth or Consequences  NM 87901  United States,421 N Broadway St,Truth or Consequences,87901,New Mexico,US,America/Denver,15758948715,,https://www.facebook.com/Morning-Star-Outfitters-104118694405042/,facebook.com,Bicycle rental service,,Yes,32,4.6,open,"Saturday, 10 AM-3 PM; Sunday, Closed; Monday, 9 AM-5 PM; Tuesday, 9 AM-5 PM; Wednesday, 9 AM-5 PM; Thursday, 9 AM-5 PM; Friday, 9 AM-5 PM; ",10 AM-3 PM,Closed,9 AM-5 PM,9 AM-5 PM,9 AM-5 PM,9 AM-5 PM,9 AM-5 PM,Lat 33.1286274,Lng -107.25542399999999,https://www.google.com/maps/place/?q=place_id:ChIJZ5BK8s2D34YREb7XLQ4mE2Q,https://www.google.com/search?kgmid=/g/11j0s28fwd,https://lh5.googleusercontent.com/p/AF1QipM_mecyT1b7rDu27RgEhG9zDkurSmtaDMQfRLE9,"https://t1.gstatic.com/faviconV2?client=SOCIAL&type=FAVICON&fallback_opts=TYPE,SIZE,URL&url=https://www.facebook.com/Morning-Star-Outfitters-104118694405042/&size=48","https://search.google.com/local/reviews?placeid=ChIJZ5BK8s2D34YREb7XLQ4mE2Q&q=bicycle+shop+near+Tatum+town,+New+Mexico,+USA&authuser=0&hl=en",,https://www.facebook.com/, ,https://l.facebook.com/l.php?u=https%3A%2F%2Fwww.instagram.com%2F&h=AT2GE61_-kc2JKwkpJm-Pf6N9ve52Rl28VCtjNEBMx0ADNAmbM2aIjmAO6aYIgwYgFaYzZ6VKs-k16peKDdRM8fWzW_9kEPGJACXw2o9Z47-gXV2QTo8CAO3H9rQas4woE3kbIHqaMXdMqcLNfHNgw,
Gila Hike & Bike,103 E College Ave  Silver City  NM 88061  United States,103 E College Ave,Silver City,88061,New Mexico,US,America/Denver,15753883222,,http://www.gilahikeandbike.com/,gilahikeandbike.com,Bicycle rental service,,Yes,218,4.9,open,"Saturday, 9 AM-5 PM; Sunday, Closed; Monday, 9 AM-5 PM; Tuesday, 9 AM-5 PM; Wednesday, 9 AM-5 PM; Thursday, 9 AM-5 PM; Friday, 9 AM-5 PM; ",9 AM-5 PM,Closed,9 AM-5 PM,9 AM-5 PM,9 AM-5 PM,9 AM-5 PM,9 AM-5 PM,Lat 32.774636199999996,Lng -108.2759239,https://www.google.com/maps/place/?q=place_id:ChIJhSzYTZrH2IYRhQ2nUkXlsA0,https://www.google.com/search?kgmid=/g/1tf82111,https://lh5.googleusercontent.com/p/AF1QipPfnMTWkx0_SYrL6ygu6w78ULszLYBCjIb75pUb,"https://t1.gstatic.com/faviconV2?client=SOCIAL&type=FAVICON&fallback_opts=TYPE,SIZE,URL&url=http://www.gilahikeandbike.com/&size=48","https://search.google.com/local/reviews?placeid=ChIJhSzYTZrH2IYRhQ2nUkXlsA0&q=bicycle+shop+near+Lordsburg,+New+Mexico,+USA&authuser=0&hl=en",,https://www.facebook.com/gilahikeandbike/, ,https://www.instagram.com/gilahikeandbike/,
Sport Systems,6915 Montgomery Blvd NE  Albuquerque  NM 87109  United States,6915 Montgomery Blvd NE,Albuquerque,87109,New Mexico,US,America/Denver,15058379400,,http://www.nmsportsystems.com/,nmsportsystems.com,Bicycle repair shop,,Yes,703,4.5,open,"Saturday, 10 AM-6 PM; Sunday, 12-5 PM; Monday, 10 AM-7 PM; Tuesday, 10 AM-7 PM; Wednesday, 10 AM-7 PM; Thursday, 10 AM-7 PM; Friday, 10 AM-7 PM; ",10 AM-6 PM,12-5 PM,10 AM-7 PM,10 AM-7 PM,10 AM-7 PM,10 AM-7 PM,10 AM-7 PM,Lat 35.131264099999996,Lng -106.5704677,https://www.google.com/maps/place/?q=place_id:ChIJh-cOzyJ1IocRNNvbyZLfCz0,https://www.google.com/search?kgmid=/g/1tgdjg2k,https://lh5.googleusercontent.com/p/AF1QipOPuYD_se9sdfGnzmPNrMUwUylcLxl9192yDDQx,"https://t1.gstatic.com/faviconV2?client=SOCIAL&type=FAVICON&fallback_opts=TYPE,SIZE,URL&url=http://www.nmsportsystems.com/&size=48","https://search.google.com/local/reviews?placeid=ChIJh-cOzyJ1IocRNNvbyZLfCz0&q=bicycle+shop+near+Milan+village,+New+Mexico,+USA&authuser=0&hl=en",15058379400,https://www.facebook.com/sportsystems/,https://www.twitter.com/nmsportsystems,https://www.instagram.com/sportsystems/,https://www.youtube.com/channel/UCNkLJR8BLuQyR_zczsvNI3g
Cottam's of Angel Fire,40 N Angel Fire Rd  Angel Fire  NM 87710  United States,40 N Angel Fire Rd,Angel Fire,87710,New Mexico,US,America/Denver,15753773700,,https://www.cottamsofangelfire.com/,cottamsofangelfire.com,Bicycle rental service,,Yes,180,4.6,open,"Saturday, 9 AM-5 PM; Sunday, 9 AM-5 PM; Monday, Closed; Tuesday, Closed; Wednesday, Closed; Thursday, Closed; Friday, 9 AM-5 PM; ",9 AM-5 PM,9 AM-5 PM,Closed,Closed,Closed,Closed,9 AM-5 PM,Lat 36.389766099999996,Lng -105.27867909999999,https://www.google.com/maps/place/?q=place_id:ChIJURep33tZF4cRJNCDBBMlHl0,https://www.google.com/search?kgmid=/g/1tfh_11k,https://lh5.googleusercontent.com/p/CIHM0ogKEICAgICEseOHSg,"https://t1.gstatic.com/faviconV2?client=SOCIAL&type=FAVICON&fallback_opts=TYPE,SIZE,URL&url=https://www.cottamsofangelfire.com/&size=48","https://search.google.com/local/reviews?placeid=ChIJURep33tZF4cRJNCDBBMlHl0&q=bicycle+shop+near+Angel+Fire+village,+New+Mexico,+USA&authuser=0&hl=en",5753773700, , ,,
Routes Bicycle Tours & Rentals,2113 Charlevoix St NW  Albuquerque  NM 87104  United States,2113 Charlevoix St NW,Albuquerque,87104,New Mexico,US,America/Denver,15059335667,,http://www.routesbicycletours.com/,routesbicycletours.com,Bicycle rental service,,Yes,106,4.9,open,"Saturday, 9 AM-5 PM; Sunday, 9 AM-5 PM; Monday, 9 AM-5 PM; Tuesday, 9 AM-5 PM; Wednesday, Closed; Thursday, 9 AM-5 PM; Friday, 9 AM-5 PM; ",9 AM-5 PM,9 AM-5 PM,9 AM-5 PM,9 AM-5 PM,Closed,9 AM-5 PM,9 AM-5 PM,Lat 35.098253,Lng -106.669913,https://www.google.com/maps/place/?q=place_id:ChIJU22olMsMIocR1uWSDjmkPA8,https://www.google.com/search?kgmid=/g/1tffpt7f,https://lh5.googleusercontent.com/p/AF1QipPXyxdU176oxC5J2Ktr-TFiuuD1hZ4XEUyezqo-,"https://t1.gstatic.com/faviconV2?client=SOCIAL&type=FAVICON&fallback_opts=TYPE,SIZE,URL&url=http://www.routesbicycletours.com/&size=48","https://search.google.com/local/reviews?placeid=ChIJU22olMsMIocR1uWSDjmkPA8&q=bicycle+shop+near+Milan+village,+New+Mexico,+USA&authuser=0&hl=en",, , ,,
Routes Bicycle Tours & Rentals - Santa Fe,410 S Guadalupe St  Santa Fe  NM 87501  United States,410 S Guadalupe St,Santa Fe,87501,New Mexico,US,America/Denver,15054512453,,http://www.routesbicycletours.com/,routesbicycletours.com,Bicycle rental service,,Yes,13,4.9,open,"Saturday, 9 AM-3 PM; Sunday, 9 AM-3 PM; Monday, 9 AM-3 PM; Tuesday, Closed; Wednesday, Closed; Thursday, 9 AM-3 PM; Friday, 9 AM-3 PM; ",9 AM-3 PM,9 AM-3 PM,9 AM-3 PM,Closed,Closed,9 AM-3 PM,9 AM-3 PM,Lat 35.6844038,Lng -105.9465769,https://www.google.com/maps/place/?q=place_id:ChIJAbf3-EZQGIcRwqlqAcgWe9E,https://www.google.com/search?kgmid=/g/11gg99lc2m,https://lh5.googleusercontent.com/p/AF1QipPzWCtIHgqxqSk663vGwOD4hLwiT_e3sEcgGqfY,"https://t1.gstatic.com/faviconV2?client=SOCIAL&type=FAVICON&fallback_opts=TYPE,SIZE,URL&url=http://www.routesbicycletours.com/&size=48","https://search.google.com/local/reviews?placeid=ChIJAbf3-EZQGIcRwqlqAcgWe9E&q=bicycle+shop+near+Dora+village,+New+Mexico,+USA&authuser=0&hl=en",, , ,,
Cycle Session Mobile Bicycle Repair  LLC,,,Los Ranchos de Albuquerque village,,New Mexico,US,America/Denver,15053793895,info@cyclesession.com,http://www.cyclesession.com/,cyclesession.com,Bicycle repair shop,Service establishment,Yes,8,4.5,open, ,,,,,,,,Lat 35.169989,Lng -106.671984,https://www.google.com/maps/place/?q=place_id:ChIJMyTuslVzIocREkUpCjoKR-0,https://www.google.com/search?kgmid=/g/11jw_vx9t4,https://lh5.googleusercontent.com/p/AF1QipMZLBkfz2DAwMkHymozXidUlDiNRRM0FTNtA-FT,"https://t1.gstatic.com/faviconV2?client=SOCIAL&type=FAVICON&fallback_opts=TYPE,SIZE,URL&url=http://www.cyclesession.com/&size=48","https://search.google.com/local/reviews?placeid=ChIJMyTuslVzIocREkUpCjoKR-0&q=bicycle+shop+near+Los+Ranchos+de+Albuquerque+village,+New+Mexico,+USA&authuser=0&hl=en",,https://www.facebook.com/scott.pilgreen.90,https://twitter.com/@cyclesession,http://instagram.com/cyclesession,
Bici-Fixx Mobile Bicycle Repair Shop,,,Tijeras village,,New Mexico,US,America/Denver,15059001511,,https://bici-fixx.com/,bici-fixx.com,Bicycle repair shop,Service establishment,Yes,36,4.8,open,"Saturday, Closed; Sunday, Closed; Monday, 10 AM-9 PM; Tuesday, 10 AM-9 PM; Wednesday, 10 AM-9 PM; Thursday, 10 AM-9 PM; Friday, Closed; ",Closed,Closed,10 AM-9 PM,10 AM-9 PM,10 AM-9 PM,10 AM-9 PM,Closed,Lat 35.0443679,Lng -106.67347199999999,https://www.google.com/maps/place/?q=place_id:ChIJE9RkFuMLIocRugtRuoQajPg,https://www.google.com/search?kgmid=/g/11h51c7t7m,https://lh5.googleusercontent.com/p/AF1QipMs8Fk9yAsOV6MBCHII2qtNJh-jt6US-zyB03Vo,"https://t1.gstatic.com/faviconV2?client=SOCIAL&type=FAVICON&fallback_opts=TYPE,SIZE,URL&url=https://bici-fixx.com/&size=48","https://search.google.com/local/reviews?placeid=ChIJE9RkFuMLIocRugtRuoQajPg&q=bicycle+shop+near+Tijeras+village,+New+Mexico,+USA&authuser=0&hl=en",,https://www.facebook.com/Bici-Fixx-Mobile-Bicycle-Shop-3062263883791294/?modal=admin_todo_tour, ,https://www.instagram.com/bicifixx/,
Pinnacle Bike Tech,,,Los Ranchos de Albuquerque village,,New Mexico,US,America/Denver,15056332533,,https://www.pinnaclebiketech.com/,pinnaclebiketech.com,Bicycle repair shop,Service establishment,Yes,8,5,open,"Friday, 10 AM-5 PM; Saturday, 10 AM-2 PM; Sunday, 10 AM-2 PM; Monday, 10 AM-5 PM; Tuesday, 10 AM-5 PM; Wednesday, 10 AM-5 PM; Thursday, 10 AM-5 PM; ",10 AM-2 PM,10 AM-2 PM,10 AM-5 PM,10 AM-5 PM,10 AM-5 PM,10 AM-5 PM,10 AM-5 PM,Lat 35.0823726,Lng -106.671984,https://www.google.com/maps/place/?q=place_id:ChIJKwb6g5wUq4sRtqekBSvVZxM,https://www.google.com/search?kgmid=/g/11w_kvvl8j,https://lh5.googleusercontent.com/p/AF1QipOiCqWVjBFyxgmulAOPQtPhLFpD6dq1qH9mqIu0,"https://t1.gstatic.com/faviconV2?client=SOCIAL&type=FAVICON&fallback_opts=TYPE,SIZE,URL&url=https://www.pinnaclebiketech.com/&size=48","https://search.google.com/local/reviews?placeid=ChIJKwb6g5wUq4sRtqekBSvVZxM&q=bicycle+shop+near+Los+Ranchos+de+Albuquerque+village,+New+Mexico,+USA&authuser=0&hl=en",, , , , 
Pinnacle Bike Tech,,,Los Ranchos de Albuquerque village,,New Mexico,US,America/Denver,15056332533,,https://www.pinnaclebiketech.com/,pinnaclebiketech.com,Bicycle repair shop,Service establishment,Yes,,,open, ,,,,,,,,Lat 35.0960312,Lng -106.66927179999999,https://www.google.com/maps/place/?q=place_id:ChIJX14yYpzQQQYRV4r7_B7U4ew,https://www.google.com/search?kgmid=/g/11ycg269df,https://lh5.googleusercontent.com/p/AF1QipNA6xEg7sNzXdSI2Ajpuqn_x-mtiRoeJaHU65FZ,"https://t1.gstatic.com/faviconV2?client=SOCIAL&type=FAVICON&fallback_opts=TYPE,SIZE,URL&url=https://www.pinnaclebiketech.com/&size=48", ,, , , , 
Reverse Components USA,,,Cuba village,,New Mexico,US,America/Denver,,,http://www.reverse-components-usa.com/,reverse-components-usa.com,Bicycle store,Service establishment,Yes,,,open,"Saturday, Closed; Sunday, Closed; Monday, 8:30 AM-5:30 PM; Tuesday, 8:30 AM-5:30 PM; Wednesday, 8:30 AM-5:30 PM; Thursday, 8:30 AM-5:30 PM; Friday, 8:30 AM-5:30 PM; ",Closed,Closed,8:30 AM-5:30 PM,8:30 AM-5:30 PM,8:30 AM-5:30 PM,8:30 AM-5:30 PM,8:30 AM-5:30 PM,Lat 46.423669,Lng -129.9427086,https://www.google.com/maps/place/?q=place_id:ChIJoVKRMVJZGIcRDIrIAVGEXY8,https://www.google.com/search?kgmid=/g/11q269hkjv,https://lh5.googleusercontent.com/p/AF1QipN-CYoCmnQP-cw-B4DuSK5hFrcoHOq51Ifhj4tF,"https://t1.gstatic.com/faviconV2?client=SOCIAL&type=FAVICON&fallback_opts=TYPE,SIZE,URL&url=http://www.reverse-components-usa.com/&size=48", ,,https://www.facebook.com/ridereverse, ,https://www.instagram.com/reversecomponents/,https://www.youtube.com/channel/UCQ_V3zTRR0Lt3OSBOwCC6vw
Dougsterbob,,,Clayton town,,New Mexico,US,America/Denver,,,https://dougsterbob.com/,dougsterbob.com,Bicycle store,BMX club,Yes,21,5,open,"Saturday, Open 24 hours; Sunday, Open 24 hours; Monday, Open 24 hours; Tuesday, Open 24 hours; Wednesday, Open 24 hours; Thursday, Open 24 hours; Friday, Open 24 hours; ",Open 24 hours,Open 24 hours,Open 24 hours,Open 24 hours,Open 24 hours,Open 24 hours,Open 24 hours,Lat 46.423669,Lng -129.9427086,https://www.google.com/maps/place/?q=place_id:ChIJW9zVyfs93oYRYqV8-CCiiTg,https://www.google.com/search?kgmid=/g/11kwz05njb,https://lh5.googleusercontent.com/p/AF1QipNygpKySY4rNGxye78gS1lFJ1fZe9W_OEuYTlNQ,"https://t1.gstatic.com/faviconV2?client=SOCIAL&type=FAVICON&fallback_opts=TYPE,SIZE,URL&url=https://dougsterbob.com/&size=48","https://search.google.com/local/reviews?placeid=ChIJW9zVyfs93oYRYqV8-CCiiTg&q=bicycle+shop+near+Clayton+town,+New+Mexico,+USA&authuser=0&hl=en",, , , , 
Mellow Velo,132 E Marcy St  Santa Fe  NM 87501  United States,132 E Marcy St,Santa Fe,87501,New Mexico,US,America/Denver,15059828986,,https://www.mellowvelo.com/,mellowvelo.com,Bicycle store,Bicycle rental service,Yes,178,4.7,permanently closed, ,,,,,,,,Lat 35.6883778,Lng -105.9354345,https://www.google.com/maps/place/?q=place_id:ChIJ_UnB7UZQGIcR3hNBotEh0TM,https://www.google.com/search?kgmid=/g/12cpnnb7f,https://lh5.googleusercontent.com/p/AF1QipNC1YFYlPGKMBK78xDSVPebbUAD_ulyALnG3_l3,"https://t1.gstatic.com/faviconV2?client=SOCIAL&type=FAVICON&fallback_opts=TYPE,SIZE,URL&url=https://www.mellowvelo.com/&size=48","https://search.google.com/local/reviews?placeid=ChIJ_UnB7UZQGIcR3hNBotEh0TM&q=bicycle+shop+near+Chama+village,+New+Mexico,+USA&authuser=0&hl=en",, , ,,
Zia Bike & Board Shop,115 S Canyon St  Carlsbad  NM 88220  United States,115 S Canyon St,Carlsbad,88220,New Mexico,US,America/Denver,15759882826,,https://www.ziabikeandboardshop99.com/,ziabikeandboardshop99.com,Bicycle store, ,Yes,12,3,permanently closed, ,,,,,,,,Lat 32.4196868,Lng -104.2279899,https://www.google.com/maps/place/?q=place_id:ChIJ3WCL1It544YRjrZObTxf0Xk,https://www.google.com/search?kgmid=/g/11nn46n6mq,https://lh5.googleusercontent.com/p/Ly4EZXm4OXRbjia7MHsO_w,"https://t1.gstatic.com/faviconV2?client=SOCIAL&type=FAVICON&fallback_opts=TYPE,SIZE,URL&url=https://www.ziabikeandboardshop99.com/&size=48",https://search.google.com/local/reviews?placeid=ChIJ3WCL1It544YRjrZObTxf0Xk&q=Zia+Bike+%26+Board+Shop&authuser=0&hl=en,, , , , 
Backyard Bicycle Repair & Customs,3684a Lugar De Padilla  Santa Fe  NM 87507  United States,3684a Lugar De Padilla,Santa Fe,87507,New Mexico,US,America/Denver,15053161435,,,,Bicycle repair shop, ,Yes,1,5,Temporarily closed, ,,,,,,,,Lat 35.6625806,Lng -106.00059669999999,https://www.google.com/maps/place/?q=place_id:ChIJyTrDc_9bGIcR4q1aTLMc0Gg,https://www.google.com/search?kgmid=/g/11h_251vmx,https://lh5.googleusercontent.com/p/AF1QipPvzw3y0_QLfLUJFGVCbo39rKNWnipoIqSfBIXC, ,"https://search.google.com/local/reviews?placeid=ChIJyTrDc_9bGIcR4q1aTLMc0Gg&q=bicycle+shop+near+Santa+Fe,+New+Mexico,+USA&authuser=0&hl=en", , , , , 
Havens Bikes Inc.,623 E Main St  Farmington  NM 87401  United States,623 E Main St,Farmington,87401,New Mexico,US,America/Denver,15053271727,,,,Bicycle store, ,Yes,30,4.2,Temporarily closed, ,,,,,,,,Lat 36.7318825,Lng -108.1947641,https://www.google.com/maps/place/?q=place_id:ChIJQVcz3oCPO4cRqOwEJ-bQPNI,https://www.google.com/search?kgmid=/g/1tftlpjh,https://lh5.googleusercontent.com/p/WFlzcMZWkG2hqrEpSYUU3w, ,"https://search.google.com/local/reviews?placeid=ChIJQVcz3oCPO4cRqOwEJ-bQPNI&q=bicycle+shop+near+Jal,+New+Mexico,+USA&authuser=0&hl=en", , , , , 
Triple Crossed BMX,1144 W Picacho Ave Ste A  Las Cruces  NM 88005  United States,1144 W Picacho Ave Ste A,Las Cruces,88005,New Mexico,US,America/Denver,15753233176,,,,Used bicycle shop,Bicycle repair shop,Yes,8,4.5,Temporarily closed, ,,,,,,,,Lat 32.3140779,Lng -106.7940331,https://www.google.com/maps/place/?q=place_id:ChIJNT_vm-Y93oYRHGOpKOxtNbY,https://www.google.com/search?kgmid=/g/11j20svtv0,https://lh5.googleusercontent.com/p/AF1QipO6A-W89pWCddGeMJ_IjiJvqGB91mmHE18le9ri, ,"https://search.google.com/local/reviews?placeid=ChIJNT_vm-Y93oYRHGOpKOxtNbY&q=bicycle+shop+near+Mesilla+town,+New+Mexico,+USA&authuser=0&hl=en", , , , , 
Zip-eRides e-Bike Rentals and Tours,,,Cuba village,,New Mexico,US,America/Denver,15054580699,,https://zip-erides.com/,zip-erides.com,Bicycle rental service,Service establishment,Yes,121,5,Temporarily closed, ,,,,,,,,Lat 35.671279999999996,Lng -106.003192,https://www.google.com/maps/place/?q=place_id:ChIJhyWdip8ISWwRPBQ-eZLaUDY,https://www.google.com/search?kgmid=/g/11ry5j4_04,https://lh5.googleusercontent.com/p/AF1QipPjEqD7Gh-mE0jZ42DsGG8ArhMx3T3MQwrd9SJa,"https://t1.gstatic.com/faviconV2?client=SOCIAL&type=FAVICON&fallback_opts=TYPE,SIZE,URL&url=https://zip-erides.com/&size=48","https://search.google.com/local/reviews?placeid=ChIJhyWdip8ISWwRPBQ-eZLaUDY&q=bicycle+shop+near+Cuba+village,+New+Mexico,+USA&authuser=0&hl=en",,https://www.facebook.com/, ,https://www.instagram.com/,
O’Leary Built Bicycles,,,Milan village,,New Mexico,US,America/Denver,15056709463,,http://olearybuiltbicycles.com/,olearybuiltbicycles.com,Bicycle store,Service establishment,Yes,8,5,Temporarily closed, ,,,,,,,,Lat 46.423669,Lng -129.9427086,https://www.google.com/maps/place/?q=place_id:ChIJK9ck6FhaGIcRpMR1OGcfMRk,https://www.google.com/search?kgmid=/g/11c1hqfhmm,https://lh5.googleusercontent.com/p/CIHM0ogKEICAgIDSpr_gqgE,"https://t1.gstatic.com/faviconV2?client=SOCIAL&type=FAVICON&fallback_opts=TYPE,SIZE,URL&url=http://olearybuiltbicycles.com/&size=48","https://search.google.com/local/reviews?placeid=ChIJK9ck6FhaGIcRpMR1OGcfMRk&q=bicycle+shop+near+Milan+village,+New+Mexico,+USA&authuser=0&hl=en",5056709463,https://www.facebook.com/OLeary-Built-Bicycles-145294752213139/, ,,