Name,Full_Address,Street_Address,City,Zip,State,Country,Timezone,Phone_1,Email,Website,Domain,First_category,Second_category,Claimed_google_my_business,Reviews_count,Average_rating,Business Status,Hours,Saturday,Sunday,Monday,Tuesday,Wednesday,Thursday,Friday,Latitude,Longitude,GMB_URL,Google_Knowledge_URL,Image_URL,Favicon,Review_URL,Phone From WEBSITE,Facebook URL,Twitter URL,Instagram URL,Youtube URL
Brett's Bike Shop,757 Mast Rd  Manchester  NH 03102  United States,757 Mast Rd,Manchester,3102,New Hampshire,US,America/New_York,16035686264,brettsbikeshop@gmail.com,http://www.brettsbikes.com/,brettsbikes.com,Bicycle repair shop,Bicycle Shop,Yes,14,4.7,open,"Friday, 10 AM-6 PM; Saturday, 10 AM-2 PM; Sunday, Closed; Monday, 2-5 PM; Tuesday, 10 AM-6 PM; Wednesday, 10 AM-6 PM; Thursday, 10 AM-6 PM; ",10 AM-2 PM,Closed,2-5 PM,10 AM-6 PM,10 AM-6 PM,10 AM-6 PM,10 AM-6 PM,Lat 42.990456699999996,Lng -71.4992486,https://www.google.com/maps/place/?q=place_id:ChIJZb12WD9J4okRaG05iBJYSfA,https://www.google.com/search?kgmid=/g/11vc37wxq4,https://lh5.googleusercontent.com/p/AF1QipN1It_thY4-0KGf2tpYIf8zic15NCLGYmoq96lu,"https://t1.gstatic.com/faviconV2?client=SOCIAL&type=FAVICON&fallback_opts=TYPE,SIZE,URL&url=http://www.brettsbikes.com/&size=48","https://search.google.com/local/reviews?placeid=ChIJZb12WD9J4okRaG05iBJYSfA&q=bicycle+shop+near+Manchester,+New+York,+USA&authuser=0&hl=en",6035686264,https://www.facebook.com/120179127835586, ,,
The Bike Barn,720 Union St  Manchester  NH 03104  United States,720 Union St,Manchester,3104,New Hampshire,US,America/New_York,16036686555,info@bikebarnusa.com,http://www.bikebarnusa.com/,bikebarnusa.com,Bicycle store,Bicycle repair shop,Yes,112,4.3,open,"Friday, 10 AM-4 PM; Saturday, 10 AM-4 PM; Sunday, Closed; Monday, Closed; Tuesday, 10 AM-4 PM; Wednesday, 10 AM-4 PM; Thursday, 10 AM-4 PM; ",10 AM-4 PM,Closed,Closed,10 AM-4 PM,10 AM-4 PM,10 AM-4 PM,10 AM-4 PM,Lat 42.9998868,Lng -71.4588505,https://www.google.com/maps/place/?q=place_id:ChIJ0-fnF9dO4okRRTx16VMiNSA,https://www.google.com/search?kgmid=/g/1tfc7m9p,https://lh5.googleusercontent.com/p/AF1QipMwJCQwtAqkVOjtlU_9kdeBWb6zr4M-MeA4AfvB,"https://t1.gstatic.com/faviconV2?client=SOCIAL&type=FAVICON&fallback_opts=TYPE,SIZE,URL&url=http://www.bikebarnusa.com/&size=48","https://search.google.com/local/reviews?placeid=ChIJ0-fnF9dO4okRRTx16VMiNSA&q=bicycle+shop+near+Manchester,+Iowa,+USA&authuser=0&hl=en",16036686555,https://www.facebook.com/chris.bikebarn/, ,,
Chain Line Cycles LLC,60 Bay St STE 9  Laconia  NH 03246  United States,60 Bay St STE 9,Laconia,3246,New Hampshire,US,America/New_York,16035286301,info@chainlinecycles.com,http://www.chainlinecycles.com/,chainlinecycles.com,Bicycle store, ,Yes,30,4.5,open,"Friday, 10 AM-6 PM; Saturday, 10 AM-4 PM; Sunday, Closed; Monday, 10 AM-6 PM; Tuesday, 10 AM-6 PM; Wednesday, 10 AM-6 PM; Thursday, 10 AM-6 PM; ",10 AM-4 PM,Closed,10 AM-6 PM,10 AM-6 PM,10 AM-6 PM,10 AM-6 PM,10 AM-6 PM,Lat 43.5225043,Lng -71.476685,https://www.google.com/maps/place/?q=place_id:ChIJzWa3w1w0s0wRkmQWeEnFbT4,https://www.google.com/search?kgmid=/g/1th7xz45,https://lh5.googleusercontent.com/p/AF1QipNKKv77O_RpRxdi7EV22TtJQwKd3KDSKUuayx_M,"https://t1.gstatic.com/faviconV2?client=SOCIAL&type=FAVICON&fallback_opts=TYPE,SIZE,URL&url=http://www.chainlinecycles.com/&size=48","https://search.google.com/local/reviews?placeid=ChIJzWa3w1w0s0wRkmQWeEnFbT4&q=bicycle+shop+near+Laconia,+New+Hampshire,+USA&authuser=0&hl=en",,https://www.facebook.com/pages/category/Bicycle-Shop/chain-line-cycles-44540621918/,https://twitter.com/chainlinecycles,https://instagram.com/chainlinecycles,https://www.youtube.com/@ChainlineCycles
Drummond Custom Cycles,24 Caleb Dyer Ln  Enfield  NH 03748  United States,24 Caleb Dyer Ln,Enfield,3748,New Hampshire,US,America/New_York,16036324277,info@drummondcycles.com,https://drummondcycles.com/,drummondcycles.com,Bicycle store, ,Yes,64,4.8,open,"Saturday, 10 AM-5 PM; Sunday, Closed; Monday, Closed; Tuesday, 10 AM-5 PM; Wednesday, 10 AM-5 PM; Thursday, 10 AM-5 PM; Friday, 10 AM-5 PM; ",10 AM-5 PM,Closed,Closed,10 AM-5 PM,10 AM-5 PM,10 AM-5 PM,10 AM-5 PM,Lat 43.6206865,Lng -72.1453002,https://www.google.com/maps/place/?q=place_id:ChIJo62V7fSytEwRFyXJr5rHsZY,https://www.google.com/search?kgmid=/g/1v4pslrk,https://lh5.googleusercontent.com/p/CIHM0ogKEICAgID4oNfXcw,"https://t1.gstatic.com/faviconV2?client=SOCIAL&type=FAVICON&fallback_opts=TYPE,SIZE,URL&url=https://drummondcycles.com/&size=48","https://search.google.com/local/reviews?placeid=ChIJo62V7fSytEwRFyXJr5rHsZY&q=bicycle+shop+near+Perkinsville+village,+Vermont,+USA&authuser=0&hl=en",603-632-4277, , ,,
The Wheel House,18 Robert Easter Way  Claremont  NH 03743  United States,18 Robert Easter Way,Claremont,3743,New Hampshire,US,America/New_York,16035422453,info@thewheelhousebikes.com,http://www.thewheelhousebikes.com/,thewheelhousebikes.com,Bicycle store,Bicycle repair shop,Yes,260,5,open,"Saturday, 10 AM-3 PM; Sunday, Closed; Monday, 10 AM-5 PM; Tuesday, 10 AM-5 PM; Wednesday, 10 AM-5 PM; Thursday, 10 AM-5 PM; Friday, 10 AM-5 PM; ",10 AM-3 PM,Closed,10 AM-5 PM,10 AM-5 PM,10 AM-5 PM,10 AM-5 PM,10 AM-5 PM,Lat 43.363164,Lng -72.33300919999999,https://www.google.com/maps/place/?q=place_id:ChIJF4RvMqjB4YkR9UyJr63CYro,https://www.google.com/search?kgmid=/g/1tf03g_t,https://lh5.googleusercontent.com/p/CIHM0ogKEICAgIDO3_6fpAE,"https://t1.gstatic.com/faviconV2?client=SOCIAL&type=FAVICON&fallback_opts=TYPE,SIZE,URL&url=http://www.thewheelhousebikes.com/&size=48","https://search.google.com/local/reviews?placeid=ChIJF4RvMqjB4YkR9UyJr63CYro&q=bicycle+shop+near+Jacksonville+village,+Vermont,+USA&authuser=0&hl=en",603-542-2453, , ,,
Dover Cyclery LLC,12 Chestnut St  Dover  NH 03820  United States,12 Chestnut St,Dover,3820,New Hampshire,US,America/New_York,16036173844,mike@dovercyclery.net,https://dovercyclery.net/,dovercyclery.net,Bicycle store, ,Yes,61,4.9,open,"Friday, 12-6 PM; Saturday, 11 AM-5 PM; Sunday, Closed; Monday, Closed; Tuesday, 10 AM-5 PM; Wednesday, 12-6 PM; Thursday, 10 AM-6 PM; ",11 AM-5 PM,Closed,Closed,10 AM-5 PM,12-6 PM,10 AM-6 PM,12-6 PM,Lat 43.1997826,Lng -70.8764252,https://www.google.com/maps/place/?q=place_id:ChIJT4HfJRGX4okRDHQFnhrjQbU,https://www.google.com/search?kgmid=/g/1tgjm8z6,https://lh5.googleusercontent.com/p/AF1QipOBaQ-mm_Abyem19YUeZzVEc2GPaX-1W_OQkQM,"https://t1.gstatic.com/faviconV2?client=SOCIAL&type=FAVICON&fallback_opts=TYPE,SIZE,URL&url=https://dovercyclery.net/&size=48","https://search.google.com/local/reviews?placeid=ChIJT4HfJRGX4okRDHQFnhrjQbU&q=bicycle+shop+near+Dover,+New+Hampshire,+USA&authuser=0&hl=en",1-603-617-3844,https://www.facebook.com/dovercyclery, ,https://www.instagram.com/dovercyclery/,
The Notch Cyclery,25 Vintinner Rd  Campton  NH 03223  United States,25 Vintinner Rd,Campton,3223,New Hampshire,US,America/New_York,16039609317,ride@notchcyclery.com,https://www.notchcyclery.com/,notchcyclery.com,Bicycle store,Bicycle repair shop,Yes,21,5,open,"Saturday, 10 AM-6 PM; Sunday, 10 AM-4 PM; Monday, 10 AM-6 PM; Tuesday, Closed; Wednesday, 10 AM-6 PM; Thursday, 10 AM-6 PM; Friday, 10 AM-6 PM; ",10 AM-6 PM,10 AM-4 PM,10 AM-6 PM,Closed,10 AM-6 PM,10 AM-6 PM,10 AM-6 PM,Lat 43.849008999999995,Lng -71.6429871,https://www.google.com/maps/place/?q=place_id:ChIJd1slD-pns0wRnH0RvRtSLvE,https://www.google.com/search?kgmid=/g/11tg986q_j,https://lh5.googleusercontent.com/p/AF1QipPVEeIB_RgBH-ZUNMQLJTxBi00uiY1KHoXoukrq,"https://t1.gstatic.com/faviconV2?client=SOCIAL&type=FAVICON&fallback_opts=TYPE,SIZE,URL&url=https://www.notchcyclery.com/&size=48","https://search.google.com/local/reviews?placeid=ChIJd1slD-pns0wRnH0RvRtSLvE&q=bicycle+shop+near+Wells+River+village,+Vermont,+USA&authuser=0&hl=en",6039609317,https://www.facebook.com/p/The-Notch-Cyclery-100086409825465/, ,https://www.instagram.com/thenotchcyclery/,
Queen City Bicycle Collective,35 Elm St  Manchester  NH 03101  United States,35 Elm St,Manchester,3101,New Hampshire,US,America/New_York,16034931720,tyler@qcbike.org,http://qcbike.org/,qcbike.org,Bicycle repair shop,Non-profit organization,Yes,88,4.8,open,"Friday, Closed; Saturday, 12-4 PM; Sunday, Closed; Monday, Closed; Tuesday, 3-7 PM; Wednesday, Closed; Thursday, 3-7 PM; ",12-4 PM,Closed,Closed,3-7 PM,Closed,3-7 PM,Closed,Lat 42.9749761,Lng -71.4628225,https://www.google.com/maps/place/?q=place_id:ChIJvZJFe99O4okRDBLrK4pY2V4,https://www.google.com/search?kgmid=/g/11bwyvffnk,https://lh5.googleusercontent.com/p/CIABIhD61xwsct6xqHo3gN-L-FIi,"https://t1.gstatic.com/faviconV2?client=SOCIAL&type=FAVICON&fallback_opts=TYPE,SIZE,URL&url=http://qcbike.org/&size=48","https://search.google.com/local/reviews?placeid=ChIJvZJFe99O4okRDBLrK4pY2V4&q=bicycle+shop+near+Manchester,+New+York,+USA&authuser=0&hl=en",(603)493-1720 | 6034931720,https://www.facebook.com/QCBikeCollective/, ,,
Lakes Region Cyclery,770 Moultonboro Neck Rd  Moultonborough  NH 03254  United States,770 Moultonboro Neck Rd,Moultonborough,3254,New Hampshire,US,America/New_York,16032537436,,,,Bicycle repair shop, ,Yes,27,4.9,open,"Saturday, 10 AM-5 PM; Sunday, 10 AM-5 PM; Monday, 10 AM-5 PM; Tuesday, 10 AM-5 PM; Wednesday, 10 AM-5 PM; Thursday, 10 AM-5 PM; Friday, 10 AM-5 PM; ",10 AM-5 PM,10 AM-5 PM,10 AM-5 PM,10 AM-5 PM,10 AM-5 PM,10 AM-5 PM,10 AM-5 PM,Lat 43.690463799999996,Lng -71.3764649,https://www.google.com/maps/place/?q=place_id:ChIJ750r4tA-s0wR_aoQQzftVUU,https://www.google.com/search?kgmid=/g/1q6j439hg,https://lh5.googleusercontent.com/p/CIHM0ogKEICAgIDEosTAJg, ,"https://search.google.com/local/reviews?placeid=ChIJ750r4tA-s0wR_aoQQzftVUU&q=bicycle+shop+near+Meredith,+New+York,+USA&authuser=0&hl=en", , , , , 
Don's Bicycle Servicenter,17 Bicycle Ave  Rochester  NH 03867  United States,17 Bicycle Ave,Rochester,3867,New Hampshire,US,America/New_York,16033320346,,,,Bicycle store,Bicycle repair shop,No,6,5,open,"Friday, Closed; Saturday, Closed; Sunday, 12-5 PM; Monday, 12-5 PM; Tuesday, 12-5 PM; Wednesday, 12-5 PM; Thursday, 12-5 PM; ",Closed,12-5 PM,12-5 PM,12-5 PM,12-5 PM,12-5 PM,Closed,Lat 43.2894066,Lng -70.9807915,https://www.google.com/maps/place/?q=place_id:ChIJaToPySKb4okRvOn8dKhOVbI,https://www.google.com/search?kgmid=/g/1tgs1ylc,https://lh5.googleusercontent.com/p/CIABIhBYXl1rdqjXKSWdtxj3sf5h, ,"https://search.google.com/local/reviews?placeid=ChIJaToPySKb4okRvOn8dKhOVbI&q=bicycle+shop+near+Somersworth,+New+Hampshire,+USA&authuser=0&hl=en", , , , , 
Littleton Athletic Department,28 Cottage St  Littleton  NH 03561  United States,28 Cottage St,Littleton,3561,New Hampshire,US,America/New_York,16034444484,,,,Bicycle store, ,No,,,open,"Saturday, 9 AM-5 PM; Sunday, Closed; Monday, 10 AM-5 PM; Tuesday, 10 AM-5 PM; Wednesday, 10 AM-5 PM; Thursday, 10 AM-5 PM; Friday, 10 AM-5 PM; ",9 AM-5 PM,Closed,10 AM-5 PM,10 AM-5 PM,10 AM-5 PM,10 AM-5 PM,10 AM-5 PM,Lat 44.3051739,Lng -71.7702031,https://www.google.com/maps/place/?q=place_id:ChIJOQjo5C1vtEwRh0BdX4UaOus,https://www.google.com/search?kgmid=/g/1tg867rt,https://lh5.googleusercontent.com/p/oSKZ7crYt3Etz2WSrK7KPg, , , , , , , 
Ocean Cycles & Beach Rentals,45 Ashworth Ave  Hampton  NH 03842  United States,45 Ashworth Ave,Hampton,3842,New Hampshire,US,America/New_York,16033951246,,https://oceans.rentals/,oceans.rentals,Bicycle rental service, ,Yes,19,4.5,open,"Friday, 9 AM-5 PM; Saturday, 9 AM-5 PM; Sunday, 9 AM-5 PM; Monday, 9 AM-5 PM; Tuesday, 9 AM-5 PM; Wednesday, 9 AM-5 PM; Thursday, 9 AM-5 PM; ",9 AM-5 PM,9 AM-5 PM,9 AM-5 PM,9 AM-5 PM,9 AM-5 PM,9 AM-5 PM,9 AM-5 PM,Lat 42.9108619,Lng -70.81204579999999,https://www.google.com/maps/place/?q=place_id:ChIJIemOdavC4okRcXOhSHXnwbY,https://www.google.com/search?kgmid=/g/11fx8h0zxs,https://lh5.googleusercontent.com/p/AF1QipNG1npWtZUFmePRCquHNcyO3BPXFRpZQTDNnV6k,"https://t1.gstatic.com/faviconV2?client=SOCIAL&type=FAVICON&fallback_opts=TYPE,SIZE,URL&url=https://oceans.rentals/&size=48","https://search.google.com/local/reviews?placeid=ChIJIemOdavC4okRcXOhSHXnwbY&q=bicycle+shop+near+Amesbury+Town,+Massachusetts,+USA&authuser=0&hl=en",, , ,,
The Cycle Sanctuary,310 Marlboro St suite 195  Keene  NH 03431  United States,310 Marlboro St suite 195,Keene,3431,New Hampshire,US,America/New_York,16037579842,,https://www.facebook.com/26aintdead,facebook.com,Bicycle repair shop, ,Yes,8,5,open,"Friday, 10 AM-4 PM; Saturday, Closed; Sunday, Closed; Monday, 10 AM-4 PM; Tuesday, 10 AM-4 PM; Wednesday, 10 AM-4 PM; Thursday, 10 AM-4 PM; ",Closed,Closed,10 AM-4 PM,10 AM-4 PM,10 AM-4 PM,10 AM-4 PM,10 AM-4 PM,Lat 42.9264477,Lng -72.26699669999999,https://www.google.com/maps/place/?q=place_id:ChIJ5a6Ej0Nz4YkRfrC6UdzYyQU,https://www.google.com/search?kgmid=/g/11xg6z5_0l,https://lh5.googleusercontent.com/p/AF1QipMfxrGilZ8UPugbssQCmIBmei0St7QY_4jmGINy,"https://t1.gstatic.com/faviconV2?client=SOCIAL&type=FAVICON&fallback_opts=TYPE,SIZE,URL&url=https://www.facebook.com/26aintdead&size=48","https://search.google.com/local/reviews?placeid=ChIJ5a6Ej0Nz4YkRfrC6UdzYyQU&q=bicycle+shop+near+Keene,+New+Hampshire,+USA&authuser=0&hl=en",,https://www.facebook.com/recover/initiate/?ars=facebook_login&cancel_lara_pswd=0&next=https%3A%2F%2Fwww.facebook.com%2F26aintdead, ,https://l.facebook.com/l.php?u=https%3A%2F%2Fwww.instagram.com%2F&h=AT2SGHk1B1pLbnsPcBe-z0Sf_WR-h4tHhEcGYbrPm-oXzyFcXKYcwk1pf_rL2L7JndUMkWJEgxPTtggjhmGsEajUIYFpnvS7As2IaaqslbVHKSyDIPC6PxWXMXGfff-Gdg89PuVrsIH46H_Ca5VXTw,
The Spoke 'n' Word: Bicycle Repair & Advice,10 Spring St  Colebrook  NH 03576  United States,10 Spring St,Colebrook,3576,New Hampshire,US,America/New_York,16032371613,,http://www.thespokenwordbikeshop.com/,thespokenwordbikeshop.com,Bicycle repair shop, ,Yes,36,4.9,open,"Saturday, 2-6 PM; Sunday, Closed; Monday, Closed; Tuesday, Closed; Wednesday, Closed; Thursday, 9 AM-2 PM; Friday, 9 AM-2 PM; ",2-6 PM,Closed,Closed,Closed,Closed,9 AM-2 PM,9 AM-2 PM,Lat 44.8917808,Lng -71.4963226,https://www.google.com/maps/place/?q=place_id:ChIJ96FE1CGWtkwReAwNb8_SmTY,https://www.google.com/search?kgmid=/g/1pzsmjkd7,https://lh5.googleusercontent.com/p/AF1QipNIuWyyKo2AnFM9v1pXzFGleVdNQO7nEvxsbR8L,"https://t1.gstatic.com/faviconV2?client=SOCIAL&type=FAVICON&fallback_opts=TYPE,SIZE,URL&url=http://www.thespokenwordbikeshop.com/&size=48","https://search.google.com/local/reviews?placeid=ChIJ96FE1CGWtkwReAwNb8_SmTY&q=bicycle+shop+near+Wells+River+village,+Vermont,+USA&authuser=0&hl=en",,https://www.facebook.com/TheSpokenWordBicycleRepairAdvice/, ,,
Unspoken Bike Shop,2191 Main St  Bethlehem  NH 03574  United States,2191 Main St,Bethlehem,3574,New Hampshire,US,America/New_York,13158044238,,http://unspokenbikes.com/,unspokenbikes.com,Bicycle repair shop, ,Yes,17,5,open,"Saturday, Closed; Sunday, Closed; Monday, 10 AM-4 PM; Tuesday, 10 AM-4 PM; Wednesday, 10 AM-4 PM; Thursday, Closed; Friday, Closed; ",Closed,Closed,10 AM-4 PM,10 AM-4 PM,10 AM-4 PM,Closed,Closed,Lat 44.2809186,Lng -71.685084,https://www.google.com/maps/place/?q=place_id:ChIJh9rxx_AvtEwRlXT28KanbK8,https://www.google.com/search?kgmid=/g/11t380zdp_,https://lh5.googleusercontent.com/p/AF1QipPnsxrwwW8I4i-7bc1QhuiZ9iYmNvsja0BcdD7e,"https://t1.gstatic.com/faviconV2?client=SOCIAL&type=FAVICON&fallback_opts=TYPE,SIZE,URL&url=http://unspokenbikes.com/&size=48","https://search.google.com/local/reviews?placeid=ChIJh9rxx_AvtEwRlXT28KanbK8&q=bicycle+shop+near+Barton+village,+Vermont,+USA&authuser=0&hl=en",,https://www.facebook.com/unspokenbikeshop.vt/, ,https://www.instagram.com/unspokenbikeshop/,
Western Cycle Seabrook,Southgate plaza  380 Lafayette Rd Unit 108  Seabrook  NH 03874  United States,Southgate plaza,Seabrook,3874,New Hampshire,US,America/New_York,16038141056,,http://www.western-cycle.com/,western-cycle.com,Bicycle store,Bicycle repair shop,Yes,203,5,open,"Friday, 10 AM-6 PM; Saturday, 10 AM-4 PM; Sunday, 11 AM-4 PM; Monday, 10 AM-6 PM; Tuesday, 10 AM-6 PM; Wednesday, 10 AM-6 PM; Thursday, 10 AM-6 PM; ",10 AM-4 PM,11 AM-4 PM,10 AM-6 PM,10 AM-6 PM,10 AM-6 PM,10 AM-6 PM,10 AM-6 PM,Lat 42.885943,Lng -70.86844359999999,https://www.google.com/maps/place/?q=place_id:ChIJ_dFvmAvn4okR-UIRmJu2LlM,https://www.google.com/search?kgmid=/g/11sfqmt928,https://lh5.googleusercontent.com/p/AF1QipM67t_erfCb3vcekdYXtjpuaawolqQG5K5g0XuO,"https://t1.gstatic.com/faviconV2?client=SOCIAL&type=FAVICON&fallback_opts=TYPE,SIZE,URL&url=http://www.western-cycle.com/&size=48",https://search.google.com/local/reviews?placeid=ChIJ_dFvmAvn4okR-UIRmJu2LlM&q=Western+Cycle&authuser=0&hl=en,+19787741685 | +16038141056,https://www.facebook.com/WesternCycleMA, ,https://www.instagram.com/western_cycle/,
Philbrick's Ski  Board & Bike,161 Portland Ave  Dover  NH 03820  United States,161 Portland Ave,Dover,3820,New Hampshire,US,America/New_York,16037429333,,http://www.philbricks.com/,philbricks.com,Bicycle store,Bicycle repair shop,Yes,238,4.5,open,"Friday, 10 AM-6 PM; Saturday, 10 AM-6 PM; Sunday, 11 AM-5 PM; Monday, Closed; Tuesday, 10 AM-6 PM; Wednesday, 10 AM-6 PM; Thursday, 10 AM-6 PM; ",10 AM-6 PM,11 AM-5 PM,Closed,10 AM-6 PM,10 AM-6 PM,10 AM-6 PM,10 AM-6 PM,Lat 43.2044,Lng -70.85979499999999,https://www.google.com/maps/place/?q=place_id:ChIJ2Vo1V3WX4okROEu2EJTQvaw,https://www.google.com/search?kgmid=/g/1tgpz64f,https://lh5.googleusercontent.com/p/CIHM0ogKEICAgICEg8-3yQE,"https://t1.gstatic.com/faviconV2?client=SOCIAL&type=FAVICON&fallback_opts=TYPE,SIZE,URL&url=http://www.philbricks.com/&size=48","https://search.google.com/local/reviews?placeid=ChIJ2Vo1V3WX4okROEu2EJTQvaw&q=bicycle+shop+near+Dover,+Delaware,+USA&authuser=0&hl=en",603 742 9333,https://www.facebook.com/philbricks, ,,
Norm's Ski & Bike Shop,62 Martell Ct  Keene  NH 03431  United States,62 Martell Ct,Keene,3431,New Hampshire,US,America/New_York,16033521404,,https://normsskibike.com/,normsskibike.com,Bicycle store,Ski shop,Yes,113,4.7,open,"Friday, 10 AM-6 PM; Saturday, 10 AM-6 PM; Sunday, Closed; Monday, 10 AM-6 PM; Tuesday, 10 AM-6 PM; Wednesday, Closed; Thursday, 10 AM-6 PM; ",10 AM-6 PM,Closed,10 AM-6 PM,10 AM-6 PM,Closed,10 AM-6 PM,10 AM-6 PM,Lat 42.921001,Lng -72.277959,https://www.google.com/maps/place/?q=place_id:ChIJ93JFY5tz4YkRQ5A-G3q6Re0,https://www.google.com/search?kgmid=/g/1tm0v4x_,https://lh5.googleusercontent.com/p/AF1QipNOLkGVirID3OpnCgJFS3MVGvlJDtoUZPuaT7Ro,"https://t1.gstatic.com/faviconV2?client=SOCIAL&type=FAVICON&fallback_opts=TYPE,SIZE,URL&url=https://normsskibike.com/&size=48","https://search.google.com/local/reviews?placeid=ChIJ93JFY5tz4YkRQ5A-G3q6Re0&q=bicycle+shop+near+Keene,+New+Hampshire,+USA&authuser=0&hl=en",6033521404,https://www.facebook.com/normsskibike, ,https://www.instagram.com/norms_ski/,
Littleton Bike & Fitness,30 Cottage St suite 2  Littleton  NH 03561  United States,30 Cottage St suite 2,Littleton,3561,New Hampshire,US,America/New_York,16034443437,,http://www.littletonbike.com/,littletonbike.com,Bicycle store,Sporting goods store,Yes,47,4.8,open,"Saturday, 10 AM-5 PM; Sunday, Closed; Monday, Closed; Tuesday, 10 AM-5 PM; Wednesday, 10 AM-5 PM; Thursday, 10 AM-5 PM; Friday, 10 AM-5 PM; ",10 AM-5 PM,Closed,Closed,10 AM-5 PM,10 AM-5 PM,10 AM-5 PM,10 AM-5 PM,Lat 44.3051624,Lng -71.7703195,https://www.google.com/maps/place/?q=place_id:ChIJaYGA3jFvtEwRou1Wlf-8zpc,https://www.google.com/search?kgmid=/g/1tg8jb8m,https://lh5.googleusercontent.com/p/AF1QipNBIUNy0e1yNpqq2idWFkq3B8cKeGaN0Rp1ovTg,"https://t1.gstatic.com/faviconV2?client=SOCIAL&type=FAVICON&fallback_opts=TYPE,SIZE,URL&url=http://www.littletonbike.com/&size=48","https://search.google.com/local/reviews?placeid=ChIJaYGA3jFvtEwRou1Wlf-8zpc&q=bicycle+shop+near+Littleton,+west-virginia,+USA&authuser=0&hl=en",16034443437,https://www.facebook.com/LITTLETON-BIKE-FITNESS-180324180655/, ,https://www.instagram.com/dharkless/,
EBike 603,255 N Main St  Rochester  NH 03867  United States,255 N Main St,Rochester,3867,New Hampshire,US,America/New_York,16035342079,,https://ebike603.com/,ebike603.com,Bicycle store, ,Yes,4,4.8,open,"Friday, 9 AM-5 PM; Saturday, 10 AM-3 PM; Sunday, Closed; Monday, 9 AM-5 PM; Tuesday, 9 AM-5 PM; Wednesday, 9 AM-5 PM; Thursday, 9 AM-5 PM; ",10 AM-3 PM,Closed,9 AM-5 PM,9 AM-5 PM,9 AM-5 PM,9 AM-5 PM,9 AM-5 PM,Lat 43.3092756,Lng -70.9899094,https://www.google.com/maps/place/?q=place_id:ChIJB22fbK_jN2MR1MPt5oqkIzY,https://www.google.com/search?kgmid=/g/11rchdcxyc,https://lh5.googleusercontent.com/p/AF1QipMsD_2gyW7Unh9mTNR9m5gGkDWdAH975pKFOElC,"https://t1.gstatic.com/faviconV2?client=SOCIAL&type=FAVICON&fallback_opts=TYPE,SIZE,URL&url=https://ebike603.com/&size=48","https://search.google.com/local/reviews?placeid=ChIJB22fbK_jN2MR1MPt5oqkIzY&q=bicycle+shop+near+Rochester,+New+Hampshire,+USA&authuser=0&hl=en",6035342079,https://www.facebook.com/Mattebike603, ,https://www.instagram.com/ebike603/,
Trek Bicycle Hooksett,1197 Hooksett Rd  Hooksett  NH 03106  United States,1197 Hooksett Rd,Hooksett,3106,New Hampshire,US,America/New_York,16036442111,,https://www.trekbikes.com/us/en_US/retail/hooksett/?y_source=1_MTc1OTExMTgtNzE1LWxvY2F0aW9uLndlYnNpdGU%3D,trekbikes.com,Bicycle store,Bicycle repair shop,Yes,345,4.8,open,"Friday, 10 AM-6 PM; Saturday, 10 AM-6 PM; Sunday, 12-5 PM; Monday, 10 AM-6 PM; Tuesday, 10 AM-6 PM; Wednesday, 10 AM-6 PM; Thursday, 10 AM-6 PM; ",10 AM-6 PM,12-5 PM,10 AM-6 PM,10 AM-6 PM,10 AM-6 PM,10 AM-6 PM,10 AM-6 PM,Lat 43.038444399999996,Lng -71.432737,https://www.google.com/maps/place/?q=place_id:ChIJB4NmdJ9F4okRGWOu5aHWJqQ,https://www.google.com/search?kgmid=/g/1vmr2cnh,https://lh5.googleusercontent.com/p/AF1QipORvBsZM_UCgbfUvxXIM70RZn4cEncV2LP0VANf,"https://t1.gstatic.com/faviconV2?client=SOCIAL&type=FAVICON&fallback_opts=TYPE,SIZE,URL&url=https://www.trekbikes.com/us/en_US/retail/hooksett/?y_source=1_MTc1OTExMTgtNzE1LWxvY2F0aW9uLndlYnNpdGU%3D&size=48","https://search.google.com/local/reviews?placeid=ChIJB4NmdJ9F4okRGWOu5aHWJqQ&q=bicycle+shop+near+Manchester,+New+York,+USA&authuser=0&hl=en",,https://www.facebook.com/GoodalesHooksett,https://twitter.com/trekbikes,https://instagram.com/trekbikes/,https://www.youtube.com/user/trekbikesusa
MC Cycle & Sport,574 Main St  Laconia  NH 03246  United States,574 Main St,Laconia,3246,New Hampshire,US,America/New_York,16035281133,,http://mccycleandsport.com/,mccycleandsport.com,Bicycle store, ,Yes,50,4.8,open,"Friday, 11 AM-5 PM; Saturday, 9 AM-2 PM; Sunday, Closed; Monday, Closed; Tuesday, 11 AM-5 PM; Wednesday, 11 AM-5 PM; Thursday, 11 AM-5 PM; ",9 AM-2 PM,Closed,Closed,11 AM-5 PM,11 AM-5 PM,11 AM-5 PM,11 AM-5 PM,Lat 43.527555799999995,Lng -71.46997,https://www.google.com/maps/place/?q=place_id:ChIJd7xkz0E0s0wRnULd3WAvnos,https://www.google.com/search?kgmid=/g/11crrnljd7,https://lh5.googleusercontent.com/p/AF1QipPRyc56XHw26marnwM8XJvQSwOMWGl9dL7QpEW0,"https://t1.gstatic.com/faviconV2?client=SOCIAL&type=FAVICON&fallback_opts=TYPE,SIZE,URL&url=http://mccycleandsport.com/&size=48","https://search.google.com/local/reviews?placeid=ChIJd7xkz0E0s0wRnULd3WAvnos&q=bicycle+shop+near+Laconia,+New+Hampshire,+USA&authuser=0&hl=en",, , ,,
Dg Cycle Sports,75 Railroad Ave  Epping  NH 03042  United States,75 Railroad Ave,Epping,3042,New Hampshire,US,America/New_York,16037345788,,http://www.dgcycles.com/,dgcycles.com,Bicycle store, ,Yes,51,4.9,open,"Saturday, 9 AM-5 PM; Sunday, Closed; Monday, Closed; Tuesday, 9:30 AM-5:30 PM; Wednesday, 9:30 AM-5:30 PM; Thursday, 9:30 AM-5:30 PM; Friday, 9:30 AM-5 PM; ",9 AM-5 PM,Closed,Closed,9:30 AM-5:30 PM,9:30 AM-5:30 PM,9:30 AM-5:30 PM,9:30 AM-5 PM,Lat 43.0332687,Lng -71.0743222,https://www.google.com/maps/place/?q=place_id:ChIJE7UYCsnz4okRwJgc-Z_b_RA,https://www.google.com/search?kgmid=/g/1tgcz1kj,https://lh5.googleusercontent.com/p/AF1QipNX7gIITjkA7zonujW0kYaHdvSV7JbbI6BBXChc,"https://t1.gstatic.com/faviconV2?client=SOCIAL&type=FAVICON&fallback_opts=TYPE,SIZE,URL&url=http://www.dgcycles.com/&size=48","https://search.google.com/local/reviews?placeid=ChIJE7UYCsnz4okRwJgc-Z_b_RA&q=bicycle+shop+near+Exeter,+New+York,+USA&authuser=0&hl=en",16037345788,https://www.facebook.com/DGCycles/?rf=254137091327984, ,,
Mason Racing Cycles,354 Mascoma St  Lebanon  NH 03766  United States,354 Mascoma St,Lebanon,3766,New Hampshire,US,America/New_York,16034485400,,http://www.masonracingcycles.com/,masonracingcycles.com,Bicycle store,Bicycle repair shop,Yes,64,4.8,open,"Saturday, Closed; Sunday, Closed; Monday, 10 AM-5:30 PM; Tuesday, 10 AM-5:30 PM; Wednesday, 10 AM-5:30 PM; Thursday, 10 AM-5:30 PM; Friday, 10 AM-5:30 PM; ",Closed,Closed,10 AM-5:30 PM,10 AM-5:30 PM,10 AM-5:30 PM,10 AM-5:30 PM,10 AM-5:30 PM,Lat 43.6448817,Lng -72.2787829,https://www.google.com/maps/place/?q=place_id:ChIJH0rqA1a0tEwRJ5WJGQ7JSGU,https://www.google.com/search?kgmid=/g/1vyn3ghg,https://lh5.googleusercontent.com/p/CIHM0ogKEICAgIDhvc3SFw,"https://t1.gstatic.com/faviconV2?client=SOCIAL&type=FAVICON&fallback_opts=TYPE,SIZE,URL&url=http://www.masonracingcycles.com/&size=48","https://search.google.com/local/reviews?placeid=ChIJH0rqA1a0tEwRJ5WJGQ7JSGU&q=bicycle+shop+near+New+Lebanon,+New+York,+USA&authuser=0&hl=en",,http://www.facebook.com/masonracingcycles, ,,
White Mountain Bike Shop,1300 Easton Rd  Franconia  NH 03580  United States,1300 Easton Rd,Franconia,3580,New Hampshire,US,America/New_York,16038235010,,http://whitemountainbikes.com/,whitemountainbikes.com,Bicycle store, ,Yes,10,4.6,open,"Saturday, 10 AM-5 PM; Sunday, Closed; Monday, 10 AM-5 PM; Tuesday, 10 AM-5 PM; Wednesday, Closed; Thursday, 10 AM-5 PM; Friday, 10 AM-5 PM; ",10 AM-5 PM,Closed,10 AM-5 PM,10 AM-5 PM,Closed,10 AM-5 PM,10 AM-5 PM,Lat 44.195423299999995,Lng -71.75266409999999,https://www.google.com/maps/place/?q=place_id:ChIJhcTBsVNjtEwRI9T9iEgiBZ4,https://www.google.com/search?kgmid=/g/11g9gsgw34,https://lh5.googleusercontent.com/p/AF1QipONoD4H2NK7xgoIpN_zZK9aapE25J45kjYvp1Q-,"https://t1.gstatic.com/faviconV2?client=SOCIAL&type=FAVICON&fallback_opts=TYPE,SIZE,URL&url=http://whitemountainbikes.com/&size=48","https://search.google.com/local/reviews?placeid=ChIJhcTBsVNjtEwRI9T9iEgiBZ4&q=bicycle+shop+near+Wells+River+village,+Vermont,+USA&authuser=0&hl=en",,http://www.facebook.com/whitemountainbikeshop, ,http://instagram.com/bigringbob,
Goodales Bike Shop Nashua,14B Broad St  Nashua  NH 03064  United States,14B Broad St,Nashua,3064,New Hampshire,US,America/New_York,16038822111,,https://www.trekbikes.com/us/en_US/retail/goodalesnashua/?y_source=1_MTc1OTExMTYtNzE1LWxvY2F0aW9uLndlYnNpdGU%3D,trekbikes.com,Bicycle store,Bicycle repair shop,Yes,1073,4.8,open,"Saturday, 10 AM-6 PM; Sunday, 12-5 PM; Monday, 10 AM-6 PM; Tuesday, 10 AM-6 PM; Wednesday, 10 AM-6 PM; Thursday, 10 AM-6 PM; Friday, 10 AM-6 PM; ",10 AM-6 PM,12-5 PM,10 AM-6 PM,10 AM-6 PM,10 AM-6 PM,10 AM-6 PM,10 AM-6 PM,Lat 42.7691997,Lng -71.482345,https://www.google.com/maps/place/?q=place_id:ChIJI3q_9dO244kRF3S8Yvdjs9E,https://www.google.com/search?kgmid=/g/1tdz0zkz,https://lh5.googleusercontent.com/p/CIHM0ogKEICAgIC44_uBuwE,"https://t1.gstatic.com/faviconV2?client=SOCIAL&type=FAVICON&fallback_opts=TYPE,SIZE,URL&url=https://www.trekbikes.com/us/en_US/retail/goodalesnashua/?y_source=1_MTc1OTExMTYtNzE1LWxvY2F0aW9uLndlYnNpdGU%3D&size=48","https://search.google.com/local/reviews?placeid=ChIJI3q_9dO244kRF3S8Yvdjs9E&q=bicycle+shop+near+Nashua,+Iowa,+USA&authuser=0&hl=en",,https://www.facebook.com/GoodalesNashua,https://twitter.com/trekbikes,https://instagram.com/trekbikes/,https://www.youtube.com/user/trekbikesusa
Rhino Bike Works,1 Foster St  Plymouth  NH 03264  United States,1 Foster St,Plymouth,3264,New Hampshire,US,America/New_York,16035363919,,http://www.rhinobikeworksnh.com/,rhinobikeworksnh.com,Bicycle store, ,Yes,63,4.8,open,"Saturday, 10 AM-5 PM; Sunday, 10 AM-4 PM; Monday, Closed; Tuesday, Closed; Wednesday, 10 AM-5 PM; Thursday, 10 AM-6 PM; Friday, 10 AM-6 PM; ",10 AM-5 PM,10 AM-4 PM,Closed,Closed,10 AM-5 PM,10 AM-6 PM,10 AM-6 PM,Lat 43.768696,Lng -71.684783,https://www.google.com/maps/place/?q=place_id:ChIJib_5GzRcs0wRGkcXjMWgJys,https://www.google.com/search?kgmid=/g/1tt0qqvq,https://lh5.googleusercontent.com/p/CIHM0ogKEICAgICk_p7IrQE,"https://t1.gstatic.com/faviconV2?client=SOCIAL&type=FAVICON&fallback_opts=TYPE,SIZE,URL&url=http://www.rhinobikeworksnh.com/&size=48","https://search.google.com/local/reviews?placeid=ChIJib_5GzRcs0wRGkcXjMWgJys&q=bicycle+shop+near+Plymouth,+New+York,+USA&authuser=0&hl=en",16035363919,http://www.facebook.com/p/Rhino-Bike-Works-100057493779495/, ,,
Colonial Bicycle Company - Portsmouth,775 Lafayette Rd Suite 5  Portsmouth  NH 03801  United States,775 Lafayette Rd Suite 5,Portsmouth,3801,New Hampshire,US,America/New_York,16033191688,,http://www.colonialbicycle.com/?y_source=1_MTU1MDQyNjItNzE1LWxvY2F0aW9uLndlYnNpdGU%3D,colonialbicycle.com,Bicycle store,Bicycle rental service,Yes,355,4.9,open,"Friday, 10 AM-6 PM; Saturday, 10 AM-5 PM; Sunday, Closed; Monday, Closed; Tuesday, 10 AM-6 PM; Wednesday, 10 AM-6 PM; Thursday, 10 AM-6 PM; ",10 AM-5 PM,Closed,Closed,10 AM-6 PM,10 AM-6 PM,10 AM-6 PM,10 AM-6 PM,Lat 43.0529279,Lng -70.7687237,https://www.google.com/maps/place/?q=place_id:ChIJkwZ-iXvA4okR1rDacqySaI4,https://www.google.com/search?kgmid=/g/1thzvt1n,https://lh5.googleusercontent.com/p/AF1QipMZeLcUnjDKEF8iuBW5WEWoNFgQb9p3SKEMEZz5,"https://t1.gstatic.com/faviconV2?client=SOCIAL&type=FAVICON&fallback_opts=TYPE,SIZE,URL&url=http://www.colonialbicycle.com/?y_source=1_MTU1MDQyNjItNzE1LWxvY2F0aW9uLndlYnNpdGU%3D&size=48","https://search.google.com/local/reviews?placeid=ChIJkwZ-iXvA4okR1rDacqySaI4&q=bicycle+shop+near+Portsmouth,+New+Hampshire,+USA&authuser=0&hl=en",16033191688,https://www.facebook.com/ColonialBicycleCompany, ,https://www.instagram.com/colonialbicyclecompany/,
Omer and Bob's,20 Hanover St  Lebanon  NH 03766  United States,20 Hanover St,Lebanon,3766,New Hampshire,US,America/New_York,16034483522,,http://omerandbobs.com/,omerandbobs.com,Bicycle store,Bicycle repair shop,Yes,131,4.6,open,"Saturday, 8:30 AM-3 PM; Sunday, Closed; Monday, 9 AM-5:30 PM; Tuesday, 9 AM-5:30 PM; Wednesday, 9 AM-5:30 PM; Thursday, 9 AM-6 PM; Friday, 9 AM-6 PM; ",8:30 AM-3 PM,Closed,9 AM-5:30 PM,9 AM-5:30 PM,9 AM-5:30 PM,9 AM-6 PM,9 AM-6 PM,Lat 43.642630499999996,Lng -72.253316,https://www.google.com/maps/place/?q=place_id:ChIJm00FN1a0tEwRebKw-5fQvIc,https://www.google.com/search?kgmid=/g/1tr7cdnr,https://lh5.googleusercontent.com/p/CIHM0ogKEICAgICk7IbhzAE,"https://t1.gstatic.com/faviconV2?client=SOCIAL&type=FAVICON&fallback_opts=TYPE,SIZE,URL&url=http://omerandbobs.com/&size=48","https://search.google.com/local/reviews?placeid=ChIJm00FN1a0tEwRebKw-5fQvIc&q=bicycle+shop+near+Perkinsville+village,+Vermont,+USA&authuser=0&hl=en",16034483522,https://www.facebook.com/OmerandBobs/,https://twitter.com/omerandbobs,https://www.instagram.com/omerandbobs/,
Trek Bicycle Concord,19 Triangle Park Dr  Concord  NH 03301  United States,19 Triangle Park Dr,Concord,3301,New Hampshire,US,America/New_York,16032255111,,https://www.trekbikes.com/us/en_US/retail/concord/?y_source=1_MTc1OTExMTctNzE1LWxvY2F0aW9uLndlYnNpdGU%3D,trekbikes.com,Bicycle store,Bicycle repair shop,Yes,173,4.7,open,"Friday, 10 AM-6 PM; Saturday, 10 AM-6 PM; Sunday, Closed; Monday, Closed; Tuesday, 10 AM-6 PM; Wednesday, 10 AM-6 PM; Thursday, 10 AM-6 PM; ",10 AM-6 PM,Closed,Closed,10 AM-6 PM,10 AM-6 PM,10 AM-6 PM,10 AM-6 PM,Lat 43.217324999999995,Lng -71.4873999,https://www.google.com/maps/place/?q=place_id:ChIJmQ2Q2dJr4okRnlwnunlbsdU,https://www.google.com/search?kgmid=/g/1tk_q8fr,https://lh5.googleusercontent.com/p/AF1QipPZkIdC_ubkxD2t62L9hDDR3XhJaRXhaJiUUaGP,"https://t1.gstatic.com/faviconV2?client=SOCIAL&type=FAVICON&fallback_opts=TYPE,SIZE,URL&url=https://www.trekbikes.com/us/en_US/retail/concord/?y_source=1_MTc1OTExMTctNzE1LWxvY2F0aW9uLndlYnNpdGU%3D&size=48","https://search.google.com/local/reviews?placeid=ChIJmQ2Q2dJr4okRnlwnunlbsdU&q=bicycle+shop+near+Concord,+New+Hampshire,+USA&authuser=0&hl=en",,https://www.facebook.com/GoodalesConcord,https://twitter.com/trekbikes,https://instagram.com/trekbikes/,https://www.youtube.com/user/trekbikesusa
Exeter Cycles,4 Portsmouth Ave  Exeter  NH 03833  United States,4 Portsmouth Ave,Exeter,3833,New Hampshire,US,America/New_York,16037782331,,https://www.exetercycles.com/,exetercycles.com,Bicycle store, ,Yes,104,4.9,open,"Friday, 9:30 AM-5:30 PM; Saturday, 9 AM-5 PM; Sunday, Closed; Monday, 9:30 AM-5:30 PM; Tuesday, 9:30 AM-5:30 PM; Wednesday, 9:30 AM-5:30 PM; Thursday, 9:30 AM-5:30 PM; ",9 AM-5 PM,Closed,9:30 AM-5:30 PM,9:30 AM-5:30 PM,9:30 AM-5:30 PM,9:30 AM-5:30 PM,9:30 AM-5:30 PM,Lat 42.9813465,Lng -70.9416433,https://www.google.com/maps/place/?q=place_id:ChIJmW7C3eTu4okRAY3offatuGM,https://www.google.com/search?kgmid=/g/1tfsjdsw,https://lh5.googleusercontent.com/p/CIHM0ogKEICAgICk5NGuwAE,"https://t1.gstatic.com/faviconV2?client=SOCIAL&type=FAVICON&fallback_opts=TYPE,SIZE,URL&url=https://www.exetercycles.com/&size=48","https://search.google.com/local/reviews?placeid=ChIJmW7C3eTu4okRAY3offatuGM&q=bicycle+shop+near+Amesbury+Town,+Massachusetts,+USA&authuser=0&hl=en",16037782331,https://www.facebook.com/exetercyclesbikeshop, ,,
Alpine Bike Works,15 King Ct  Keene  NH 03431  United States,15 King Ct,Keene,3431,New Hampshire,US,America/New_York,16034998033,,http://www.alpinebikeworks.com/,alpinebikeworks.com,Bicycle store, ,Yes,54,4.9,open,"Friday, 10 AM-6 PM; Saturday, 10 AM-5 PM; Sunday, 10 AM-4 PM; Monday, 10 AM-6 PM; Tuesday, 10 AM-6 PM; Wednesday, Closed; Thursday, 10 AM-6 PM; ",10 AM-5 PM,10 AM-4 PM,10 AM-6 PM,10 AM-6 PM,Closed,10 AM-6 PM,10 AM-6 PM,Lat 42.9221225,Lng -72.2778754,https://www.google.com/maps/place/?q=place_id:ChIJN-_4QR9z4YkRquCLyT-o_PM,https://www.google.com/search?kgmid=/g/11q4r58yh6,https://lh5.googleusercontent.com/p/AF1QipP9fuVRJ8PFm4G9074AodiKGFGnSqbfAjKmQH6x,"https://t1.gstatic.com/faviconV2?client=SOCIAL&type=FAVICON&fallback_opts=TYPE,SIZE,URL&url=http://www.alpinebikeworks.com/&size=48","https://search.google.com/local/reviews?placeid=ChIJN-_4QR9z4YkRquCLyT-o_PM&q=bicycle+shop+near+Keene,+New+Hampshire,+USA&authuser=0&hl=en",,https://www.facebook.com/Alpinebikeworks, ,https://www.instagram.com/alpine_bike_works,
Crooker Cycle Sports,240 Glen Ave  Berlin  NH 03570  United States,240 Glen Ave,Berlin,3570,New Hampshire,US,America/New_York,16037523632,,https://www.facebook.com/Crooker-Cycle-Sports-104422107010744/,facebook.com,Bicycle store, ,No,28,4.9,open,"Friday, 10 AM-7 PM; Saturday, 8 AM-12 PM; Sunday, Closed; Monday, 10 AM-7 PM; Tuesday, 10 AM-7 PM; Wednesday, 10 AM-7 PM; Thursday, 10 AM-7 PM; ",8 AM-12 PM,Closed,10 AM-7 PM,10 AM-7 PM,10 AM-7 PM,10 AM-7 PM,10 AM-7 PM,Lat 44.4606226,Lng -71.1870138,https://www.google.com/maps/place/?q=place_id:ChIJn-V3SV_ws0wRLHlGlera2cU,https://www.google.com/search?kgmid=/g/1td4d4f9,https://lh5.googleusercontent.com/p/fPYMNIM3UAJstuqE4KNHbg,"https://t1.gstatic.com/faviconV2?client=SOCIAL&type=FAVICON&fallback_opts=TYPE,SIZE,URL&url=https://www.facebook.com/Crooker-Cycle-Sports-104422107010744/&size=48",https://search.google.com/local/reviews?placeid=ChIJn-V3SV_ws0wRLHlGlera2cU&q=Crooker+Cycle+Sports&authuser=0&hl=en,, , ,,
Buchikas Bike,166 Daniel Webster Hwy Suite 5  Nashua  NH 03060  United States,166 Daniel Webster Hwy Suite 5,Nashua,3060,New Hampshire,US,America/New_York,16033241620,,http://www.buchika.com/,buchika.com,Bicycle store,Sporting goods store,Yes,56,4.7,open,"Friday, 10 AM-7 PM; Saturday, 10 AM-5 PM; Sunday, Closed; Monday, 10 AM-7 PM; Tuesday, 10 AM-7 PM; Wednesday, 10 AM-7 PM; Thursday, 10 AM-7 PM; ",10 AM-5 PM,Closed,10 AM-7 PM,10 AM-7 PM,10 AM-7 PM,10 AM-7 PM,10 AM-7 PM,Lat 42.7199977,Lng -71.441395,https://www.google.com/maps/place/?q=place_id:ChIJO3MoURK744kRm36SZnnXGWU,https://www.google.com/search?kgmid=/g/11qqpqbg6q,https://lh5.googleusercontent.com/p/AF1QipMsfT6U4AtaoTK44ry_JMOJ1mg8Pi1i2RjEDINF,"https://t1.gstatic.com/faviconV2?client=SOCIAL&type=FAVICON&fallback_opts=TYPE,SIZE,URL&url=http://www.buchika.com/&size=48","https://search.google.com/local/reviews?placeid=ChIJO3MoURK744kRm36SZnnXGWU&q=bicycle+shop+near+Westford+town,+Massachusetts,+USA&authuser=0&hl=en",16038935534,https://www.facebook.com/BuchikasSkiandBike,https://twitter.com/buchikasnh,https://www.instagram.com/buchikasnh/,
Tri-City Bicycles,48 S Main St  Rochester  NH 03867  United States,48 S Main St,Rochester,3867,New Hampshire,US,America/New_York,16033356440,,https://l.facebook.com/l.php?u=http%3A%2F%2Fwww.tricitybicycles.com%2F%3Ffbclid%3DIwZXh0bgNhZW0CMTAAAR2z8ET75s4vBsjofbAVhha56YLD3DspZ2kevRZlvMA62dGWPKwZmEC6AYU_aem_GIs6vXU8qWGEYDiKIKFYBg&h=AT1KMD_2Ykq-PazlCSocPcJP9XAccpHwt8hFActjUr038tQVFWY3o8ZRfVHq_xTL5LfdZ9yIXgUAk3h1599JA4HeIidKhIGTM0RrHCzoan0KQGHCdB98-M317jn1i0X8EFr7DmR8EYTI2fX8ZKlZcw,l.facebook.com,Bicycle store, ,Yes,76,5,open,"Friday, 10 AM-6 PM; Saturday, 10 AM-5 PM; Sunday, Closed; Monday, Closed; Tuesday, 10 AM-6 PM; Wednesday, 10 AM-4 PM; Thursday, 10 AM-6 PM; ",10 AM-5 PM,Closed,Closed,10 AM-6 PM,10 AM-4 PM,10 AM-6 PM,10 AM-6 PM,Lat 43.303301999999995,Lng -70.9747884,https://www.google.com/maps/place/?q=place_id:ChIJPyX8fGmb4okRPQ-Zw8xm5qk,https://www.google.com/search?kgmid=/g/1thp8_7g,https://lh5.googleusercontent.com/p/CIHM0ogKEICAgIDEmP_z-gE,"https://t1.gstatic.com/faviconV2?client=SOCIAL&type=FAVICON&fallback_opts=TYPE,SIZE,URL&url=https://l.facebook.com/l.php?u=http%3A%2F%2Fwww.tricitybicycles.com%2F%3Ffbclid%3DIwZXh0bgNhZW0CMTAAAR2z8ET75s4vBsjofbAVhha56YLD3DspZ2kevRZlvMA62dGWPKwZmEC6AYU_aem_GIs6vXU8qWGEYDiKIKFYBg&h=AT1KMD_2Ykq-PazlCSocPcJP9XAccpHwt8hFActjUr038tQVFWY3o8ZRfVHq_xTL5LfdZ9yIXgUAk3h1599JA4HeIidKhIGTM0RrHCzoan0KQGHCdB98-M317jn1i0X8EFr7DmR8EYTI2fX8ZKlZcw&size=48","https://search.google.com/local/reviews?placeid=ChIJPyX8fGmb4okRPQ-Zw8xm5qk&q=bicycle+shop+near+Rochester,+New+Hampshire,+USA&authuser=0&hl=en",,https://www.facebook.com/, ,https://l.facebook.com/l.php?u=https%3A%2F%2Fwww.instagram.com%2F&h=AT0YwThYlKd_M6_IHUU87VL27p_VEIR6ZmGlJuWWBFAwTdHQ3Womzub-bQ029iLdcD8VINzVOvvB7c55_B9AtCbPGHCzYlKq-P0jRkueVt6dy4JzEbE9w22491xSULzmvtdm9G7SXIu32x_gqBJBDw,
Papa Wheelies Bicycle Shop,653 Islington St  Portsmouth  NH 03801  United States,653 Islington St,Portsmouth,3801,New Hampshire,US,America/New_York,16034272060,,https://papa-wheelies.com/,papa-wheelies.com,Bicycle store,Bicycle rental service,Yes,511,4.9,open,"Friday, 9 AM-5 PM; Saturday, 10 AM-4 PM; Sunday, 11 AM-4 PM; Monday, 9 AM-5 PM; Tuesday, 9 AM-5 PM; Wednesday, 9 AM-5 PM; Thursday, 9 AM-5 PM; ",10 AM-4 PM,11 AM-4 PM,9 AM-5 PM,9 AM-5 PM,9 AM-5 PM,9 AM-5 PM,9 AM-5 PM,Lat 43.070724399999996,Lng -70.7712976,https://www.google.com/maps/place/?q=place_id:ChIJRW7_7Zu_4okRFNSGCNmbAy8,https://www.google.com/search?kgmid=/g/1tvw5yff,https://lh5.googleusercontent.com/p/AF1QipPaCmntEQ8FaOVPiGl-LRH_61hR0IxLRg2BTlTg,"https://t1.gstatic.com/faviconV2?client=SOCIAL&type=FAVICON&fallback_opts=TYPE,SIZE,URL&url=https://papa-wheelies.com/&size=48",https://search.google.com/local/reviews?placeid=ChIJRW7_7Zu_4okRFNSGCNmbAy8&q=Papa+Wheelies&authuser=0&hl=en,16034272060,https://www.facebook.com/papawheeliesbike/, ,https://www.instagram.com/papawheeliesbikeshop/,
Cycles Etc,450 Second St  Manchester  NH 03102  United States,450 Second St,Manchester,3102,New Hampshire,US,America/New_York,16036697993,,http://www.cyclesetcnh.com/,cyclesetcnh.com,Bicycle store,Bicycle repair shop,Yes,141,4.7,open,"Friday, 10 AM-6 PM; Saturday, 10 AM-5 PM; Sunday, Closed; Monday, Closed; Tuesday, 10 AM-6 PM; Wednesday, 10 AM-6 PM; Thursday, 10 AM-6 PM; ",10 AM-5 PM,Closed,Closed,10 AM-6 PM,10 AM-6 PM,10 AM-6 PM,10 AM-6 PM,Lat 42.975977199999996,Lng -71.4743265,https://www.google.com/maps/place/?q=place_id:ChIJSbV3fsxO4okRBrxLxYrJGv0,https://www.google.com/search?kgmid=/g/11b7fbnnhm,https://lh5.googleusercontent.com/p/AF1QipO06qpYNFta5UzE4Z4qIUadK1Wh-AW3Zh4KQAzC,"https://t1.gstatic.com/faviconV2?client=SOCIAL&type=FAVICON&fallback_opts=TYPE,SIZE,URL&url=http://www.cyclesetcnh.com/&size=48","https://search.google.com/local/reviews?placeid=ChIJSbV3fsxO4okRBrxLxYrJGv0&q=bicycle+shop+near+Manchester,+New+York,+USA&authuser=0&hl=en",+16038903212 | +16036697993,https://www.facebook.com/cycles.etc.salem, ,https://www.instagram.com/cyclesetc/,
Seacoast E-Bikes,109 Gosling Rd  Newington  NH 03801  United States,109 Gosling Rd,Newington,3801,New Hampshire,US,America/New_York,16032940370,,https://seacoastebikes.com/,seacoastebikes.com,Bicycle store,Bicycle repair shop,Yes,293,5,open,"Friday, 9 AM-5:30 PM; Saturday, 10 AM-4:30 PM; Sunday, Closed; Monday, 9 AM-5:30 PM; Tuesday, 9 AM-5:30 PM; Wednesday, 9 AM-5:30 PM; Thursday, 9 AM-5:30 PM; ",10 AM-4:30 PM,Closed,9 AM-5:30 PM,9 AM-5:30 PM,9 AM-5:30 PM,9 AM-5:30 PM,9 AM-5:30 PM,Lat 43.094983299999996,Lng -70.7935293,https://www.google.com/maps/place/?q=place_id:ChIJSY9GPG6_4okRTAbCwFU4keE,https://www.google.com/search?kgmid=/g/11fw52nbvk,https://lh5.googleusercontent.com/p/CIHM0ogKEICAgIDG8q6rpQE,"https://t1.gstatic.com/faviconV2?client=SOCIAL&type=FAVICON&fallback_opts=TYPE,SIZE,URL&url=https://seacoastebikes.com/&size=48","https://search.google.com/local/reviews?placeid=ChIJSY9GPG6_4okRTAbCwFU4keE&q=bicycle+shop+near+Dover,+New+Hampshire,+USA&authuser=0&hl=en",1-603-294-0370,https://www.facebook.com/seacoastebikes, ,https://www.instagram.com/seacoastebikes,https://www.youtube.com/@seacoastebikes
Cycles Etc,288 N Broadway  Salem  NH 03079  United States,288 N Broadway,Salem,3079,New Hampshire,US,America/New_York,16038903212,,http://www.cyclesetc.com/,cyclesetc.com,Bicycle store,Bicycle repair shop,Yes,130,4.9,open,"Friday, 10 AM-6 PM; Saturday, 10 AM-5 PM; Sunday, Closed; Monday, Closed; Tuesday, 10 AM-6 PM; Wednesday, 10 AM-6 PM; Thursday, 10 AM-6 PM; ",10 AM-5 PM,Closed,Closed,10 AM-6 PM,10 AM-6 PM,10 AM-6 PM,10 AM-6 PM,Lat 42.798226899999996,Lng -71.2382698,https://www.google.com/maps/place/?q=place_id:ChIJU484BgSr44kRGa7jW0_k6P0,https://www.google.com/search?kgmid=/g/1tcv_fh1,https://lh5.googleusercontent.com/p/CIHM0ogKEICAgIDCheLNeg,"https://t1.gstatic.com/faviconV2?client=SOCIAL&type=FAVICON&fallback_opts=TYPE,SIZE,URL&url=http://www.cyclesetc.com/&size=48","https://search.google.com/local/reviews?placeid=ChIJU484BgSr44kRGa7jW0_k6P0&q=bicycle+shop+near+Manchester,+New+York,+USA&authuser=0&hl=en",+16038903212 | +16036697993,https://www.facebook.com/cycles.etc.salem, ,https://www.instagram.com/cyclesetc/,
S&W Sports,296 S Main St  Concord  NH 03301  United States,296 S Main St,Concord,3301,New Hampshire,US,America/New_York,16032281441,,http://www.swsports.net/,swsports.net,Bicycle repair shop,,Yes,290,4.7,open,"Friday, 10 AM-6 PM; Saturday, 9 AM-6 PM; Sunday, 12-5 PM; Monday, 10 AM-6 PM; Tuesday, 10 AM-6 PM; Wednesday, 10 AM-6 PM; Thursday, 10 AM-6 PM; ",9 AM-6 PM,12-5 PM,10 AM-6 PM,10 AM-6 PM,10 AM-6 PM,10 AM-6 PM,10 AM-6 PM,Lat 43.1899527,Lng -71.5328433,https://www.google.com/maps/place/?q=place_id:ChIJufO_rYNq4okRmhvjm5_WSr0,https://www.google.com/search?kgmid=/g/1tfcv6wm,https://lh5.googleusercontent.com/p/AF1QipNepHSjcHG2PUUwnp0NKhvjSmG1Zwwcs-b-FMbL,"https://t1.gstatic.com/faviconV2?client=SOCIAL&type=FAVICON&fallback_opts=TYPE,SIZE,URL&url=http://www.swsports.net/&size=48","https://search.google.com/local/reviews?placeid=ChIJufO_rYNq4okRmhvjm5_WSr0&q=bicycle+shop+near+Concord,+New+Hampshire,+USA&authuser=0&hl=en",1-603-228-1441,https://www.facebook.com/summerwintersports, ,https://www.instagram.com/sandwsports/,
Lakes Region eBikes,419 Central St Suite 1  Franklin  NH 03235  United States,419 Central St Suite 1,Franklin,3235,New Hampshire,US,America/New_York,16036308960,,http://www.lakesregionebikes.com/,lakesregionebikes.com,Bicycle rental service,Bicycle Shop,No,27,5,permanently closed, ,,,,,,,,Lat 43.4447885,Lng -71.644553,https://www.google.com/maps/place/?q=place_id:ChIJV1VQmg-gE6gRjY8vQJleAUI,https://www.google.com/search?kgmid=/g/11swwztzgk,https://lh5.googleusercontent.com/p/GKk45IYI-cqqLPFVo_049w,"https://t1.gstatic.com/faviconV2?client=SOCIAL&type=FAVICON&fallback_opts=TYPE,SIZE,URL&url=http://www.lakesregionebikes.com/&size=48",https://search.google.com/local/reviews?placeid=ChIJV1VQmg-gE6gRjY8vQJleAUI&q=Lakes+Region+eBikes&authuser=0&hl=en,, , ,,
Colonial Bicycle Company,419 S Broadway  Salem  NH 03079  United States,419 S Broadway,Salem,3079,New Hampshire,US,America/New_York,16038940611,,http://www.colonialbicycle.com/,colonialbicycle.com,Bicycle store,Bicycle repair shop,No,15,4.5,permanently closed, ,,,,,,,,Lat 42.748446,Lng -71.20286899999999,https://www.google.com/maps/place/?q=place_id:ChIJJf14jvqp44kRsO6ws6qnXhw,https://www.google.com/search?kgmid=/g/1s049rfj3,https://lh5.googleusercontent.com/p/CIHM0ogKEICAgID44sbrIA,"https://t1.gstatic.com/faviconV2?client=SOCIAL&type=FAVICON&fallback_opts=TYPE,SIZE,URL&url=http://www.colonialbicycle.com/&size=48","https://search.google.com/local/reviews?placeid=ChIJJf14jvqp44kRsO6ws6qnXhw&q=bicycle+shop+near+Methuen+Town,+Massachusetts,+USA&authuser=0&hl=en",16033191688,https://www.facebook.com/ColonialBicycleCompany, ,https://www.instagram.com/colonialbicyclecompany/,