County,City,ZIP
Alamance,Alamance,27201
Alamance,Burlington,27215
Alamance,Burlington,27216
Alamance,Burlington,27217
Alamance,Elon,27244
Alamance,Gibsonville,27249
Alamance,Graham,27253
Alamance,Green Level,27217
Alamance,Haw River,27258
Alamance,Mebane,27302
Alamance,Swepsonville,27359
Alexander,Hiddenite,28636
Alexander,Taylorsville,28681
Alleghany,Sparta,28675
Anson,Ansonville,28007
Anson,Lilesville,28091
Anson,McFarlan,28102
Anson,Morven,28119
Anson,Polkton,28135
Anson,Wadesboro,28170
Ashe,Jefferson,28640
Ashe,Lansing,28643
Ashe,West Jefferson,28694
Avery,Banner Elk,28604
Avery,Crossnore,28616
Avery,Elk Park,28622
Avery,Newland,28657
Beaufort,Aurora,27806
Beaufort,Bath,27808
Beaufort,Belhaven,27810
Beaufort,Chocowinity,27817
Beaufort,Pantego,27860
Beaufort,Washington,27889
Beaufort,Washington,27892
Bertie,Aulander,27805
Bertie,Colerain,27924
Bertie,Kelford,27847
Bertie,Lewiston Woodville,27849
Bertie,Powellsville,27967
Bertie,Roxobel,27872
Bertie,Windsor,27983
Bertie,Woodville,27897
Bladen,Bladenboro,28320
Bladen,Clarkton,28433
Bladen,Dublin,28332
Bladen,East Arcadia,28337
Bladen,Elizabethtown,28337
Bladen,Tar Heel,28392
Bladen,White Lake,28337
Brunswick,Belville,28451
Brunswick,Boiling Spring Lakes,28461
Brunswick,Bolivia,28422
Brunswick,Calabash,28467
Brunswick,Carolina Shores,28467
Brunswick,Caswell Beach,28465
Brunswick,Holden Beach,28462
Brunswick,Leland,28451
Brunswick,Navassa,28451
Brunswick,Oak Island,28465
Brunswick,Ocean Isle Beach,28469
Brunswick,Shallotte,28459
Brunswick,Southport,28461
Brunswick,St. James,28461
Brunswick,Sunset Beach,28468
Brunswick,Varnamtown,28462
Buncombe,Asheville,28801
Buncombe,Asheville,28802
Buncombe,Asheville,28803
Buncombe,Asheville,28804
Buncombe,Asheville,28805
Buncombe,Asheville,28806
Buncombe,Biltmore Forest,28803
Buncombe,Black Mountain,28711
Buncombe,Montreat,28757
Buncombe,Weaverville,28787
Buncombe,Woodfin,28804
Burke,Connelly Springs,28612
Burke,Drexel,28619
Burke,Glen Alpine,28628
Burke,Hildebran,28637
Burke,Morganton,28655
Burke,Rutherford College,28671
Burke,Valdese,28690
Cabarrus,Concord,28025
Cabarrus,Concord,28026
Cabarrus,Concord,28027
Cabarrus,Harrisburg,28075
Cabarrus,Kannapolis,28081
Cabarrus,Kannapolis,28083
Cabarrus,Midland,28107
Cabarrus,Mount Pleasant,28124
Caldwell,Cajah's Mountain,28645
Caldwell,Gamewell,28645
Caldwell,Glen Alpine,28628
Caldwell,Granite Falls,28630
Caldwell,Hudson,28638
Caldwell,Lenoir,28645
Caldwell,Rhodhiss,28667
Camden,Camden,27921
Carteret,Atlantic Beach,28512
Carteret,Beaufort,28516
Carteret,Bogue,28570
Carteret,Cape Carteret,28584
Carteret,Cedar Island,28520
Carteret,Emerald Isle,28594
Carteret,Indian Beach,28512
Carteret,Morehead City,28557
Carteret,Newport,28570
Carteret,Pine Knoll Shores,28512
Caswell,Milton,27305
Caswell,Yanceyville,27379
Catawba,Brookford,28602
Catawba,Catawba,28609
Catawba,Claremont,28610
Catawba,Conover,28613
Catawba,Hickory,28601
Catawba,Hickory,28602
Catawba,Hickory,28603
Catawba,Long View,28601
Catawba,Maiden,28650
Catawba,Newton,28658
Chatham,Goldston,27252
Chatham,Pittsboro,27312
Chatham,Siler City,27344
Cherokee,Andrews,28901
Cherokee,Murphy,28906
Chowan,Edenton,27932
Clay,Hayesville,28904
Cleveland,Belwood,28012
Cleveland,Boiling Springs,28017
Cleveland,Casar,28020
Cleveland,Earl,28038
Cleveland,Fallston,28042
Cleveland,Grover,28073
Cleveland,Kings Mountain,28086
Cleveland,Kingstown,28086
Cleveland,Lattimore,28089
Cleveland,Lawndale,28090
Cleveland,Mooresboro,28114
Cleveland,Patterson Springs,28152
Cleveland,Polkville,28136
Cleveland,Shelby,28150
Cleveland,Shelby,28151
Cleveland,Shelby,28152
Cleveland,Waco,28169
Columbus,Boardman,28337
Columbus,Brunswick,28424
Columbus,Cerro Gordo,28430
Columbus,Chadbourn,28431
Columbus,Fair Bluff,28439
Columbus,Hallsboro,28442
Columbus,Evergreen,28438
Columbus,Lake Waccamaw,28450
Columbus,Riegelwood,28456
Columbus,Sandyfield,28456
Columbus,Tabor City,28463
Columbus,Whiteville,28472
Craven,Bridgeton,28519
Craven,Cove City,28523
Craven,Dover,28526
Craven,Havelock,28532
Craven,New Bern,28560
Craven,New Bern,28561
Craven,New Bern,28562
Craven,New Bern,28563
Craven,River Bend,28562
Craven,Trent Woods,28562
Craven,Vanceboro,28586
Cumberland,Eastover,28312
Cumberland,Fayetteville,28301
Cumberland,Fayetteville,28302
Cumberland,Fayetteville,28303
Cumberland,Fayetteville,28304
Cumberland,Fayetteville,28305
Cumberland,Fayetteville,28306
Cumberland,Fayetteville,28311
Cumberland,Fayetteville,28314
Cumberland,Godwin,28344
Cumberland,Hope Mills,28348
Cumberland,Spring Lake,28390
Cumberland,Stedman,28391
Cumberland,Wade,28395
Currituck,Coinjock,27923
Dare,Duck,27949
Dare,Kill Devil Hills,27948
Dare,Kitty Hawk,27949
Dare,Manteo,27954
Dare,Nags Head,27959
Dare,Southern Shores,27949
Davidson,Denton,27239
Davidson,High Point,27260
Davidson,High Point,27262
Davidson,High Point,27263
Davidson,High Point,27265
Davidson,Lexington,27292
Davidson,Lexington,27293
Davidson,Lexington,27294
Davidson,Lexington,27295
Davidson,Thomasville,27360
Davidson,Thomasville,27361
Davidson,Welcome,27374
Davie,Cooleemee,27014
Davie,Mocksville,27028
Duplin,Beulaville,28518
Duplin,Chinquapin,28521
Duplin,Faison,28341
Duplin,Greenevers,28349
Duplin,Kenansville,28349
Duplin,Magnolia,28453
Duplin,Mount Olive,28365
Duplin,Rose Hill,28458
Duplin,Teachey,28464
Duplin,Warsaw,28398
Duplin,Wallace,28466
Durham,Durham,27701
Durham,Durham,27702
Durham,Durham,27703
Durham,Durham,27704
Durham,Durham,27705
Durham,Durham,27706
Durham,Durham,27707
Durham,Durham,27708
Durham,Durham,27709
Durham,Durham,27710
Durham,Durham,27712
Durham,Durham,27713
Edgecombe,Conetoe,27819
Edgecombe,Leggett,27824
Edgecombe,Macclesfield,27852
Edgecombe,Pinetops,27864
Edgecombe,Princeville,27886
Edgecombe,Speed,27881
Edgecombe,Tarboro,27886
Edgecombe,Whitakers,27891
Forsyth,Bethania,27010
Forsyth,Clemmons,27012
Forsyth,Kernersville,27284
Forsyth,Kernersville,27285
Forsyth,Lewisville,27023
Forsyth,Rural Hall,27045
Forsyth,Tobaccoville,27050
Forsyth,Walkertown,27051
Forsyth,Winston-Salem,27101
Forsyth,Winston-Salem,27102
Forsyth,Winston-Salem,27103
Forsyth,Winston-Salem,27104
Forsyth,Winston-Salem,27105
Forsyth,Winston-Salem,27106
Forsyth,Winston-Salem,27107
Forsyth,Winston-Salem,27108
Forsyth,Winston-Salem,27109
Forsyth,Winston-Salem,27110
Forsyth,Winston-Salem,27127
Franklin,Bunn,27508
Franklin,Franklinton,27525
Franklin,Louisburg,27549
Franklin,Youngsville,27596
Gaston,Alexis,28006
Gaston,Belmont,28012
Gaston,Bessemer City,28016
Gaston,Cherryville,28021
Gaston,Cramerton,28032
Gaston,Dallas,28034
Gaston,Gastonia,28052
Gaston,Gastonia,28053
Gaston,Gastonia,28054
Gaston,Gastonia,28056
Gaston,High Shoals,28077
Gaston,Kings Mountain,28086
Gaston,Lowell,28098
Gaston,McAdenville,28101
Gaston,Mount Holly,28120
Gaston,Ranlo,28054
Gaston,Spencer Mountain,28056
Gaston,Stanley,28164
Gates,Gatesville,27938
Graham,Robbinsville,28771
Granville,Butner,27509
Granville,Creedmoor,27522
Granville,Oxford,27565
Granville,Stovall,27582
Greene,Hookerton,28538
Greene,Snow Hill,28580
Greene,Walstonburg,27888
Guilford,Archdale,27263
Guilford,Gibsonville,27249
Guilford,Greensboro,27401
Guilford,Greensboro,27402
Guilford,Greensboro,27403
Guilford,Greensboro,27404
Guilford,Greensboro,27405
Guilford,Greensboro,27406
Guilford,Greensboro,27407
Guilford,Greensboro,27408
Guilford,Greensboro,27409
Guilford,Greensboro,27410
Guilford,Greensboro,27411
Guilford,Greensboro,27412
Guilford,Greensboro,27413
Guilford,Greensboro,27415
Guilford,Greensboro,27416
Guilford,Greensboro,27417
Guilford,Greensboro,27419
Guilford,Greensboro,27420
Guilford,Greensboro,27425
Guilford,Greensboro,27427
Guilford,Greensboro,27429
Guilford,Greensboro,27435
Guilford,High Point,27260
Guilford,High Point,27262
Guilford,High Point,27263
Guilford,High Point,27265
Guilford,Jamestown,27282
Guilford,Oak Ridge,27310
Guilford,Pleasant Garden,27313
Guilford,Sedalia,27342
Guilford,Stokesdale,27357
Guilford,Summerfield,27358
Guilford,Whitsett,27377
Halifax,Aurelian Springs,27806
Halifax,Enfield,27823
Halifax,Halifax,27839
Halifax,Hobgood,27843
Halifax,Littleton,27850
Halifax,Roanoke Rapids,27870
Halifax,Scotland Neck,27874
Halifax,Weldon,27890
Harnett,Angier,27501
Harnett,Coats,27521
Harnett,Dunn,28334
Harnett,Erwin,28339
Harnett,Lillington,27546
Haywood,Canton,28716
Haywood,Clyde,28721
Haywood,Maggie Valley,28751
Haywood,Waynesville,28785
Haywood,Waynesville,28786
Henderson,East Flat Rock,28726
Henderson,Flat Rock,28731
Henderson,Fletcher,28732
Henderson,Hendersonville,28739
Henderson,Hendersonville,28791
Henderson,Hendersonville,28792
Henderson,Hendersonville,28793
Henderson,Laurel Park,28739
Hertford,Ahoskie,27910
Hertford,Como,27818
Hertford,Cofield,27922
Hertford,Harrellsville,27942
Hertford,Murfreesboro,27855
Hertford,Winton,27986
Hoke,Raeford,28376
Hyde,Engelhard,27824
Hyde,Fairfield,27826
Hyde,Swan Quarter,27885
Iredell,Davidson,28036
Iredell,Harmony,28634
Iredell,Mooresville,28115
Iredell,Mooresville,28117
Iredell,Statesville,28625
Iredell,Statesville,28677
Iredell,Statesville,28687
Iredell,Troutman,28166
Jackson,Cashiers,28717
Jackson,Cullowhee,28723
Jackson,Dillsboro,28725
Jackson,Sylva,28779
Jackson,Webster,28788
Johnston,Benson,27504
Johnston,Clayton,27520
Johnston,Clayton,27527
Johnston,Four Oaks,27524
Johnston,Kenly,27542
Johnston,Micro,27555
Johnston,Pine Level,27568
Johnston,Princeton,27569
Johnston,Selma,27576
Johnston,Smithfield,27577
Jones,Maysville,28555
Jones,Pollocksville,28573
Jones,Trenton,28585
Lee,Broadway,27505
Lee,Sanford,27330
Lee,Sanford,27331
Lee,Sanford,27332
Lenoir,Grifton,28530
Lenoir,Kinston,28501
Lenoir,Kinston,28502
Lenoir,Kinston,28503
Lenoir,LaGrange,28551
Lenoir,Pink Hill,28572
Lincoln,Boger City,28018
Lincoln,Crouse,28033
Lincoln,Denver,28037
Lincoln,High Shoals,28077
Lincoln,Iron Station,28080
Lincoln,Lincolnton,28092
Lincoln,Lowesville,28093
Lincoln,Stanley,28164
Macon,Franklin,28734
Macon,Highlands,28741
Madison,Hot Springs,28743
Madison,Marshall,28753
Madison,Mars Hill,28754
Martin,Bear Grass,27845
Martin,Everetts,27825
Martin,Hamilton,27840
Martin,Hassell,27841
Martin,Jamesville,27846
Martin,Oak City,27857
Martin,Parmele,27861
Martin,Robersonville,27871
Martin,Williamston,27892
McDowell,Marion,28752
Mecklenburg,Charlotte,28201
Mecklenburg,Charlotte,28202
Mecklenburg,Charlotte,28203
Mecklenburg,Charlotte,28204
Mecklenburg,Charlotte,28205
Mecklenburg,Charlotte,28206
Mecklenburg,Charlotte,28207
Mecklenburg,Charlotte,28208
Mecklenburg,Charlotte,28209
Mecklenburg,Charlotte,28210
Mecklenburg,Charlotte,28211
Mecklenburg,Charlotte,28212
Mecklenburg,Charlotte,28213
Mecklenburg,Charlotte,28214
Mecklenburg,Charlotte,28215
Mecklenburg,Charlotte,28216
Mecklenburg,Charlotte,28217
Mecklenburg,Charlotte,28223
Mecklenburg,Charlotte,28226
Mecklenburg,Charlotte,28227
Mecklenburg,Charlotte,28244
Mecklenburg,Charlotte,28262
Mecklenburg,Charlotte,28269
Mecklenburg,Charlotte,28270
Mecklenburg,Charlotte,28273
Mecklenburg,Charlotte,28274
Mecklenburg,Charlotte,28277
Mecklenburg,Charlotte,28278
Mecklenburg,Cornelius,28031
Mecklenburg,Davidson,28036
Mecklenburg,Huntersville,28070
Mecklenburg,Matthews,28104
Mecklenburg,Matthews,28105
Mecklenburg,Mint Hill,28227
Mecklenburg,Pineville,28134
Mitchell,Bakersville,28705
Mitchell,Spruce Pine,28777
Montgomery,Biscoe,27209
Montgomery,Candor,27229
Montgomery,Mount Gilead,27306
Montgomery,Star,27356
Montgomery,Troy,27371
Moore,Aberdeen,28315
Moore,Carthage,28327
Moore,Foxfire Village,27281
Moore,Pinebluff,28373
Moore,Pinehurst,28374
Moore,Robbins,27325
Moore,Southern Pines,28387
Moore,Southern Pines,28388
Moore,Taylortown,28681
Moore,Vass,28394
Moore,Whispering Pines,28327
Nash,Bailey,27807
Nash,Momeyer,27886
Nash,Nashville,27856
Nash,Red Oak,27868
Nash,Rocky Mount,27801
Nash,Rocky Mount,27802
Nash,Rocky Mount,27803
Nash,Rocky Mount,27804
Nash,Sharpsburg,27878
Nash,Spring Hope,27882
New Hanover,Carolina Beach,28428
New Hanover,Kure Beach,28449
New Hanover,Wilmington,28401
New Hanover,Wilmington,28402
New Hanover,Wilmington,28403
New Hanover,Wilmington,28404
New Hanover,Wilmington,28405
New Hanover,Wilmington,28406
New Hanover,Wilmington,28407
New Hanover,Wilmington,28408
New Hanover,Wilmington,28409
New Hanover,Wilmington,28411
New Hanover,Wilmington,28412
New Hanover,Wrightsville Beach,28480
Northampton,Conway,27820
Northampton,Garysburg,27831
Northampton,Gaston,27832
Northampton,Jackson,27845
Northampton,Lasker,27845
Northampton,Rich Square,27869
Northampton,Seaboard,27876
Northampton,Severn,27877
Northampton,Woodland,27897
Onslow,Holly Ridge,28445
Onslow,Jacksonville,28540
Onslow,Jacksonville,28541
Onslow,Jacksonville,28546
Onslow,North Topsail Beach,28460
Onslow,Richlands,28574
Onslow,Swansboro,28584
Orange,Carrboro,27510
Orange,Chapel Hill,27514
Orange,Chapel Hill,27515
Orange,Chapel Hill,27516
Orange,Chapel Hill,27517
Orange,Hillsborough,27278
Orange,Mebane,27302
Pamlico,Alliance,28509
Pamlico,Arapahoe,28510
Pamlico,Bayboro,28515
Pamlico,Grantsboro,28529
Pamlico,Mesic,28556
Pamlico,Oriental,28571
Pamlico,Stonewall,28583
Pamlico,Vandemere,28587
Pasquotank,Elizabeth City,27906
Pasquotank,Elizabeth City,27907
Pasquotank,Elizabeth City,27909
Pender,Atkinson,28421
Pender,Burgaw,28425
Pender,St. Helena,28425
Pender,Surf City,28445
Pender,Topsail Beach,28445
Perquimans,Hertford,27944
Person,Roxboro,27573
Person,Roxboro,27574
Pitt,Ayden,28513
Pitt,Bethel,27812
Pitt,Falkland,27827
Pitt,Farmville,27828
Pitt,Fountain,27829
Pitt,Greenville,27833
Pitt,Greenville,27834
Pitt,Greenville,27835
Pitt,Greenville,27836
Pitt,Greenville,27837
Pitt,Grifton,28530
Pitt,Grimesland,27837
Pitt,Simpson,27879
Pitt,Winterville,28590
Polk,Columbus,28722
Polk,Saluda,28773
Polk,Tryon,28782
Randolph,Archdale,27263
Randolph,Asheboro,27203
Randolph,Asheboro,27204
Randolph,Franklinville,27248
Randolph,Liberty,27298
Randolph,Ramseur,27316
Randolph,Randleman,27317
Randolph,Seagrove,27341
Randolph,Staley,27355
Randolph,Trinity,27370
Richmond,Dobbins Heights,28334
Richmond,Ellerbe,28338
Richmond,Hamlet,28345
Richmond,Hoffman,28347
Richmond,Norman,28367
Richmond,Rockingham,28379
Richmond,Rockingham,28380
Robeson,Fairmont,28340
Robeson,Lumberton,28358
Robeson,Lumberton,28359
Robeson,Lumberton,28360
Robeson,Maxton,28364
Robeson,McDonald,28340
Robeson,Orrum,28369
Robeson,Parkton,28371
Robeson,Pembroke,28372
Robeson,Proctorville,28375
Robeson,Raynham,28340
Robeson,Red Springs,28377
Robeson,Rowland,28383
Robeson,St. Pauls,28384
Rockingham,Eden,27288
Rockingham,Madison,27025
Rockingham,Mayodan,27027
Rockingham,Reidsville,27320
Rockingham,Reidsville,27323
Rockingham,Stoneville,27048
Rockingham,Wentworth,27375
Rowan,China Grove,28023
Rowan,Cleveland,27013
Rowan,East Spencer,28039
Rowan,Faith,28041
Rowan,Granite Quarry,28072
Rowan,Landis,28088
Rowan,Rockwell,28138
Rowan,Salisbury,28144
Rowan,Salisbury,28145
Rowan,Salisbury,28146
Rowan,Salisbury,28147
Rowan,Spencer,28159
Rutherford,Bostic,28018
Rutherford,Caroleen,28019
Rutherford,Chimney Rock,28720
Rutherford,Ellenboro,28040
Rutherford,Forest City,28043
Rutherford,Lake Lure,28746
Rutherford,Ruth,28139
Rutherford,Rutherfordton,28139
Rutherford,Spindale,28160
Sampson,Autryville,28318
Sampson,Clinton,28328
Sampson,Garland,28441
Sampson,Harrells,28444
Sampson,Ivanhoe,28447
Sampson,Newton Grove,28366
Sampson,Roseboro,28382
Sampson,Salemburg,28385
Sampson,Turkey,28393
Scotland,East Laurinburg,28352
Scotland,Gibson,28343
Scotland,Laurel Hill,28351
Scotland,Laurinburg,28352
Scotland,Laurinburg,28353
Scotland,Wagram,28396
Stanly,Albemarle,28001
Stanly,Albemarle,28002
Stanly,Badin,28009
Stanly,Locust,28097
Stanly,Misenheimer,28109
Stanly,New London,28127
Stanly,Norwood,28128
Stanly,Oakboro,28129
Stanly,Red Cross,28125
Stanly,Richfield,28137
Stanly,Stanfield,28163
Stokes,Danbury,27016
Stokes,King,27021
Stokes,Walnut Cove,27052
Surry,Dobson,27017
Surry,Elkin,28621
Surry,Mount Airy,27030
Surry,Pilot Mountain,27041
Swain,Bryson City,28713
Transylvania,Brevard,28712
Transylvania,Rosman,28772
Tyrrell,Columbia,27925
Union,Fairview,28088
Union,Hemby Bridge,28079
Union,Indian Trail,28079
Union,Marshville,28103
Union,Mineral Springs,28107
Union,Monroe,28110
Union,Monroe,28111
Union,Stallings,28104
Union,Unionville,28110
Union,Waxhaw,28173
Union,Weddington,28104
Union,Wingate,28174
Vance,Henderson,27536
Vance,Henderson,27537
Vance,Kittrell,27544
Vance,Middleburg,27556
Wake,Apex,27502
Wake,Apex,27523
Wake,Cary,27511
Wake,Cary,27512
Wake,Cary,27513
Wake,Cary,27518
Wake,Cary,27519
Wake,Fuquay-Varina,27526
Wake,Garner,27529
Wake,Holly Springs,27540
Wake,Knightdale,27545
Wake,Morrisville,27560
Wake,Raleigh,27601
Wake,Raleigh,27602
Wake,Raleigh,27603
Wake,Raleigh,27604
Wake,Raleigh,27605
Wake,Raleigh,27606
Wake,Raleigh,27607
Wake,Raleigh,27608
Wake,Raleigh,27609
Wake,Raleigh,27610
Wake,Raleigh,27611
Wake,Raleigh,27612
Wake,Raleigh,27613
Wake,Raleigh,27614
Wake,Raleigh,27615
Wake,Raleigh,27616
Wake,Raleigh,27617
Wake,Raleigh,27619
Wake,Raleigh,27695
Wake,Rolesville,27571
Wake,Wake Forest,27587
Wake,Wake Forest,27588
Wake,Wendell,27591
Wake,Zebulon,27597
Warren,Macon,27551
Warren,Norlina,27563
Warren,Warrenton,27589
Washington,Creswell,27928
Washington,Plymouth,27962
Washington,Roper,27970
Watauga,Beech Mountain,28604
Watauga,Blowing Rock,28605
Watauga,Boone,28607
Watauga,Seven Devils,28604
Wayne,Eureka,27830
Wayne,Fremont,27830
Wayne,Goldsboro,27530
Wayne,Goldsboro,27531
Wayne,Goldsboro,27532
Wayne,Goldsboro,27533
Wayne,Goldsboro,27534
Wayne,Mount Olive,28365
Wayne,Pikeville,27863
Wayne,Walnut Creek,27587
Wilkes,North Wilkesboro,28659
Wilkes,Ronda,28670
Wilkes,Wilkesboro,28697
Wilson,Black Creek,27813
Wilson,Elm City,27822
Wilson,Lucama,27851
Wilson,Saratoga,27873
Wilson,Sims,27880
Wilson,Stantonsburg,27883
Wilson,Wilson,27893
Wilson,Wilson,27894
Wilson,Wilson,27895
Wilson,Wilson,27896
Yadkin,Boonville,27011
Yadkin,East Bend,27018
Yadkin,Jonesville,28642
Yadkin,Yadkinville,27055
Yancey,Burnsville,28714
