County,City,ZIP
Anderson,Briceville,37710
Anderson,Clinton,37716
Anderson,Lake City,37769
Anderson,Oak Ridge,37830
Bedford,Bell Buckle,37020
Bedford,Normandy,37360
Bedford,Shelbyville,37160
Bedford,Unionville,37180
Bedford,Wartrace,37183
Benton,Big Sandy,38221
Benton,Camden,38320
Benton,Eva,38333
Benton,Holladay,38341
Bledsoe,Pikeville,37367
Blount,Alcoa,37701
Blount,Friendsville,37737
Blount,Louisville,37777
Blount,Maryville,37801
Blount,Rockford,37853
Blount,Tallassee,37878
Blount,Townsend,37882
Bradley,Charleston,37310
Bradley,Cleveland,37311
Bradley,Mc Donald,37353
Campbell,Caryville,37714
Campbell,Jacksboro,37757
Campbell,Jellico,37762
Campbell,La Follette,37766
Cannon,Auburntown,37016
Cannon,Bradyville,37026
Cannon,Readyville,37149
Cannon,Woodbury,37190
Carroll,Atwood,38220
Carroll,Bruceton,38317
Carroll,Clarksburg,38324
Carroll,Hollow Rock,38342
Carroll,Huntingdon,38344
Carroll,Lavinia,38348
Carroll,Mc Kenzie,38201
Carroll,Mc Lemoresville,38235
Carroll,Trezevant,38258
Carroll,Yuma,38390
Carter,Elizabethton,37643
Carter,Hampton,37658
Carter,Milligan College,37682
Carter,Roan Mountain,37687
Carter,Watauga,37694
Cheatham,Ashland City,37015
Cheatham,Chapmansboro,37035
Cheatham,Kingston Springs,37082
Cheatham,Pegram,37143
Cheatham,Pleasant View,37146
Chester,Enville,38332
Chester,Henderson,38340
Chester,Jacks Creek,38347
Chester,Luray,38352
Claiborne,Cumberland Gap,37724
Claiborne,Eagan,37730
Claiborne,Harrogate,37752
Claiborne,Lone Mountain,37773
Claiborne,Shawanee,37867
Claiborne,Speedwell,37870
Claiborne,Tazewell,37879
Clay,Celina,38551
Clay,Moss,38575
Cocke,Bybee,37713
Cocke,Del Rio,37727
Cocke,Hartford,37753
Cocke,Newport,37821
Cocke,Parrottsville,37843
Coffee,Hillsboro,37342
Coffee,Manchester,37349
Coffee,Summitville,37382
Coffee,Tullahoma,37388
Crockett,Alamo,38001
Crockett,Bells,38006
Crockett,Crockett Mills,38021
Crockett,Friendship,38034
Crockett,Maury City,38050
Cumberland,Crab Orchard,37723
Cumberland,Crossville,38555
Cumberland,Pleasant Hill,38578
Davidson,Belle Meade,37027
Davidson,Berry Hill,37027
Davidson,Goodlettsville,37070
Davidson,Hermitage,37076
Davidson,Joelton,37080
Davidson,Madison,37115
Davidson,Nashville,37201
Davidson,Old Hickory,37138
Davidson,Whites Creek,37189
Decatur,Decaturville,38329
Decatur,Parsons,38363
Decatur,Scotts Hill,38374
Decatur,Sugar Tree,38380
Dekalb,Alexandria,37012
Dekalb,Dowelltown,37059
Dekalb,Liberty,37095
Dekalb,Smithville,37166
Dickson,Burns,37029
Dickson,Charlotte,37036
Dickson,Cumberland Furnace,37051
Dickson,Dickson,37055
Dickson,Vanleer,37181
Dickson,White Bluff,37187
Dyer,Bogota,38007
Dyer,Dyersburg,38024
Dyer,Finley,38030
Dyer,Lenox,38047
Dyer,Newbern,38059
Dyer,Tigrett,38070
Dyer,Trimble,38259
Fayette,Braden,38549
Fayette,La Grange,38046
Fayette,Macon,38048
Fayette,Moscow,38057
Fayette,Oakland,38060
Fayette,Rossville,38066
Fayette,Somerville,38068
Fayette,Williston,38076
Fentress,Allardt,38504
Fentress,Clarkrange,38553
Fentress,Grimsley,38565
Fentress,Jamestown,38556
Fentress,Pall Mall,38577
Franklin,Cowan,37318
Franklin,Decherd,37324
Franklin,Estill Springs,37330
Franklin,Huntland,37345
Franklin,Sewanee,37375
Franklin,Sherwood,37376
Gibson,Bradford,38316
Gibson,Chesterfield,31556
Gibson,Dyer,38330
Gibson,Gibson,38338
Gibson,Humboldt,38343
Gibson,Idlewild,38346
Gibson,Kenton,38233
Gibson,Medina,38355
Gibson,Milan,38358
Gibson,Rutherford,38369
Gibson,Trenton,38382
Gibson,Yorkville,38389
Giles,Ardmore,38449
Giles,Elkton,38455
Giles,Goodspring,38460
Giles,Lynnville,38472
Giles,Minor Hill,38473
Giles,Prospect,38477
Giles,Pulaski,38478
Grainger,Bean Station,37708
Grainger,Blaine,37709
Grainger,Powder Springs,37848
Grainger,Rutledge,37861
Grainger,Thorn Hill,37881
Grainger,Washburn,37888
Greene,Baileyton,37743
Greene,Greeneville,37743
Greene,Mohawk,37810
Greene,Mosheim,37818
Grundy,Altamont,37301
Grundy,Beersheba Springs,37305
Grundy,Coalmont,37313
Grundy,Gruetli Laager,37339
Grundy,Monteagle,37356
Grundy,Palmer,37365
Grundy,Tracy City,37387
Hamblen,Lowland,37778
Hamblen,Morristown,37813
Hamblen,Russellville,37860
Hamblen,Talbott,37877
Hamblen,Whitesburg,37891
Hamilton,Chattanooga,37401
Hamilton,Collegedale,37846
Hamilton,Collegedale,37315
Hamilton,Harrison,37341
Hamilton,Hixson,37343
Hamilton,Lookout Mountain,37350
Hamilton,Ooltewah,37363
Hamilton,Sale Creek,37373
Hamilton,Signal Mountain,37377
Hamilton,Soddy Daisy,37379
Hancock,Sneedville,37869
Hardeman,Bolivar,38008
Hardeman,Grand Junction,38039
Hardeman,Hickory Valley,38042
Hardeman,Hornsby,38044
Hardeman,Middleton,38052
Hardeman,Pocahontas,38061
Hardeman,Saulsbury,38067
Hardeman,Toone,38381
Hardeman,Whiteville,38075
Hardin,Crump,38327
Hardin,Morris Chapel,38361
Hardin,Olivehill,38475
Hardin,Pickwick Dam,38365
Hardin,Saltillo,38370
Hardin,Savannah,38372
Hardin,Shiloh,38376
Hawkins,Bulls Gap,37711
Hawkins,Church Hill,37642
Hawkins,Eidson,37731
Hawkins,Mooresburg,37811
Hawkins,Mount Carmel,37645
Hawkins,Rogersville,37857
Hawkins,Surgoinsville,37873
Haywood,Brownsville,38012
Haywood,Stanton,38069
Henderson,Darden,38328
Henderson,Huron,38345
Henderson,Lexington,38351
Henderson,Reagan,38368
Henderson,Sardis,38371
Henderson,Wildersville,38388
Henry,Buchanan,38222
Henry,Cottage Grove,38224
Henry,Henry,38231
Henry,Mansfield,38236
Henry,Puryear,38251
Henry,Springville,38256
Hickman,Bon Aqua,37025
Hickman,Centerville,37033
Hickman,Lyles,37098
Hickman,Nunnelly,37137
Hickman,Only,37140
Houston,Erin,37061
Houston,Stewart,37175
Houston,Tennessee Ridge,37178
Humphreys,Hurricane Mills,37078
Humphreys,Mc Ewen,37101
Humphreys,New Johnsonville,37134
Humphreys,Waverly,37185
Jackson,Granville,38564
Jackson,Whitleyville,38588
Jefferson,Baneberry,37890
Jefferson,Dandridge,37725
Jefferson,Jefferson City,37760
Jefferson,New Market,37820
Jefferson,Strawberry Plains,37871
Jefferson,White Pine,37890
Johnson,Butler,37640
Johnson,Laurel Bloomery,37680
Johnson,Mountain City,37683
Johnson,Trade,37691
Knox,Heiskell,37754
Knox,Knoxville,37901
Knox,Mascot,37806
Knox,Powell,37849
Lake,Ridgely,38080
Lake,Tiptonville,38079
Lake,Wynnburg,38077
Lauderdale,Gates,38037
Lauderdale,Halls,38040
Lauderdale,Henning,38041
Lauderdale,Ripley,38063
Lawrence,Ethridge,38456
Lawrence,Five Points,38457
Lawrence,Iron City,38463
Lawrence,Leoma,38468
Lawrence,Loretto,38469
Lawrence,Saint Joseph,38481
Lawrence,Summertown,38483
Lawrence,Westpoint,38486
Lewis,Hohenwald,38462
Lincoln,Fayetteville,37334
Lincoln,Flintville,37335
Lincoln,Frankewing,38459
Lincoln,Kelso,37348
Lincoln,Mulberry,37359
Lincoln,Petersburg,37144
Lincoln,Taft,38488
Loudon,Greenback,37742
Loudon,Lenoir City,37771
Loudon,Loudon,37774
Loudon,Philadelphia,37846
Macon,Lafayette,37083
Macon,Red Boiling Springs,37150
Madison,Denmark,38391
Madison,Jackson,38301
Madison,Medon,38356
Madison,Mercer,38392
Madison,Oakfield,38362
Madison,Pinson,38366
Madison,Spring Creek,38378
Marion,Guild,37340
Marion,Jasper,37347
Marion,Sequatchie,37374
Marion,South Pittsburg,37380
Marshall,Belfast,37019
Marshall,Chapel Hill,37034
Marshall,Cornersville,37047
Marshall,Lewisburg,37091
Maury,Columbia,38401
Maury,Hampshire,38461
Maury,Mount Pleasant,38474
Maury,Santa Fe,38482
Maury,Spring Hill,37174
Maury,Williamsport,38487
Mcminn,Athens,37303
Mcminn,Calhoun,37309
Mcminn,Englewood,37329
Mcminn,Etowah,37331
Mcminn,Niota,37826
Mcminn,Riceville,37370
Mcnairy,Adamsville,38310
Mcnairy,Bethel Springs,38315
Mcnairy,Finger,38334
Mcnairy,Guys,38339
Mcnairy,Michie,38357
Mcnairy,Milledgeville,38359
Mcnairy,Ramer,38367
Mcnairy,Selmer,38375
Mcnairy,Stantonville,38379
Meigs,Decatur,37322
Meigs,Georgetown,37336
Meigs,Ten Mile,37880
Monroe,Madisonville,37354
Monroe,Sweetwater,37874
Monroe,Tellico Plains,37385
Monroe,Vonore,37885
Montgomery,Clarksville,37040
Montgomery,Palmyra,37142
Montgomery,Southside,37171
Montgomery,Woodlawn,37191
Moore,Lynchburg,37352
Morgan,Coalfield,37719
Morgan,Deer Lodge,37726
Morgan,Lancing,37770
Morgan,Oakdale,37829
Morgan,Petros,37845
Morgan,Rugby,37733
Morgan,Sunbright,37872
Morgan,Wartburg,37887
Obion,Hornbeak,38232
Obion,Obion,38240
Obion,Rives,38253
Obion,Samburg,38254
Obion,South Fulton,38257
Obion,Troy,38260
Obion,Union City,38261
Obion,Woodland Mills,38271
Overton,Hilham,38568
Overton,Livingston,38570
Overton,Monroe,38573
Overton,Rickman,38580
Perry,Linden,37096
Perry,Lobelville,37097
Pickett,Byrdstown,38549
Polk,Benton,37307
Polk,Copperhill,37317
Polk,Delano,37325
Polk,Ducktown,37326
Polk,Farner,37333
Polk,Ocoee,37361
Polk,Old Fort,37362
Polk,Reliance,37369
Polk,Turtletown,37391
Putnam,Algood,38501
Putnam,Baxter,38544
Putnam,Bloomington Springs,38545
Putnam,Buffalo Valley,38548
Putnam,Cookeville,38501
Putnam,Monterey,38574
Putnam,Silver Point,38582
Rhea,Dayton,37321
Rhea,Evensville,37332
Rhea,Grandview,37337
Rhea,Graysville,37338
Rhea,Spring City,37381
Roane,Harriman,37748
Roane,Kingston,37763
Roane,Oliver Springs,37840
Roane,Rockwood,37854
Robertson,Adams,37010
Robertson,Cedar Hill,37032
Robertson,Cross Plains,37049
Robertson,Greenbrier,37073
Robertson,Orlinda,37141
Robertson,Ridgetop,37152
Robertson,Springfield,37172
Robertson,White House,37188
Rutherford,Christiana,37037
Rutherford,Eagleville,37060
Rutherford,Fosterville,37063
Rutherford,La Vergne,37086
Rutherford,Lascassas,37085
Rutherford,Milton,37118
Rutherford,Murfreesboro,37127
Rutherford,Rockvale,37153
Rutherford,Smyrna,37167
Scott,Elgin,37732
Scott,Helenwood,37755
Scott,Huntsville,37756
Scott,Oneida,37841
Scott,Robbins,37852
Scott,Winfield,37892
Sequatchie,Dunlap,37327
Sequatchie,Whitwell,37397
Sevier,Gatlinburg,37738
Sevier,Kodak,37764
Sevier,Pigeon Forge,37863
Sevier,Sevierville,37862
Sevier,Seymour,37865
Shelby,Arlington,38002
Shelby,Bartlett,38133
Shelby,Collierville,38017
Shelby,Ellendale,38029
Shelby,Germantown,38138
Shelby,Memphis,38101
Shelby,Millington,38053
Smith,Brush Creek,38547
Smith,Carthage,37030
Smith,Dixon Springs,37057
Smith,Elmwood,38560
Smith,Gordonsville,38563
Smith,Hickman,38567
Smith,Lancaster,38569
Smith,Pleasant Shade,37145
Smith,Riddleton,37151
Stewart,Bumpus Mills,37028
Stewart,Cumberland City,37050
Stewart,Dover,37058
Stewart,Indian Mound,37079
Sullivan,Blountville,37617
Sullivan,Bluff City,37618
Sullivan,Bristol,37620
Sullivan,Colonial Heights,37183
Sullivan,Kingsport,37660
Sumner,Cottontown,37048
Sumner,Hendersonville,37075
Sumner,Portland,37148
Sumner,Westmoreland,37186
Tipton,Atoka,38004
Tipton,Brighton,38011
Tipton,Burlison,38015
Tipton,Covington,38019
Tipton,Mason,38049
Tipton,Munford,38058
Trousdale,Hartsville,37074
Unicoi,Erwin,37650
Unicoi,Flag Pond,37657
Unicoi,Unicoi,37692
Union,Maynardville,37807
Union,Sharps Chapel,37866
Van Buren,Spencer,38585
Warren,Campaign,38550
Warren,Centertown,37034
Warren,Mcminnville,37110
Warren,Morrison,37357
Warren,Rock Island,38581
Warren,Smartt,37378
Washington,Johnson City,37601
Washington,Jonesborough,37659
Washington,Limestone,37681
Washington,Mountain Home,37684
Washington,Telford,37690
Wayne,Clifton,38425
Wayne,Collinwood,38450
Wayne,Lutts,38471
Wayne,Waynesboro,38485
Weakley,Dresden,38225
Weakley,Dukedom,38226
Weakley,Gleason,38229
Weakley,Greenfield,38230
Weakley,Martin,38237
Weakley,Palmersville,38241
Weakley,Sharon,38255
White,Doyle,38559
White,Quebeck,38579
White,Sparta,38583
White,Walling,38587
Williamson,Brentwood,37027
Williamson,College Grove,37046
Williamson,Fairview,37062
Williamson,Franklin,37064
Williamson,Nolensville,37135
Williamson,Primm Springs,38476
Williamson,Thompsons Station,37179
Wilson,Gladeville,37071
Wilson,Lebanon,37087
Wilson,Mount Juliet,37121
Wilson,Norene,37136
Wilson,Watertown,37184
