County,City,ZIP
Anderson,Palestine,75801
Anderson,Palestine,75802
Anderson,Elkhart,75839
Anderson,Frankston,75763
Andrews,Andrews,79714
Angelina,Lufkin,75901
Angelina,Lufkin,75902
Angelina,Lufkin,75904
Angelina,Lufkin,75915
Angelina,Diboll,75941
Angelina,Hudson,75904
Angelina,Burke,75932
Angelina,Huntington,75949
Aransas,Aransas Pass,78336
Aransas,Fulton,78358
Aransas,Rockport,78382
Archer,Archer City,76351
Archer,Holliday,76366
Archer,Lakeside City,76308
Archer,Megargel,76370
Archer,Scotland,76379
Archer,Windthorst,76389
Armstrong,Claude,79019
Armstrong,Wayside,79094
Atascosa,Charlotte,78011
Atascosa,Christine,78012
Atascosa,Jourdanton,78026
Atascosa,Lytle,78052
Atascosa,Pleasanton,78064
Atascosa,Poteet,78065
Austin,Bellville,77418
Austin,Sealy,77474
Austin,Wallis,77485
Austin,Industry,78944
Austin,Brazos Country,77418
Bailey,Muleshoe,79347
Bandera,Bandera,78003
Bandera,Pipe Creek,78063
Bastrop,Bastrop,78602
Bastrop,Elgin,78621
Bastrop,Smithville,78957
Baylor,Seymour,76380
Bee,Beeville,78102
Bee,Normanna,78142
Bee,Pawnee,78145
Bee,Pettus,78146
Bee,Skidmore,78389
Bee,Tuleta,78162
Bell,Belton,76513
Bell,Temple,76501
Bell,Temple,76502
Bell,Temple,76504
Bell,Temple,76508
Bell,Killeen,76540
Bell,Killeen,76541
Bell,Killeen,76542
Bell,Killeen,76543
Bell,Killeen,76544
Bell,Killeen,76548
Bell,Harker Heights,76548
Bell,Copperas Cove,76522
Bell,Holland,76534
Bell,Bartlett,76511
Bell,Little River-Academy,76554
Bell,Morgan's Point Resort,76513
Bell,Nolanville,76559
Bell,Rogers,76569
Bell,Salado,76571
Bell,Troy,76579
Bexar,San Antonio,78201
Bexar,San Antonio,78202
Bexar,San Antonio,78203
Bexar,San Antonio,78204
Bexar,San Antonio,78205
Bexar,San Antonio,78206
Bexar,San Antonio,78207
Bexar,San Antonio,78208
Bexar,San Antonio,78209
Bexar,San Antonio,78210
Bexar,San Antonio,78211
Bexar,San Antonio,78212
Bexar,San Antonio,78213
Bexar,San Antonio,78214
Bexar,San Antonio,78215
Bexar,San Antonio,78216
Bexar,San Antonio,78217
Bexar,San Antonio,78218
Bexar,San Antonio,78219
Bexar,San Antonio,78220
Bexar,San Antonio,78221
Bexar,San Antonio,78222
Bexar,San Antonio,78223
Bexar,San Antonio,78224
Bexar,San Antonio,78225
Bexar,San Antonio,78226
Bexar,San Antonio,78227
Bexar,San Antonio,78228
Bexar,San Antonio,78229
Bexar,San Antonio,78230
Bexar,San Antonio,78231
Bexar,San Antonio,78232
Bexar,San Antonio,78233
Bexar,San Antonio,78234
Bexar,San Antonio,78235
Bexar,San Antonio,78236
Bexar,San Antonio,78237
Bexar,San Antonio,78238
Bexar,San Antonio,78239
Bexar,San Antonio,78240
Bexar,San Antonio,78242
Bexar,San Antonio,78243
Bexar,San Antonio,78244
Bexar,San Antonio,78245
Bexar,San Antonio,78247
Bexar,San Antonio,78248
Bexar,San Antonio,78249
Bexar,San Antonio,78250
Bexar,San Antonio,78251
Bexar,San Antonio,78252
Bexar,San Antonio,78253
Bexar,San Antonio,78254
Bexar,San Antonio,78255
Bexar,San Antonio,78256
Bexar,San Antonio,78257
Bexar,San Antonio,78258
Bexar,San Antonio,78259
Bexar,San Antonio,78260
Bexar,San Antonio,78261
Bexar,San Antonio,78263
Bexar,San Antonio,78264
Bexar,San Antonio,78265
Bexar,San Antonio,78266
Bexar,Alamo Heights,78209
Bexar,Balcones Heights,78201
Bexar,Castle Hills,78213
Bexar,China Grove,78263
Bexar,Cibolo,78108
Bexar,Converse,78109
Bexar,Elmendorf,78112
Bexar,Fair Oaks Ranch,78015
Bexar,Helotes,78023
Bexar,Hill Country Village,78232
Bexar,Hollywood Park,78232
Bexar,Kirby,78219
Bexar,Leon Valley,78238
Bexar,Live Oak,78233
Bexar,Olmos Park,78212
Bexar,Schertz,78154
Bexar,Selma,78154
Bexar,Shavano Park,78249
Bexar,Somerset,78069
Bexar,St. Hedwig,78152
Bexar,Terrell Hills,78209
Bexar,Universal City,78148
Bexar,Von Ormy,78073
Bexar,Windcrest,78239
Bexar,Grey Forest,78023
Blanco,Blanco,78606
Blanco,Johnson City,78636
Borden,Gail,79738
Bosque,Clifton,76634
Bosque,Cranfills Gap,76637
Bosque,Iredell,76649
Bosque,Meridian,76665
Bosque,Morgan,76671
Bosque,Valley Mills,76689
Bosque,Walnut Springs,76690
Bowie,Texarkana,75501
Bowie,Texarkana,75503
Bowie,Texarkana,75504
Bowie,Hooks,75561
Bowie,Nash,75569
Bowie,New Boston,75570
Bowie,Redwater,75573
Bowie,De Kalb,75559
Bowie,Leary,75555
Bowie,Maud,75567
Bowie,Red Lick,75571
Bowie,Wake Village,75501
Brazoria,Angleton,77515
Brazoria,Alvin,77511
Brazoria,Alvin,77512
Brazoria,Brazoria,77422
Brazoria,Clute,77531
Brazoria,Danbury,77534
Brazoria,Freeport,77541
Brazoria,Freeport,77542
Brazoria,Lake Jackson,77566
Brazoria,Pearland,77581
Brazoria,Pearland,77584
Brazoria,Pearland,77588
Brazoria,West Columbia,77486
Brazoria,Bailey's Prairie,77515
Brazoria,Bonney,77486
Brazoria,Brookside Village,77581
Brazoria,Hillcrest Village,77515
Brazoria,Holiday Lakes,77541
Brazoria,Iowa Colony,77583
Brazoria,Jones Creek,77541
Brazoria,Liverpool,77577
Brazoria,Manvel,77578
Brazoria,Oyster Creek,77541
Brazoria,Quintana,77541
Brazoria,Richwood,77531
Brazoria,Sandy Point,77585
Brazoria,Surfside Beach,77541
Brazos,Bryan,77801
Brazos,Bryan,77802
Brazos,Bryan,77803
Brazos,Bryan,77805
Brazos,Bryan,77807
Brazos,Bryan,77808
Brazos,College Station,77840
Brazos,College Station,77841
Brazos,College Station,77842
Brazos,College Station,77843
Brazos,College Station,77845
Brazos,Kurten,77862
Brewster,Alpine,79830
Brewster,Marathon,79842
Briscoe,Silverton,79257
Brooks,Falfurrias,78355
Brown,Brownwood,76801
Brown,Brownwood,76802
Brown,Bangs,76823
Brown,Blanket,76432
Brown,Brookesmith,76827
Brown,Early,76802
Brown,Lake Brownwood,76857
Brown,May,76857
Brown,Zephyr,76890
Burleson,Caldwell,77836
Burleson,Somerville,77879
Burleson,Snook,77878
Burnet,Burnet,78611
Burnet,Marble Falls,78654
Burnet,Bertram,78605
Burnet,Cottonwood Shores,78657
Burnet,Granite Shoals,78654
Burnet,Highland Haven,78654
Burnet,Horseshoe Bay,78657
Burnet,Meadowlakes,78654
Caldwell,Lockhart,78644
Caldwell,Luling,78648
Caldwell,Martindale,78655
Caldwell,Maxwell,78656
Caldwell,Prairie Lea,78661
Caldwell,Uhland,78640
Calhoun,Port Lavaca,77979
Calhoun,Point Comfort,77978
Calhoun,Port O'Connor,77982
Calhoun,Seadrift,77983
Callahan,Baird,79504
Callahan,Clyde,79510
Callahan,Cross Plains,76443
Callahan,Putnam,76469
Cameron,Brownsville,78520
Cameron,Brownsville,78521
Cameron,Brownsville,78526
Cameron,Harlingen,78550
Cameron,Harlingen,78551
Cameron,Harlingen,78552
Cameron,San Benito,78586
Cameron,Los Fresnos,78566
Cameron,Port Isabel,78578
Cameron,La Feria,78559
Cameron,Laguna Vista,78578
Cameron,Los Indios,78567
Cameron,Combes,78535
Cameron,Indian Lake,78578
Cameron,Rio Hondo,78583
Cameron,Primera,78552
Camp,Pittsburg,75686
Carson,Panhandle,79068
Carson,Skellytown,79080
Carson,White Deer,79097
Cass,Linden,75563
Cass,Atlanta,75551
Cass,Avinger,75630
Cass,Bloomburg,75556
Cass,Domino,75563
Cass,Douglassville,75560
Cass,Hughes Springs,75656
Cass,Marietta,75566
Cass,McLeod,75565
Cass,Queen City,75572
Castro,Dimmitt,79027
Castro,Hart,79043
Castro,Nazareth,79063
Chambers,Anahuac,77514
Chambers,Baytown,77520
Chambers,Beach City,77523
Chambers,Cove,77523
Chambers,Mont Belvieu,77580
Chambers,Old River-Winfree,77523
Chambers,Stowell,77661
Chambers,Wallisville,77597
Cherokee,Jacksonville,75766
Cherokee,Rusk,75785
Cherokee,Alto,75925
Cherokee,Bullard,75757
Cherokee,Cuney,75759
Cherokee,Gallatin,75764
Cherokee,New Summerfield,75780
Cherokee,Reklaw,75784
Cherokee,Troup,75789
Cherokee,Wells,75976
Childress,Childress,79201
Childress,Tell,79259
Clay,Henrietta,76365
Clay,Bellevue,76228
Clay,Byers,76357
Clay,Dean,76305
Clay,Jolly,76366
Clay,Petrolia,76377
Cochran,Morton,79346
Coke,Bronte,76933
Coke,Robert Lee,76945
Coke,Silver,76949
Coleman,Coleman,76834
Coleman,Burkett,76828
Coleman,Goldsboro,76834
Coleman,Gouldbusk,76845
Coleman,Novice,79538
Coleman,Santa Anna,76878
Coleman,Talpa,76882
Coleman,Valera,76884
Collin,Plano,75023
Collin,Plano,75024
Collin,Plano,75025
Collin,Plano,75074
Collin,Plano,75075
Collin,Plano,75086
Collin,McKinney,75069
Collin,McKinney,75070
Collin,McKinney,75071
Collin,Frisco,75033
Collin,Frisco,75034
Collin,Frisco,75035
Collin,Allen,75002
Collin,Allen,75013
Collin,Wylie,75098
Collin,The Colony,75056
Collin,Celina,75009
Collin,Prosper,75078
Collin,Anna,75409
Collin,Blue Ridge,75424
Collin,Carrollton,75006
Collin,Dallas,75248
Collin,Fairview,75069
Collin,Farmersville,75442
Collin,Josephine,75173
Collin,Lavon,75166
Collin,Lowry Crossing,75069
Collin,Lucas,75002
Collin,Melissa,75454
Collin,Murphy,75094
Collin,Nevada,75173
Collin,New Hope,75071
Collin,Parker,75002
Collin,Princeton,75407
Collin,Sachse,75048
Collin,St. Paul,75098
Collin,Westminster,75071
Collin,Weston,75097
Collingsworth,Wellington,79095
Colorado,Columbus,78934
Colorado,Eagle Lake,77434
Colorado,Weimar,78962
Comal,New Braunfels,78130
Comal,New Braunfels,78131
Comal,New Braunfels,78132
Comal,Canyon Lake,78133
Comal,Bulverde,78163
Comal,Fair Oaks Ranch,78015
Comal,Garden Ridge,78266
Comanche,Comanche,76442
Comanche,De Leon,76444
Comanche,Gustine,76455
Concho,Eden,76837
Concho,Paint Rock,76866
Cooke,Gainesville,76240
Cooke,Gainesville,76241
Cooke,Callisburg,76240
Cooke,Era,76238
Cooke,Lindsay,76250
Cooke,Muenster,76252
Cooke,Oak Ridge,76240
Cooke,Valley View,76272
Coryell,Gatesville,76528
Coryell,Copperas Cove,76522
Coryell,Evant,76525
Coryell,Flat,76526
Coryell,Oglesby,76561
Coryell,Purmela,76566
Cottle,Paducah,79248
Crane,Crane,79731
Crockett,Ozona,76943
Crosby,Crosbyton,79322
Crosby,Lorenzo,79343
Crosby,Ralls,79357
Culberson,Van Horn,79855
Dallam,Dalhart,79022
Dallam,Texline,79087
Dallas,Dallas,75201
Dallas,Dallas,75202
Dallas,Dallas,75203
Dallas,Dallas,75204
Dallas,Dallas,75205
Dallas,Dallas,75206
Dallas,Dallas,75207
Dallas,Dallas,75208
Dallas,Dallas,75209
Dallas,Dallas,75210
Dallas,Dallas,75211
Dallas,Dallas,75212
Dallas,Dallas,75214
Dallas,Dallas,75215
Dallas,Dallas,75216
Dallas,Dallas,75217
Dallas,Dallas,75218
Dallas,Dallas,75219
Dallas,Dallas,75220
Dallas,Dallas,75223
Dallas,Dallas,75224
Dallas,Dallas,75225
Dallas,Dallas,75226
Dallas,Dallas,75227
Dallas,Dallas,75228
Dallas,Dallas,75229
Dallas,Dallas,75230
Dallas,Dallas,75231
Dallas,Dallas,75232
Dallas,Dallas,75233
Dallas,Dallas,75234
Dallas,Dallas,75235
Dallas,Dallas,75236
Dallas,Dallas,75237
Dallas,Dallas,75238
Dallas,Dallas,75240
Dallas,Dallas,75241
Dallas,Dallas,75243
Dallas,Dallas,75244
Dallas,Dallas,75246
Dallas,Dallas,75247
Dallas,Dallas,75248
Dallas,Dallas,75249
Dallas,Dallas,75251
Dallas,Dallas,75252
Dallas,Dallas,75253
Dallas,Dallas,75254
Dallas,Irving,75038
Dallas,Irving,75039
Dallas,Irving,75060
Dallas,Irving,75061
Dallas,Irving,75062
Dallas,Garland,75040
Dallas,Garland,75041
Dallas,Garland,75042
Dallas,Garland,75043
Dallas,Garland,75044
Dallas,Mesquite,75149
Dallas,Mesquite,75150
Dallas,Mesquite,75181
Dallas,Carrollton,75006
Dallas,Carrollton,75007
Dallas,Grand Prairie,75050
Dallas,Grand Prairie,75051
Dallas,Richardson,75080
Dallas,Richardson,75081
Dallas,Richardson,75082
Dallas,Richardson,75083
Dallas,Addison,75001
Dallas,Balch Springs,75180
Dallas,Cedar Hill,75104
Dallas,Cockrell Hill,75211
Dallas,Coppell,75019
Dallas,DeSoto,75115
Dallas,Duncanville,75116
Dallas,Farmers Branch,75234
Dallas,Glenn Heights,75154
Dallas,Highland Park,75205
Dallas,Hutchins,75141
Dallas,Lancaster,75134
Dallas,Rowlett,75088
Dallas,Sachse,75048
Dallas,Seagoville,75159
Dallas,Sunnyvale,75182
Dallas,University Park,75205
Dallas,Wilmer,75172
Dawson,Lamesa,79331
Deaf Smith,Hereford,79045
Delta,Cooper,75432
Denton,Denton,76201
Denton,Denton,76202
Denton,Denton,76205
Denton,Denton,76207
Denton,Denton,76208
Denton,Denton,76209
Denton,Lewisville,75029
Denton,Lewisville,75057
Denton,Flower Mound,75022
Denton,Flower Mound,75028
Denton,The Colony,75056
Denton,Frisco,75033
Denton,Frisco,75034
Denton,Little Elm,75068
Denton,Highland Village,75077
Denton,Carrollton,75007
Denton,Coppell,75019
Denton,Argyle,76226
Denton,Aubrey,76227
Denton,Bartonville,76226
Denton,Celina,75009
Denton,Copper Canyon,75077
Denton,Corinth,76210
Denton,Cross Roads,76227
Denton,DISH,76251
Denton,Double Oak,75077
Denton,Hackberry,75077
Denton,Haslet,76052
Denton,Hebron,75010
Denton,Hickory Creek,75065
Denton,Justin,76247
Denton,Krum,76249
Denton,Krugerville,76227
Denton,Lake Dallas,75065
Denton,Lakewood Village,75068
Denton,Lincoln Park,75068
Denton,Oak Point,75068
Denton,Paloma Creek,75068
Denton,Pilot Point,76258
Denton,Ponder,76259
Denton,Prosper,75078
Denton,Providence Village,76227
Denton,Roanoke,76262
Denton,Sanger,76266
Denton,Shady Shores,76205
Denton,Southlake,76092
Denton,Trophy Club,76262
Denton,Westlake,76262
DeWitt,Cuero,77954
DeWitt,Nordheim,78141
DeWitt,Yorktown,78164
Dickens,Dickens,79229
Dickens,Spur,79370
Dimmit,Asherton,78827
Dimmit,Big Wells,78830
Dimmit,Carrizo Springs,78834
Dimmit,Catarina,78836
Donley,Clarendon,79226
Donley,Hedley,79237
Donley,Howardwick,79226
Duval,Benavides,78341
Duval,Freer,78357
Duval,San Diego,78384
Eastland,Eastland,76448
Eastland,Cisco,76437
Eastland,Carbon,76435
Eastland,Desdemona,76445
Eastland,Gorman,76454
Eastland,Ranger,76470
Eastland,Rising Star,76471
Ector,Odessa,79760
Ector,Odessa,79761
Ector,Odessa,79762
Ector,Odessa,79763
Ector,Odessa,79764
Ector,Odessa,79765
Ector,Odessa,79766
Ector,Goldsmith,79741
Edwards,Rocksprings,78880
El Paso,El Paso,79901
El Paso,El Paso,79902
El Paso,El Paso,79903
El Paso,El Paso,79904
El Paso,El Paso,79905
El Paso,El Paso,79906
El Paso,El Paso,79907
El Paso,El Paso,79908
El Paso,El Paso,79910
El Paso,El Paso,79911
El Paso,El Paso,79912
El Paso,El Paso,79913
El Paso,El Paso,79914
El Paso,El Paso,79915
El Paso,El Paso,79916
El Paso,El Paso,79917
El Paso,El Paso,79918
El Paso,El Paso,79920
El Paso,El Paso,79922
El Paso,El Paso,79924
El Paso,El Paso,79925
El Paso,El Paso,79927
El Paso,El Paso,79928
El Paso,El Paso,79930
El Paso,El Paso,79932
El Paso,El Paso,79934
El Paso,El Paso,79935
El Paso,El Paso,79936
El Paso,El Paso,79938
El Paso,El Paso,88510
El Paso,El Paso,88511
El Paso,El Paso,88512
El Paso,El Paso,88513
El Paso,El Paso,88514
El Paso,El Paso,88515
El Paso,El Paso,88517
El Paso,El Paso,88518
El Paso,El Paso,88519
El Paso,El Paso,88520
El Paso,El Paso,88521
El Paso,El Paso,88523
El Paso,El Paso,88524
El Paso,El Paso,88525
El Paso,El Paso,88526
El Paso,El Paso,88527
El Paso,El Paso,88528
El Paso,El Paso,88529
El Paso,El Paso,88530
El Paso,El Paso,88531
El Paso,El Paso,88532
El Paso,El Paso,88533
El Paso,El Paso,88534
El Paso,El Paso,88535
El Paso,El Paso,88536
El Paso,El Paso,88538
El Paso,El Paso,88539
El Paso,El Paso,88540
El Paso,El Paso,88541
El Paso,El Paso,88542
El Paso,El Paso,88543
El Paso,El Paso,88544
El Paso,El Paso,88545
El Paso,El Paso,88546
El Paso,El Paso,88547
El Paso,El Paso,88548
El Paso,El Paso,88549
El Paso,El Paso,88550
El Paso,El Paso,88553
El Paso,El Paso,88554
El Paso,El Paso,88555
El Paso,El Paso,88556
El Paso,El Paso,88557
El Paso,El Paso,88558
El Paso,El Paso,88559
El Paso,El Paso,88560
El Paso,El Paso,88561
El Paso,El Paso,88562
El Paso,El Paso,88563
El Paso,El Paso,88565
El Paso,El Paso,88566
El Paso,El Paso,88567
El Paso,El Paso,88568
El Paso,El Paso,88569
El Paso,El Paso,88570
El Paso,El Paso,88571
El Paso,El Paso,88572
El Paso,El Paso,88573
El Paso,El Paso,88574
El Paso,El Paso,88575
El Paso,El Paso,88576
El Paso,El Paso,88577
El Paso,El Paso,88578
El Paso,El Paso,88579
El Paso,El Paso,88580
El Paso,El Paso,88581
El Paso,El Paso,88582
El Paso,El Paso,88583
El Paso,El Paso,88584
El Paso,El Paso,88585
El Paso,El Paso,88586
El Paso,El Paso,88587
El Paso,El Paso,88588
El Paso,El Paso,88589
El Paso,El Paso,88590
El Paso,El Paso,88595
El Paso,Socorro,79927
El Paso,San Elizario,79849
El Paso,Horizon City,79928
El Paso,Clint,79836
El Paso,Anthony,79821
El Paso,Fabens,79838
El Paso,Vinton,79821
El Paso,Westway,79835
El Paso,Canutillo,79835
Ellis,Waxahachie,75165
Ellis,Midlothian,76065
Ellis,Red Oak,75154
Ellis,Cedar Hill,75104
Ellis,Ennis,75119
Ellis,Ferris,75125
Ellis,Glenn Heights,75154
Ellis,Grand Prairie,75051
Ellis,Alma,75119
Ellis,Bardwell,75101
Ellis,Garrett,75119
Ellis,Italy,76651
Ellis,Maypearl,76064
Ellis,Milford,76670
Ellis,Oak Leaf,75154
Ellis,Ovilla,75154
Ellis,Palmer,75152
Ellis,Pecan Hill,75154
Ellis,Rankin,75119
Erath,Stephenville,76401
Erath,Stephenville,76402
Erath,Dublin,76446
Erath,Bluff Dale,76433
Erath,Lingleville,76461
Erath,Morgan Mill,76465
Erath,Thurber,76472
Falls,Marlin,76661
Falls,Lott,76656
Falls,Rosebud,76570
Falls,Golinda,76628
Fannin,Bonham,75418
Fannin,Honey Grove,75446
Fannin,Leonard,75452
Fannin,Bailey,75413
Fannin,Dodd City,75438
Fannin,Ector,75439
Fannin,Ladonia,75449
Fannin,Ravenna,75476
Fannin,Savoy,75479
Fannin,Telephone,75488
Fannin,Trenton,75490
Fannin,Windom,75492
Fayette,La Grange,78945
Fayette,Schulenburg,78956
Fayette,Flatonia,78941
Fayette,Carmine,78932
Fayette,Ellinger,78938
Fayette,Fayetteville,78940
Fayette,Round Top,78954
Fayette,Warda,78960
Fisher,Roby,79543
Fisher,Rotan,79546
Fisher,Hamlin,79520
Floyd,Floydada,79235
Floyd,Lockney,79241
Foard,Crowell,79227
Fort Bend,Sugar Land,77478
Fort Bend,Sugar Land,77479
Fort Bend,Sugar Land,77487
Fort Bend,Sugar Land,77498
Fort Bend,Missouri City,77459
Fort Bend,Missouri City,77489
Fort Bend,Pearland,77584
Fort Bend,Rosenberg,77471
Fort Bend,Richmond,77406
Fort Bend,Stafford,77477
Fort Bend,Fulshear,77441
Fort Bend,Katy,77493
Fort Bend,Arcola,77583
Fort Bend,Beasley,77417
Fort Bend,Fairchilds,77461
Fort Bend,Four Corners,77479
Fort Bend,Fresno,77545
Fort Bend,Houston,77047
Fort Bend,Kendleton,77451
Fort Bend,Meadows Place,77477
Fort Bend,Mission Bend,77083
Fort Bend,Needville,77461
Fort Bend,Orchard,77464
Fort Bend,Pleak,77469
Fort Bend,Simonton,77476
Fort Bend,Thompsons,77481
Franklin,Mount Vernon,75457
Franklin,Winnsboro,75494
Freestone,Fairfield,75840
Freestone,Teague,75860
Freestone,Donie,75838
Freestone,Kirvin,75848
Freestone,Streetman,75859
Freestone,Wortham,76693
Frio,Dilley,78017
Frio,Pearsall,78061
Gaines,Denver City,79323
Gaines,Seagraves,79359
Galveston,Galveston,77550
Galveston,Galveston,77551
Galveston,Galveston,77552
Galveston,Galveston,77553
Galveston,Galveston,77554
Galveston,League City,77573
Galveston,League City,77574
Galveston,Texas City,77590
Galveston,Texas City,77591
Galveston,Texas City,77592
Galveston,Friendswood,77546
Galveston,Dickinson,77539
Galveston,Hitchcock,77563
Galveston,La Marque,77568
Galveston,Santa Fe,77510
Galveston,Bacliff,77518
Galveston,Bayou Vista,77563
Galveston,Clear Lake Shores,77565
Galveston,Jamaica Beach,77554
Galveston,Kemah,77565
Galveston,San Leon,77539
Galveston,Tiki Island,77554
Garza,Post,79356
Gillespie,Fredericksburg,78624
Glasscock,Garden City,79739
Goliad,Goliad,77963
Goliad,Weesatche,77993
Gonzales,Gonzales,78629
Gonzales,Nixon,78140
Gonzales,Cost,78614
Gonzales,Harwood,78632
Gonzales,Ottine,78658
Gonzales,Smiley,78159
Gonzales,Waelder,78959
Gray,Pampa,79065
Gray,Pampa,79066
Gray,Lefors,79054
Gray,McLean,79057
Grayson,Sherman,75090
Grayson,Sherman,75091
Grayson,Denison,75020
Grayson,Denison,75021
Grayson,Whitesboro,76273
Grayson,Bells,75414
Grayson,Collinsville,76233
Grayson,Dorchester,75459
Grayson,Gunter,75058
Grayson,Howe,75459
Grayson,Knollwood,75092
Grayson,Pottsboro,75076
Grayson,Sadler,76264
Grayson,Southmayd,76268
Grayson,Tioga,76271
Grayson,Tom Bean,75489
Grayson,Van Alstyne,75495
Grayson,Whitewright,75491
Gregg,Longview,75601
Gregg,Longview,75602
Gregg,Longview,75603
Gregg,Longview,75604
Gregg,Longview,75605
Gregg,Longview,75606
Gregg,Longview,75607
Gregg,Longview,75608
Gregg,Kilgore,75662
Gregg,Gladewater,75647
Gregg,Clarksville City,75604
Gregg,Easton,75641
Gregg,Lakeport,75662
Grimes,Navasota,77868
Grimes,Anderson,77830
Grimes,Bedias,77831
Grimes,Iola,77861
Grimes,Richards,77873
Grimes,Todd Mission,77363
Guadalupe,Seguin,78155
Guadalupe,Schertz,78154
Guadalupe,Cibolo,78108
Guadalupe,Kingsbury,78638
Guadalupe,Marion,78124
Guadalupe,McQueeney,78123
Guadalupe,New Berlin,78155
Guadalupe,Staples,78670
Hale,Plainview,79072
Hale,Plainview,79073
Hale,Abernathy,79311
Hale,Edmonson,79032
Hale,Hale Center,79041
Hale,Petersburg,79250
Hall,Memphis,79245
Hall,Estelline,79233
Hall,Lakeview,79239
Hall,Turkey,79261
Hamilton,Hamilton,76531
Hamilton,Evant,76525
Hamilton,Hico,76457
Hamilton,Pottsville,76565
Hansford,Spearman,79081
Hansford,Gruver,79040
Hardeman,Chillicothe,79225
Hardeman,Quanah,79252
Hardin,Kountze,77625
Hardin,Lumberton,77657
Hardin,Silsbee,77656
Hardin,Sour Lake,77659
Harris,Houston,77001
Harris,Houston,77002
Harris,Houston,77003
Harris,Houston,77004
Harris,Houston,77005
Harris,Houston,77006
Harris,Houston,77007
Harris,Houston,77008
Harris,Houston,77009
Harris,Houston,77010
Harris,Houston,77011
Harris,Houston,77012
Harris,Houston,77013
Harris,Houston,77014
Harris,Houston,77015
Harris,Houston,77016
Harris,Houston,77017
Harris,Houston,77018
Harris,Houston,77019
Harris,Houston,77020
Harris,Houston,77021
Harris,Houston,77022
Harris,Houston,77023
Harris,Houston,77024
Harris,Houston,77025
Harris,Houston,77026
Harris,Houston,77027
Harris,Houston,77028
Harris,Houston,77029
Harris,Houston,77030
Harris,Houston,77031
Harris,Houston,77032
Harris,Houston,77033
Harris,Houston,77034
Harris,Houston,77035
Harris,Houston,77036
Harris,Houston,77037
Harris,Houston,77038
Harris,Houston,77039
Harris,Houston,77040
Harris,Houston,77041
Harris,Houston,77042
Harris,Houston,77043
Harris,Houston,77044
Harris,Houston,77045
Harris,Houston,77046
Harris,Houston,77047
Harris,Houston,77048
Harris,Houston,77049
Harris,Houston,77050
Harris,Houston,77051
Harris,Houston,77052
Harris,Houston,77053
Harris,Houston,77054
Harris,Houston,77055
Harris,Houston,77056
Harris,Houston,77057
Harris,Houston,77058
Harris,Houston,77059
Harris,Houston,77060
Harris,Houston,77061
Harris,Houston,77062
Harris,Houston,77063
Harris,Houston,77064
Harris,Houston,77065
Harris,Houston,77066
Harris,Houston,77067
Harris,Houston,77068
Harris,Houston,77069
Harris,Houston,77070
Harris,Houston,77071
Harris,Houston,77072
Harris,Houston,77073
Harris,Houston,77074
Harris,Houston,77075
Harris,Houston,77076
Harris,Houston,77077
Harris,Houston,77078
Harris,Houston,77079
Harris,Houston,77080
Harris,Houston,77081
Harris,Houston,77082
Harris,Houston,77083
Harris,Houston,77084
Harris,Houston,77085
Harris,Houston,77086
Harris,Houston,77087
Harris,Houston,77088
Harris,Houston,77089
Harris,Houston,77090
Harris,Houston,77091
Harris,Houston,77092
Harris,Houston,77093
Harris,Houston,77094
Harris,Houston,77095
Harris,Houston,77096
Harris,Houston,77098
Harris,Houston,77099
Harris,Pasadena,77501
Harris,Pasadena,77502
Harris,Pasadena,77503
Harris,Pasadena,77504
Harris,Pasadena,77505
Harris,Pasadena,77506
Harris,Pasadena,77507
Harris,Baytown,77520
Harris,Baytown,77521
Harris,Baytown,77522
Harris,Bellaire,77401
Harris,Bellaire,77402
Harris,Deer Park,77536
Harris,Friendswood,77546
Harris,Galena Park,77547
Harris,Humble,77338
Harris,Humble,77346
Harris,Jacinto City,77029
Harris,Katy,77449
Harris,Katy,77450
Harris,Katy,77491
Harris,Katy,77492
Harris,Katy,77493
Harris,Katy,77494
Harris,La Porte,77571
Harris,La Porte,77572
Harris,League City,77573
Harris,South Houston,77587
Harris,Tomball,77375
Harris,Tomball,77377
Harris,West University Place,77005
Harris,Bunker Hill Village,77024
Harris,El Lago,77586
Harris,Hedwig Village,77024
Harris,Hilshire Village,77055
Harris,Hunters Creek Village,77024
Harris,Jersey Village,77040
Harris,Morgan's Point,77571
Harris,Nassau Bay,77058
Harris,Piney Point Village,77024
Harris,Seabrook,77586
Harris,Shoreacres,77571
Harris,Southside Place,77025
Harris,Spring Valley Village,77055
Harris,Taylor Lake Village,77586
Harris,Webster,77598
Harrison,Marshall,75670
Harrison,Marshall,75671
Harrison,Hallsville,75650
Harrison,Scottsville,75688
Harrison,Waskom,75692
Hartley,Channing,79018
Hartley,Dalhart,79022
Haskell,Haskell,79521
Haskell,O'Brien,79539
Haskell,Rochester,79544
Haskell,Rule,79547
Haskell,Weinert,76388
Hays,San Marcos,78666
Hays,San Marcos,78667
Hays,Kyle,78640
Hays,Buda,78610
Hays,Dripping Springs,78620
Hays,Wimberley,78676
Hays,Bear Creek,78613
Hays,Mountain City,78610
Hays,Niederwald,78640
Hays,Uhland,78640
Hays,Woodcreek,78676
Hemphill,Canadian,79014
Henderson,Athens,75751
Henderson,Chandler,75758
Henderson,Brownsboro,75756
Henderson,Berryville,75763
Henderson,Caney City,75148
Henderson,Coffee City,75763
Henderson,Enchanted Oaks,75156
Henderson,Eustace,75124
Henderson,Gun Barrel City,75156
Henderson,Log Cabin,75148
Henderson,Malakoff,75148
Henderson,Moore Station,75758
Henderson,Murchison,75778
Henderson,Poynor,75782
Henderson,Trinidad,75163
Hidalgo,McAllen,78501
Hidalgo,McAllen,78502
Hidalgo,McAllen,78503
Hidalgo,McAllen,78504
Hidalgo,Edinburg,78539
Hidalgo,Edinburg,78540
Hidalgo,Edinburg,78541
Hidalgo,Edinburg,78542
Hidalgo,Mission,78572
Hidalgo,Mission,78573
Hidalgo,Pharr,78577
Hidalgo,Weslaco,78596
Hidalgo,Alamo,78516
Hidalgo,Donna,78537
Hidalgo,Mercedes,78570
Hidalgo,Elsa,78543
Hidalgo,La Joya,78560
Hidalgo,San Juan,78589
Hidalgo,Hidalgo,78557
Hidalgo,Palmview,78572
Hidalgo,Alton,78573
Hidalgo,Edcouch,78538
Hidalgo,Granjeno,78541
Hidalgo,La Villa,78562
Hidalgo,Palmhurst,78573
Hidalgo,Peñitas,78576
Hidalgo,Progreso,78579
Hidalgo,Sullivan City,78595
Hill,Hillsboro,76645
Hill,Whitney,76692
Hill,Abbott,76621
Hill,Aquilla,76622
Hill,Blum,76627
Hill,Bynum,76631
Hill,Carl's Corner,76661
Hill,Covington,76636
Hill,Hubbard,76648
Hill,Itasca,76055
Hill,Malone,76660
Hill,Mertens,76666
Hill,Mount Calm,76673
Hockley,Levelland,79336
Hockley,Anton,79313
Hockley,Ropesville,79358
Hockley,Smyer,79367
Hockley,Sundown,79372
Hockley,Whitharral,79380
Hood,Granbury,76048
Hood,Granbury,76049
Hood,Oak Trail Shores,76049
Hood,Cresson,76035
Hood,DeCordova,76049
Hood,Lipan,76462
Hood,Pecan Plantation,76049
Hood,Tolar,76476
Hopkins,Sulphur Springs,75482
Hopkins,Sulphur Springs,75483
Hopkins,Como,75431
Hopkins,Cumby,75433
Hopkins,Tira,75462
Houston,Crockett,75835
Houston,Grapeland,75844
Houston,Kennard,75847
Houston,Latexo,75849
Houston,Lovelady,75851
Houston,Ratcliff,75858
Houston,Weches,75844
Howard,Big Spring,79720
Howard,Big Spring,79721
Howard,Coahoma,79511
Howard,Forsan,79733
Hudspeth,Dell City,79837
Hudspeth,Fort Hancock,79839
Hudspeth,Sierra Blanca,79851
Hunt,Greenville,75401
Hunt,Greenville,75402
Hunt,Greenville,75403
Hunt,Commerce,75428
Hunt,Caddo Mills,75135
Hunt,Campbell,75422
Hunt,Celeste,75423
Hunt,Hawk Cove,75135
Hunt,Josephine,75173
Hunt,Lone Oak,75453
Hunt,Quinlan,75474
Hunt,Union Valley,75474
Hunt,West Tawakoni,75474
Hunt,Wolfe City,75496
Hutchinson,Borger,79007
Hutchinson,Borger,79008
Hutchinson,Fritch,79036
Hutchinson,Sanford,79078
Hutchinson,Stinnett,79083
Irion,Mertzon,76941
Jack,Jacksboro,76458
Jack,Bryson,76427
Jack,Jermyn,76459
Jack,Perrin,76486
Jackson,Edna,77957
Jackson,Ganado,77962
Jackson,La Ward,77970
Jasper,Jasper,75951
Jasper,Kirbyville,75956
Jasper,Buna,77612
Jasper,Browndell,75931
Jasper,Evadale,77615
Jasper,Sam Rayburn,75951
Jeff Davis,Fort Davis,79734
Jefferson,Beaumont,77701
Jefferson,Beaumont,77702
Jefferson,Beaumont,77703
Jefferson,Beaumont,77704
Jefferson,Beaumont,77705
Jefferson,Beaumont,77706
Jefferson,Beaumont,77707
Jefferson,Beaumont,77708
Jefferson,Beaumont,77710
Jefferson,Beaumont,77713
Jefferson,Beaumont,77720
Jefferson,Port Arthur,77640
Jefferson,Port Arthur,77641
Jefferson,Port Arthur,77642
Jefferson,Port Arthur,77643
Jefferson,Nederland,77627
Jefferson,Groves,77619
Jefferson,Port Neches,77651
Jefferson,China,77613
Jefferson,Bevil Oaks,77713
Jefferson,Nome,77629
Jim Hogg,Hebbronville,78361
Jim Wells,Alice,78332
Jim Wells,Alice,78333
Jim Wells,Orange Grove,78372
Jim Wells,Premont,78375
Johnson,Cleburne,76031
Johnson,Cleburne,76033
Johnson,Burleson,76028
Johnson,Joshua,76058
Johnson,Alvarado,76009
Johnson,Briaroaks,76028
Johnson,Coyote Flats,76028
Johnson,Cross Timber,76049
Johnson,Godley,76044
Johnson,Grandview,76050
Johnson,Keene,76059
Johnson,Rio Vista,76093
Jones,Anson,79501
Jones,Hamlin,79520
Jones,Hawley,79525
Jones,Lueders,79533
Jones,Stamford,79553
Karnes,Karnes City,78118
Karnes,Kenedy,78119
Karnes,Falls City,78113
Karnes,Runge,78151
Kaufman,Kaufman,75142
Kaufman,Terrell,75160
Kaufman,Terrell,75161
Kaufman,Forney,75126
Kaufman,Combine,75159
Kaufman,Crandall,75114
Kaufman,Cottonwood,75135
Kaufman,Elmo,75118
Kaufman,Grays Prairie,75160
Kaufman,Kemp,75143
Kaufman,Oak Grove,75142
Kaufman,Oak Ridge,75142
Kaufman,Post Oak Bend City,75160
Kaufman,Rosser,75157
Kaufman,Scurry,75158
Kaufman,Talty,75126
Kendall,Boerne,78006
Kendall,Boerne,78015
Kendall,Fair Oaks Ranch,78015
Kenedy,Sarita,78385
Kent,Jayton,79528
Kerr,Kerrville,78028
Kerr,Kerrville,78029
Kerr,Center Point,78010
Kerr,Hunt,78024
Kerr,Ingram,78025
Kimble,Junction,76849
King,Guthrie,79236
Kinney,Brackettville,78832
Kleberg,Kingsville,78363
Kleberg,Kingsville,78364
Kleberg,Riviera,78379
Knox,Knox City,79529
Knox,Benjamin,79505
Knox,Goree,79525
Knox,Munday,76371
Knox,O'Brien,79539
Lamar,Paris,75460
Lamar,Paris,75461
Lamar,Paris,75462
Lamar,Blossom,75416
Lamar,Deport,75435
Lamar,Powderly,75473
Lamar,Reno,75462
Lamar,Roxton,75477
Lamar,Sun Valley,75432
Lamb,Littlefield,79339
Lamb,Amherst,79312
Lamb,Earth,79031
Lamb,Olton,79064
Lamb,Spade,79369
Lamb,Sudan,79371
Lampasas,Lampasas,76550
Lampasas,Copperas Cove,76522
Lampasas,Kempner,76539
La Salle,Cotulla,78014
La Salle,Encinal,78019
Lavaca,Hallettsville,77964
Lavaca,Moulton,77975
Lavaca,Shiner,77984
Lavaca,Sweet Home,77987
Lavaca,Yoakum,77995
Lee,Giddings,78942
Lee,Lexington,78947
Leon,Centerville,75833
Leon,Buffalo,75831
Leon,Jewett,75846
Leon,Leona,75850
Leon,Normangee,77871
Leon,Oakwood,75855
Liberty,Liberty,77575
Liberty,Cleveland,77327
Liberty,Dayton,77535
Liberty,Ames,77575
Liberty,Daisetta,77533
Liberty,Dayton Lakes,77535
Liberty,Devers,77538
Liberty,Hardin,77561
Liberty,Kenefick,77535
Liberty,North Cleveland,77327
Liberty,Plum Grove,77375
Limestone,Groesbeck,76642
Limestone,Coolidge,76635
Limestone,Kosse,76653
Limestone,Mexia,76667
Limestone,Prairie Hill,76678
Limestone,Thornton,76687
Lipscomb,Booker,79005
Lipscomb,Darrouzett,79024
Lipscomb,Follett,79034
Lipscomb,Higgins,79046
Live Oak,George West,78022
Live Oak,Three Rivers,78071
Llano,Llano,78643
Llano,Horseshoe Bay,78657
Llano,Kingsland,78639
Llano,Sunrise Beach Village,78643
Loving,Mentone,79754
Lubbock,Lubbock,79401
Lubbock,Lubbock,79402
Lubbock,Lubbock,79403
Lubbock,Lubbock,79404
Lubbock,Lubbock,79405
Lubbock,Lubbock,79406
Lubbock,Lubbock,79407
Lubbock,Lubbock,79408
Lubbock,Lubbock,79410
Lubbock,Lubbock,79411
Lubbock,Lubbock,79412
Lubbock,Lubbock,79413
Lubbock,Lubbock,79414
Lubbock,Lubbock,79415
Lubbock,Lubbock,79416
Lubbock,Lubbock,79423
Lubbock,Lubbock,79424
Lubbock,Lubbock,79430
Lubbock,Lubbock,79452
Lubbock,Lubbock,79453
Lubbock,Lubbock,79457
Lubbock,Lubbock,79464
Lubbock,Lubbock,79490
Lubbock,Lubbock,79491
Lubbock,Lubbock,79493
Lubbock,Lubbock,79499
Lubbock,Abernathy,79311
Lubbock,Buffalo Springs,79403
Lubbock,Idalou,79329
Lubbock,New Deal,79350
Lubbock,Ransom Canyon,79366
Lubbock,Shallowater,79363
Lubbock,Slaton,79364
Lubbock,Wolfforth,79382
Lynn,Tahoka,79373
Lynn,New Home,79383
Lynn,O'Donnell,79351
Lynn,Wilson,79381
Madison,Madisonville,77864
Madison,Midway,77863
Madison,North Zulch,77872
Marion,Jefferson,75657
Marion,Uncertain,75661
Martin,Stanton,79782
Martin,Ackerly,79713
Martin,Lenorah,79749
Mason,Mason,76856
Matagorda,Bay City,77414
Matagorda,Palacios,77465
Matagorda,Van Vleck,77482
Matagorda,Matagorda,77457
Matagorda,Markham,77456
Matagorda,Blessing,77419
Matagorda,Wadsworth,77483
Maverick,Eagle Pass,78852
Maverick,Eagle Pass,78853
McCulloch,Brady,76825
McLennan,Waco,76701
McLennan,Waco,76702
McLennan,Waco,76703
McLennan,Waco,76704
McLennan,Waco,76705
McLennan,Waco,76706
McLennan,Waco,76707
McLennan,Waco,76708
McLennan,Waco,76710
McLennan,Waco,76711
McLennan,Waco,76712
McLennan,Waco,76714
McLennan,Waco,76715
McLennan,Waco,76716
McLennan,Waco,76797
McLennan,Bellmead,76705
McLennan,Beverly Hills,76711
McLennan,Bruceville-Eddy,76630
McLennan,Crawford,76638
McLennan,Gholson,76705
McLennan,Golinda,76705
McLennan,Hallsburg,76705
McLennan,Hewitt,76643
McLennan,Lacy-Lakeview,76705
McLennan,Leroy,76654
McLennan,Lorena,76655
McLennan,Mart,76664
McLennan,McGregor,76657
McLennan,Moody,76557
McLennan,Riesel,76682
McLennan,Robinson,76706
McLennan,Ross,76684
McLennan,Satin,76685
McLennan,West,76691
McMullen,Tilden,78072
Medina,Hondo,78861
Medina,Castroville,78009
Medina,Devine,78016
Medina,LaCoste,78039
Medina,Lytle,78052
Medina,Natalia,78059
Medina,Pearson,78061
Medina,Von Ormy,78073
Menard,Menard,76859
Midland,Midland,79701
Midland,Midland,79702
Midland,Midland,79703
Midland,Midland,79704
Midland,Midland,79705
Midland,Midland,79706
Midland,Midland,79707
Midland,Midland,79708
Midland,Midland,79710
Midland,Midland,79711
Milam,Cameron,76520
Milam,Rockdale,76567
Milam,Buckholts,76518
Milam,Milano,76556
Milam,Thorndale,76577
Mills,Goldthwaite,76844
Mills,Mullin,76864
Mills,Priddy,76870
Mills,Star,76880
Mitchell,Colorado City,79512
Mitchell,Loraine,79532
Mitchell,Westbrook,79565
Montague,Bowie,76230
Montague,Nocona,76255
Montague,Forestburg,76239
Montague,Montague,76251
Montague,Ringgold,76261
Montague,Saint Jo,76265
Montgomery,Conroe,77301
Montgomery,Conroe,77302
Montgomery,Conroe,77303
Montgomery,Conroe,77304
Montgomery,Conroe,77305
Montgomery,Conroe,77318
Montgomery,Conroe,77384
Montgomery,Conroe,77385
Montgomery,The Woodlands,77375
Montgomery,The Woodlands,77380
Montgomery,The Woodlands,77381
Montgomery,The Woodlands,77382
Montgomery,The Woodlands,77384
Montgomery,The Woodlands,77385
Montgomery,The Woodlands,77386
Montgomery,The Woodlands,77389
Montgomery,Magnolia,77353
Montgomery,Magnolia,77354
Montgomery,Magnolia,77355
Montgomery,Splendora,77372
Montgomery,Willis,77318
Montgomery,Willis,77378
Montgomery,Cleveland,77327
Montgomery,Houston,77068
Montgomery,Cut and Shoot,77306
Montgomery,Montgomery,77356
Montgomery,New Caney,77357
Montgomery,Oak Ridge North,77385
Montgomery,Panorama Village,77304
Montgomery,Patton Village,77372
Montgomery,Pinehurst,77362
Montgomery,Porter,77365
Montgomery,Roman Forest,77357
Montgomery,Shenandoah,77381
Montgomery,Splendora,77372
Montgomery,Stagecoach,77355
Montgomery,Tomball,77375
Montgomery,Woodbranch,77357
Montgomery,Woodloch,77304
Moore,Dumas,79029
Moore,Cactus,79013
Moore,Sunray,79086
Morris,Daingerfield,75638
Morris,Lone Star,75668
Morris,Naples,75568
Morris,Omaha,75571
Motley,Matador,79244
Motley,Roaring Springs,79256
Nacogdoches,Nacogdoches,75961
Nacogdoches,Nacogdoches,75962
Nacogdoches,Nacogdoches,75963
Nacogdoches,Appleby,75925
Nacogdoches,Chireno,75937
Nacogdoches,Cushing,75939
Nacogdoches,Douglass,75943
Nacogdoches,Etoile,75944
Nacogdoches,Garrison,75946
Nacogdoches,Woden,75978
Navarro,Corsicana,75109
Navarro,Corsicana,75110
Navarro,Angus,75119
Navarro,Barry,75102
Navarro,Blooming Grove,76626
Navarro,Chatfield,75105
Navarro,Dawson,76639
Navarro,Emhouse,75143
Navarro,Eureka,75109
Navarro,Frost,76641
Navarro,Goodlow,75140
Navarro,Kerens,75144
Navarro,Mildred,75109
Navarro,Mustang,75109
Navarro,Oak Valley,75163
Navarro,Purdon,76679
Navarro,Rice,75155
Navarro,Retreat,75161
Navarro,Richland,76681
Newton,Newton,75966
Newton,Burkeville,75932
Nolan,Sweetwater,79556
Nolan,Roscoe,79545
Nolan,Blackwell,79506
Nueces,Corpus Christi,78401
Nueces,Corpus Christi,78402
Nueces,Corpus Christi,78403
Nueces,Corpus Christi,78404
Nueces,Corpus Christi,78405
Nueces,Corpus Christi,78406
Nueces,Corpus Christi,78407
Nueces,Corpus Christi,78408
Nueces,Corpus Christi,78409
Nueces,Corpus Christi,78410
Nueces,Corpus Christi,78411
Nueces,Corpus Christi,78412
Nueces,Corpus Christi,78413
Nueces,Corpus Christi,78414
Nueces,Corpus Christi,78415
Nueces,Corpus Christi,78416
Nueces,Corpus Christi,78417
Nueces,Corpus Christi,78418
Nueces,Corpus Christi,78419
Nueces,Aransas Pass,78335
Nueces,Bishop,78343
Nueces,Driscoll,78351
Nueces,Agua Dulce,78330
Nueces,Banquete,78339
Nueces,Chapman Ranch,78347
Nueces,Port Aransas,78373
Nueces,Robstown,78380
Ochiltree,Perryton,79070
Ochiltree,Booker,79005
Oldham,Vega,79092
Oldham,Adrian,79001
Orange,Orange,77630
Orange,Orange,77631
Orange,Bridge City,77611
Orange,Pinehurst,77362
Orange,Vidor,77662
Orange,West Orange,77630
Palo Pinto,Mineral Wells,76067
Palo Pinto,Mineral Wells,76068
Palo Pinto,Graford,76449
Palo Pinto,Gordon,76453
Palo Pinto,Mingus,76463
Palo Pinto,Palo Pinto,76484
Palo Pinto,Santo,76472
Palo Pinto,Strawn,76475
Panola,Carthage,75633
Panola,Beckville,75631
Panola,Gary City,75643
Panola,Long Branch,75669
Parker,Weatherford,76086
Parker,Weatherford,76087
Parker,Weatherford,76088
Parker,Aledo,76008
Parker,Annetta,76008
Parker,Annetta North,76008
Parker,Annetta South,76008
Parker,Azle,76020
Parker,Cool,76020
Parker,Cresson,76035
Parker,Dennis,76439
Parker,Fort Worth,76126
Parker,Hudson Oaks,76087
Parker,Millsap,76066
Parker,Mineral Wells,76067
Parker,Mineral Wells,76068
Parker,Palo Pinto,76484
Parker,Reno,76020
Parker,Sanctuary,76020
Parker,Springtown,76082
Parker,Willow Park,76087
Parmer,Friona,79035
Parmer,Bovina,79009
Parmer,Farwell,79325
Pecos,Fort Stockton,79735
Pecos,Iraan,79744
Polk,Livingston,77351
Polk,Corrigan,75939
Polk,Goodrich,77335
Polk,Onalaska,77360
Polk,Seven Oaks,77360
Potter,Amarillo,79101
Potter,Amarillo,79102
Potter,Amarillo,79103
Potter,Amarillo,79104
Potter,Amarillo,79105
Potter,Amarillo,79106
Potter,Amarillo,79107
Potter,Amarillo,79108
Potter,Amarillo,79109
Potter,Amarillo,79110
Potter,Amarillo,79111
Potter,Amarillo,79114
Potter,Amarillo,79116
Potter,Amarillo,79117
Potter,Amarillo,79118
Potter,Amarillo,79119
Potter,Amarillo,79120
Potter,Amarillo,79121
Potter,Amarillo,79124
Potter,Bishop Hills,79015
Presidio,Marfa,79843
Presidio,Presidio,79845
Rains,Emory,75440
Rains,Alba,75410
Rains,East Tawakoni,75472
Rains,Point,75472
Randall,Canyon,79015
Randall,Amarillo,79119
Randall,Happy,79042
Randall,Lake Tanglewood,79118
Randall,Palisades,79106
Reagan,Big Lake,76932
Real,Camp Wood,78833
Real,Leakey,78873
Red River,Clarksville,75426
Red River,Bogata,75417
Red River,Annona,75550
Red River,Avery,75554
Red River,Deport,75435
Red River,Detroit,75436
Reeves,Pecos,79772
Reeves,Balmorhea,79718
Reeves,Toyah,79785
Refugio,Refugio,78377
Refugio,Austwell,77950
Refugio,Bayside,78340
Refugio,Tivoli,77990
Refugio,Woodsboro,78393
Roberts,Miami,79059
Robertson,Franklin,77856
Robertson,Hearne,77859
Robertson,Bremond,76629
Robertson,Calvert,77837
Roberts,Miami,79059
Robertson,Franklin,77856
Robertson,Hearne,77859
Robertson,Bremond,76629
Robertson,Calvert,77837
Rockwall,Rockwall,75032
Rockwall,Rockwall,75087
Rockwall,Heath,75032
Rockwall,Fate,75132
Rockwall,McLendon-Chisholm,75032
Rockwall,Mobile City,75087
Rockwall,Rowlett,75088
Runnels,Ballinger,76821
Runnels,Winters,79567
Runnels,Miles,76861
Runnels,Norton,79839
Runnels,Rowena,76875
Rusk,Henderson,75652
Rusk,Henderson,75653
Rusk,Kilgore,75662
Rusk,Overton,75684
Rusk,Tatum,75691
Rusk,Easton,75641
Rusk,Mount Enterprise,75681
Rusk,New London,75682
Sabine,Hemphill,75948
Sabine,Milam,75959
Sabine,Pineland,75968
San Augustine,San Augustine,75972
San Augustine,Broaddus,75929
San Jacinto,Coldspring,77331
San Jacinto,Shepherd,77371
San Jacinto,Point Blank,77364
San Patricio,Portland,78374
San Patricio,Sinton,78387
San Patricio,Aransas Pass,78335
San Patricio,Gregory,78359
San Patricio,Ingleside,78362
San Patricio,Ingleside on the Bay,78362
San Patricio,Lake City,78368
San Patricio,Lakeside,78368
San Patricio,Mathis,78368
San Patricio,Odem,78370
San Patricio,St. Paul,78376
San Patricio,Taft,78390
San Saba,San Saba,76877
San Saba,Richland Springs,76871
Schleicher,Eldorado,76936
Scurry,Snyder,79549
Scurry,Fluvanna,79517
Scurry,Hermleigh,79526
Scurry,Ira,79527
Shackelford,Albany,76430
Shelby,Center,75935
Shelby,Huxley,75973
Shelby,Joaquin,75954
Shelby,Tenaha,75974
Shelby,Timpson,75975
Sherman,Stratford,79084
Sherman,Texhoma,79086
Smith,Tyler,75701
Smith,Tyler,75702
Smith,Tyler,75703
Smith,Tyler,75704
Smith,Tyler,75705
Smith,Tyler,75706
Smith,Tyler,75707
Smith,Tyler,75708
Smith,Tyler,75709
Smith,Tyler,75710
Smith,Tyler,75711
Smith,Tyler,75712
Smith,Tyler,75713
Smith,Tyler,75798
Smith,Tyler,75799
Smith,Arp,75750
Smith,Bullard,75757
Smith,Hideaway,75771
Smith,Lindale,75771
Smith,New Chapel Hill,75707
Smith,Troup,75789
Smith,Whitehouse,75791
Smith,Winona,75792
Somervell,Glen Rose,76043
Starr,Rio Grande City,78582
Starr,Roma,78584
Starr,Escobares,78584
Starr,La Grulla,78548
Stephens,Breckenridge,76424
Sterling,Sterling City,76951
Stonewall,Aspermont,79502
Sutton,Sonora,76950
Swisher,Tulia,79088
Swisher,Happy,79042
Swisher,Kress,79052
Tarrant,Fort Worth,76101
Tarrant,Fort Worth,76102
Tarrant,Fort Worth,76103
Tarrant,Fort Worth,76104
Tarrant,Fort Worth,76105
Tarrant,Fort Worth,76106
Tarrant,Fort Worth,76107
Tarrant,Fort Worth,76108
Tarrant,Fort Worth,76109
Tarrant,Fort Worth,76110
Tarrant,Fort Worth,76111
Tarrant,Fort Worth,76112
Tarrant,Fort Worth,76113
Tarrant,Fort Worth,76114
Tarrant,Fort Worth,76115
Tarrant,Fort Worth,76116
Tarrant,Fort Worth,76117
Tarrant,Fort Worth,76118
Tarrant,Fort Worth,76119
Tarrant,Fort Worth,76120
Tarrant,Fort Worth,76121
Tarrant,Fort Worth,76122
Tarrant,Fort Worth,76123
Tarrant,Fort Worth,76124
Tarrant,Fort Worth,76126
Tarrant,Fort Worth,76127
Tarrant,Fort Worth,76129
Tarrant,Fort Worth,76130
Tarrant,Fort Worth,76131
Tarrant,Fort Worth,76132
Tarrant,Fort Worth,76133
Tarrant,Fort Worth,76134
Tarrant,Fort Worth,76135
Tarrant,Fort Worth,76136
Tarrant,Fort Worth,76137
Tarrant,Fort Worth,76140
Tarrant,Fort Worth,76147
Tarrant,Fort Worth,76148
Tarrant,Fort Worth,76150
Tarrant,Fort Worth,76155
Tarrant,Fort Worth,76161
Tarrant,Fort Worth,76162
Tarrant,Fort Worth,76163
Tarrant,Fort Worth,76164
Tarrant,Fort Worth,76166
Tarrant,Fort Worth,76177
Tarrant,Fort Worth,76179
Tarrant,Fort Worth,76180
Tarrant,Fort Worth,76181
Tarrant,Fort Worth,76182
Tarrant,Arlington,76001
Tarrant,Arlington,76002
Tarrant,Arlington,76003
Tarrant,Arlington,76004
Tarrant,Arlington,76005
Tarrant,Arlington,76006
Tarrant,Arlington,76007
Tarrant,Arlington,76010
Tarrant,Arlington,76011
Tarrant,Arlington,76012
Tarrant,Arlington,76013
Tarrant,Arlington,76014
Tarrant,Arlington,76015
Tarrant,Arlington,76016
Tarrant,Arlington,76017
Tarrant,Arlington,76018
Tarrant,Arlington,76019
Tarrant,Grand Prairie,76050
Tarrant,Grand Prairie,76051
Tarrant,Mansfield,76063
Tarrant,Euless,76039
Tarrant,Euless,76040
Tarrant,Bedford,76021
Tarrant,Bedford,76022
Tarrant,Hurst,76053
Tarrant,Hurst,76054
Tarrant,North Richland Hills,76118
Tarrant,North Richland Hills,76180
Tarrant,North Richland Hills,76182
Tarrant,Grapevine,76051
Tarrant,Grapevine,76092
Tarrant,Colleyville,76034
Tarrant,Southlake,76092
Tarrant,Keller,76244
Tarrant,Keller,76248
Tarrant,Watauga,76148
Tarrant,Haltom City,76117
Tarrant,Richland Hills,76118
Tarrant,Saginaw,76131
Tarrant,Saginaw,76179
Tarrant,Blue Mound,76131
Tarrant,Everman,76140
Tarrant,Crowley,76036
Tarrant,Forest Hill,76119
Tarrant,Kennedale,76060
Tarrant,Azle,76020
Tarrant,Burleson,76028
Tarrant,Dalworthington Gardens,76013
Tarrant,Edgecliff Village,76134
Tarrant,Flower Mound,75022
Tarrant,Flower Mound,75028
Tarrant,Haslet,76052
Tarrant,Lake Worth,76135
Tarrant,Lakeside,76108
Tarrant,Pantego,76013
Tarrant,Pelican Bay,76131
Tarrant,Reno,76020
Tarrant,River Oaks,76114
Tarrant,Sansom Park,76114
Tarrant,Trophy Club,76262
Tarrant,Westlake,76262
Tarrant,Westover Hills,76107
Tarrant,Westworth Village,76114
Tarrant,White Settlement,76108
Taylor,Abilene,79601
Taylor,Abilene,79602
Taylor,Abilene,79603
Taylor,Abilene,79604
Taylor,Abilene,79605
Taylor,Abilene,79606
Taylor,Abilene,79607
Taylor,Abilene,79608
Taylor,Abilene,79697
Taylor,Abilene,79698
Taylor,Abilene,79699
Taylor,Buffalo Gap,79508
Taylor,Impact,79603
Taylor,Lawn,79530
Taylor,Merkel,79536
Taylor,Trent,79561
Taylor,Tuscola,79562
Taylor,Tye,79563
Terrell,Sanderson,79848
Terry,Brownfield,79316
Terry,Meadow,79345
Terry,Wellman,79378
Throckmorton,Throckmorton,76483
Titus,Mount Pleasant,75455
Titus,Mount Pleasant,75456
Titus,Cookville,75558
Titus,Miller's Cove,75555
Titus,Talco,75487
Titus,Winfield,75493
Tom Green,San Angelo,76901
Tom Green,San Angelo,76902
Tom Green,San Angelo,76903
Tom Green,San Angelo,76904
Tom Green,San Angelo,76905
Tom Green,San Angelo,76906
Tom Green,San Angelo,76908
Tom Green,Carlsbad,76934
Tom Green,Christoval,76935
Tom Green,Grape Creek,76901
Tom Green,Mereta,76940
Tom Green,Veribest,76886
Tom Green,Wall,76957
Travis,Austin,78701
Travis,Austin,78702
Travis,Austin,78703
Travis,Austin,78704
Travis,Austin,78705
Travis,Austin,78712
Travis,Austin,78717
Travis,Austin,78719
Travis,Austin,78721
Travis,Austin,78722
Travis,Austin,78723
Travis,Austin,78724
Travis,Austin,78725
Travis,Austin,78726
Travis,Austin,78727
Travis,Austin,78728
Travis,Austin,78729
Travis,Austin,78730
Travis,Austin,78731
Travis,Austin,78732
Travis,Austin,78733
Travis,Austin,78734
Travis,Austin,78735
Travis,Austin,78736
Travis,Austin,78737
Travis,Austin,78738
Travis,Austin,78739
Travis,Austin,78741
Travis,Austin,78742
Travis,Austin,78744
Travis,Austin,78745
Travis,Austin,78746
Travis,Austin,78747
Travis,Austin,78748
Travis,Austin,78749
Travis,Austin,78750
Travis,Austin,78751
Travis,Austin,78752
Travis,Austin,78753
Travis,Austin,78754
Travis,Austin,78755
Travis,Austin,78756
Travis,Austin,78757
Travis,Austin,78758
Travis,Austin,78759
Travis,Austin,78760
Travis,Austin,78761
Travis,Austin,78762
Travis,Austin,78763
Travis,Austin,78764
Travis,Austin,78765
Travis,Austin,78766
Travis,Austin,78767
Travis,Austin,78768
Travis,Austin,78769
Travis,Austin,78772
Travis,Austin,78773
Travis,Austin,78774
Travis,Austin,78778
Travis,Austin,78779
Travis,Cedar Park,78613
Travis,Bee Cave,78738
Travis,Briarcliff,78669
Travis,Cedar Park,78613
Travis,Creedmoor,78610
Travis,Elgin,78621
Travis,Jonestown,78645
Travis,Lago Vista,78645
Travis,Lakeway,78734
Travis,Lakeway,78738
Travis,Lakeway,78746
Travis,Leander,78641
Travis,Manchaca,78652
Travis,Manor,78653
Travis,Mustang Ridge,78610
Travis,Pflugerville,78660
Travis,Rollingwood,78746
Travis,San Leanna,78610
Travis,Shady Hollow,78749
Travis,Sunset Valley,78745
Travis,The Hills,78738
Travis,West Lake Hills,78746
Travis,Webberville,78653
Trinity,Trinity,75862
Trinity,Groveton,75845
Trinity,Woodlake,75865
Tyler,Colmesneil,75938
Tyler,Chester,75936
Tyler,Fred,75942
Tyler,Ivanhoe,75979
Tyler,Spurger,77660
Tyler,Warren,77664
Tyler,Woodville,75979
Upshur,Gilmer,75644
Upshur,Gilmer,75645
Upshur,Big Sandy,75755
Upshur,Diana,75640
Upshur,East Mountain,75644
Upshur,Ore City,75683
Upton,Rankin,79778
Upton,McCamey,79752
Uvalde,Uvalde,78801
Uvalde,Uvalde,78802
Uvalde,Concan,78838
Uvalde,Knippa,78870
Uvalde,Sabinal,78881
Val Verde,Del Rio,78840
Val Verde,Del Rio,78841
Val Verde,Comstock,78837
Val Verde,Laughlin AFB,78843
Van Zandt,Canton,75103
Van Zandt,Wills Point,75169
Van Zandt,Edgewood,75117
Van Zandt,Edom,75754
Van Zandt,Fruitvale,75127
Van Zandt,Grand Saline,75140
Van Zandt,Van,75790
Victoria,Victoria,77901
Victoria,Victoria,77902
Victoria,Victoria,77903
Victoria,Victoria,77904
Victoria,Inez,77968
Victoria,Placedo,77977
Walker,Huntsville,77320
Walker,Huntsville,77340
Walker,Huntsville,77341
Walker,Huntsville,77342
Walker,Huntsville,77343
Walker,Huntsville,77344
Walker,Huntsville,77348
Walker,New Waverly,77358
Walker,Riverside,77367
Waller,Hempstead,77445
Waller,Prairie View,77446
Waller,Brookshire,77423
Waller,Katy,77493
Waller,Pattison,77423
Waller,Pine Island,77445
Waller,Waller,77484
Ward,Monahans,79756
Ward,Barstow,79719
Ward,Grandfalls,79742
Ward,Pyote,79777
Ward,Thorntonville,79759
Ward,Wickett,79788
Washington,Brenham,77833
Washington,Brenham,77834
Washington,Burton,77835
Washington,Washington,77880
Webb,Laredo,78040
Webb,Laredo,78041
Webb,Laredo,78042
Webb,Laredo,78043
Webb,Laredo,78044
Webb,Laredo,78045
Webb,Laredo,78046
Webb,El Cenizo,78046
Wharton,El Campo,77437
Wharton,Wharton,77488
Wharton,East Bernard,77435
Wharton,Boling,77420
Wharton,Danevang,77432
Wharton,Egypt,77436
Wharton,Glen Flora,77443
Wharton,Hungerford,77448
Wharton,Lane City,77453
Wharton,Louise,77455
Wharton,Pierce,77467
Wheeler,Shamrock,79079
Wheeler,Wheeler,79096
Wichita,Wichita Falls,76301
Wichita,Wichita Falls,76302
Wichita,Wichita Falls,76305
Wichita,Wichita Falls,76306
Wichita,Wichita Falls,76307
Wichita,Wichita Falls,76308
Wichita,Wichita Falls,76309
Wichita,Wichita Falls,76310
Wichita,Burkburnett,76354
Wichita,Iowa Park,76367
Wichita,Cashion Community,76305
Wichita,Electra,76360
Wilbarger,Vernon,76384
Wilbarger,Harrold,76364
Wilbarger,Oklaunion,76373
Willacy,Raymondville,78580
Willacy,Lyford,78569
Willacy,Port Mansfield,78598
Willacy,San Perlita,78590
Williamson,Round Rock,78664
Williamson,Round Rock,78665
Williamson,Round Rock,78680
Williamson,Round Rock,78681
Williamson,Cedar Park,78613
Williamson,Georgetown,78626
Williamson,Georgetown,78627
Williamson,Georgetown,78628
Williamson,Georgetown,78633
Williamson,Taylor,76574
Williamson,Hutto,78634
Williamson,Leander,78641
Williamson,Pflugerville,78660
Williamson,Jarrell,76537
Williamson,Bartlett,76511
Williamson,Coupland,78615
Williamson,Florence,76527
Williamson,Granger,76530
Williamson,Hutto,78634
Williamson,Liberty Hill,78642
Williamson,Thrall,76578
Williamson,Weir,78674
Wilson,Floresville,78114
Wilson,La Vernia,78121
Wilson,Poth,78147
Wilson,Stockdale,78160
Wilson,Sutherland Springs,78161
Winkler,Kermit,79745
Winkler,Wink,79789
Wise,Decatur,76234
Wise,Bridgeport,76426
Wise,Alvord,76225
Wise,Aurora,76078
Wise,Boyd,76023
Wise,Chico,76431
Wise,Newark,76071
Wise,Paradise,76073
Wise,Rhome,76078
Wood,Quitman,75783
Wood,Mineola,75773
Wood,Winnsboro,75494
Wood,Alba,75410
Wood,Golden,75444
Wood,Hawkins,75765
Wood,Yantis,75497
Yoakum,Denver City,79323
Yoakum,Plains,79355
Young,Graham,76450
Young,Olney,76374
Young,Newcastle,76372
Young,South Bend,76481
Zapata,Zapata,78076
Zavala,Crystal City,78839
Zavala,La Pryor,78872
