County,City,ZIP
Addison,Addison,05491
Addison,Bridport,05734
Addison,Bristol,05443
Addison,Cornwall,05753
Addison,Ferrisburg,05456
Addison,Goshen,05733
Addison,Granville,05747
Addison,Hancock,05748
Addison,Leicester,05733
Addison,Lincoln,05443
Addison,Middlebury,05753
Addison,Monkton,05469
Addison,New Haven,05472
Addison,Orwell,05760
Addison,Panton,05491
Addison,Ripton,05766
Addison,Salisbury,05769
Addison,Shoreham,05770
Addison,Starksboro,05487
Addison,Vergennes,05491
Addison,Waltham,05491
Addison,Weybridge,05753
Addison,Whiting,05778
Bennington,Arlington,05250
Bennington,Bennington,05201
Bennington,Dorset,05251
Bennington,Glastenbury,05262
Bennington,Landgrove,05148
Bennington,Manchester,05254
Bennington,Peru,05152
Bennington,Pownal,05261
Bennington,Readsboro,05350
Bennington,Rupert,05768
Bennington,Sandgate,05250
Bennington,Searsburg,05363
Bennington,Shaftsbury,05262
Bennington,Stamford,05352
Bennington,Sunderland,05250
Bennington,Winhall,05340
Bennington,Woodford,05201
Caledonia,Barnet,05821
Caledonia,Burke,05832
Caledonia,Danville,05828
Caledonia,Groton,05046
Caledonia,Hardwick,05843
Caledonia,Kirby,05851
Caledonia,Lyndon,05849
Caledonia,Newark,05871
Caledonia,Peacham,05862
Caledonia,Ryegate,05042
Caledonia,Sheffield,05866
Caledonia,St. Johnsbury,05819
Caledonia,Stannard,05842
Caledonia,Sutton,05867
Caledonia,Walden,05873
Caledonia,Waterford,05819
Caledonia,Wheelock,05851
Chittenden,Bolton,05676
Chittenden,Burlington,05401
Chittenden,Charlotte,05445
Chittenden,Colchester,05446
Chittenden,Essex,05452
Chittenden,Hinesburg,05461
Chittenden,Huntington,05462
Chittenden,Jericho,05465
Chittenden,Milton,05468
Chittenden,Richmond,05477
Chittenden,Shelburne,05482
Chittenden,South Burlington,05403
Chittenden,St. George,05495
Chittenden,Underhill,05489
Chittenden,Westford,05494
Chittenden,Williston,05495
Chittenden,Winooski,05404
Essex,Averill,05901
Essex,Bloomfield,05905
Essex,Brighton,05846
Essex,Brunswick,05905
Essex,Canaan,05903
Essex,Concord,05824
Essex,East Haven,05837
Essex,Ferdinand,05905
Essex,Granby,05840
Essex,Guildhall,05905
Essex,Lemington,05905
Essex,Lewis,05905
Essex,Lunenburg,05906
Essex,Maidstone,05905
Essex,Norton,05907
Essex,Victory,05858
Franklin,Bakersfield,05441
Franklin,Berkshire,05450
Franklin,Enosburg,05450
Franklin,Fairfax,05454
Franklin,Fairfield,05455
Franklin,Fletcher,05444
Franklin,Franklin,05457
Franklin,Georgia,05468
Franklin,Highgate,05459
Franklin,Montgomery,05470
Franklin,Richford,05476
Franklin,Sheldon,05483
Franklin,St. Albans City,05478
Franklin,St. Albans Town,05478
Franklin,Swanton,05488
Grand Isle,Alburgh,05440
Grand Isle,Grand Isle,05458
Grand Isle,Isle La Motte,05463
Grand Isle,North Hero,05474
Grand Isle,South Hero,05486
Lamoille,Belvidere,05442
Lamoille,Cambridge,05444
Lamoille,Eden,05652
Lamoille,Elmore,05661
Lamoille,Hyde Park,05655
Lamoille,Johnson,05656
Lamoille,Morristown,05661
Lamoille,Stowe,05672
Lamoille,Waterville,05492
Lamoille,Wolcott,05680
Orange,Bradford,05033
Orange,Braintree,05060
Orange,Brookfield,05036
Orange,Chelsea,05038
Orange,Corinth,05039
Orange,Fairlee,05045
Orange,Newbury,05051
Orange,Orange,05641
Orange,Randolph,05060
Orange,Strafford,05072
Orange,Thetford,05074
Orange,Topsham,05076
Orange,Tunbridge,05077
Orange,Vershire,05079
Orange,Washington,05675
Orange,West Fairlee,05083
Orange,Williamstown,05679
Orleans,Albany,05820
Orleans,Barton,05822
Orleans,Brownington,05860
Orleans,Charleston,05872
Orleans,Coventry,05825
Orleans,Craftsbury,05826
Orleans,Derby,05829
Orleans,Glover,05839
Orleans,Greensboro,05841
Orleans,Holland,05830
Orleans,Irasburg,05845
Orleans,Jay,05859
Orleans,Lowell,05847
Orleans,Morgan,05853
Orleans,Newport City,05855
Orleans,Newport Town,05855
Orleans,Troy,05868
Orleans,Westfield,05874
Orleans,Westmore,05860
Rutland,Benson,05731
Rutland,Brandon,05733
Rutland,Castleton,05735
Rutland,Chittenden,05737
Rutland,Clarendon,05759
Rutland,Danby,05739
Rutland,Fair Haven,05743
Rutland,Hubbardton,05743
Rutland,Ira,05777
Rutland,Killington,05751
Rutland,Mendon,05701
Rutland,Middletown Springs,05757
Rutland,Mount Holly,05758
Rutland,Mount Tabor,05739
Rutland,Pawlet,05761
Rutland,Pittsfield,05762
Rutland,Pittsford,05763
Rutland,Poultney,05764
Rutland,Proctor,05765
Rutland,Rutland City,05701
Rutland,Rutland Town,05701
Rutland,Shrewsbury,05738
Rutland,Sudbury,05733
Rutland,Tinmouth,05773
Rutland,Wallingford,05773
Rutland,Wells,05774
Rutland,West Haven,05743
Rutland,West Rutland,05777
Washington,Barre City,05641
Washington,Barre Town,05641
Washington,Berlin,05602
Washington,Cabot,05647
Washington,Calais,05648
Washington,Duxbury,05676
Washington,East Montpelier,05651
Washington,Fayston,05673
Washington,Marshfield,05658
Washington,Middlesex,05602
Washington,Montpelier,05602
Washington,Moretown,05660
Washington,Northfield,05663
Washington,Plainfield,05667
Washington,Roxbury,05669
Washington,Waitsfield,05673
Washington,Warren,05674
Washington,Waterbury,05676
Washington,Woodbury,05681
Washington,Worcester,05682
Windham,Athens,05143
Windham,Brattleboro,05301
Windham,Brookline,05345
Windham,Dover,05341
Windham,Dummerston,05301
Windham,Grafton,05146
Windham,Guilford,05301
Windham,Halifax,05358
Windham,Jamaica,05343
Windham,Londonderry,05148
Windham,Marlboro,05344
Windham,Newfane,05345
Windham,Putney,05346
Windham,Rockingham,05101
Windham,Somerset,05363
Windham,Stratton,05360
Windham,Townshend,05353
Windham,Vernon,05354
Windham,Wardsboro,05355
Windham,Westminster,05158
Windham,Whitingham,05361
Windham,Wilmington,05363
Windham,Windham,05359
Windsor,Andover,05143
Windsor,Baltimore,05143
Windsor,Barnard,05031
Windsor,Bethel,05032
Windsor,Bridgewater,05034
Windsor,Cavendish,05142
Windsor,Chester,05143
Windsor,Hartford,05001
Windsor,Hartland,05048
Windsor,Ludlow,05149
Windsor,Norwich,05055
Windsor,Plymouth,05056
Windsor,Pomfret,05067
Windsor,Reading,05062
Windsor,Rochester,05767
Windsor,Royalton,05068
Windsor,Sharon,05065
Windsor,Springfield,05156
Windsor,Stockbridge,05772
Windsor,Weathersfield,05151
Windsor,West Windsor,05037
Windsor,Weston,05161
Windsor,Windsor,05089
Windsor,Woodstock,05091
