Name,Full_Address,Street_Address,City,Zip,State,Country,Timezone,Phone_1,Email,Website,Domain,First_category,Second_category,Claimed_google_my_business,Reviews_count,Average_rating,Business Status,Hours,Saturday,Sunday,Monday,Tuesday,Wednesday,Thursday,Friday,Latitude,Longitude,GMB_URL,Google_Knowledge_URL,Image_URL,Favicon,Review_URL,Phone From WEBSITE,Facebook URL,Twitter URL,Instagram URL,Youtube URL
Battenkill Bicycles,99 Bonnet St  Manchester Center  VT 05255  United States,99 Bonnet St,Manchester Center,5255,Vermont,US,America/New_York,18023622734,barrack@battenkillbicycles.com,http://www.battenkillbicycles.com/,battenkillbicycles.com,Bicycle store, ,Yes,26,4.5,open,"Saturday, 10 AM-5 PM; Sunday, 11 AM-4 PM; Monday, Closed; Tuesday, Closed; Wednesday, 10 AM-5 PM; Thursday, 10 AM-5 PM; Friday, 10 AM-5 PM; ",10 AM-5 PM,11 AM-4 PM,Closed,Closed,10 AM-5 PM,10 AM-5 PM,10 AM-5 PM,Lat 43.178082599999996,Lng -73.0575375,https://www.google.com/maps/place/?q=place_id:ChIJ9d7ITPde4IkRS57whtIysmM,https://www.google.com/search?kgmid=/g/1v3kjj0v,https://lh5.googleusercontent.com/p/AF1QipPlyyjT3q72QFnXjJzHYOpVaTbIv3XseZb-c5DV,"https://t1.gstatic.com/faviconV2?client=SOCIAL&type=FAVICON&fallback_opts=TYPE,SIZE,URL&url=http://www.battenkillbicycles.com/&size=48","https://search.google.com/local/reviews?placeid=ChIJ9d7ITPde4IkRS57whtIysmM&q=bicycle+shop+near+Bennington,+New+York,+USA&authuser=0&hl=en",,https://www.facebook.com/battenkillbicycles/?fref=ts&ref=br_tf, ,https://www.instagram.com/battenkill_bicycles/,
Lamoille Valley Bike Tours,19 Creamery St  Johnson  VT 05656  United States,19 Creamery St,Johnson,5656,Vermont,US,America/New_York,18027300161,bikelamoille@gmail.com,http://www.lamoillevalleybiketours.com/,lamoillevalleybiketours.com,Electric bicycle store,,Yes,61,4.9,open,"Saturday, 9 AM-4 PM; Sunday, 9 AM-4 PM; Monday, 9 AM-4 PM; Tuesday, 9 AM-4 PM; Wednesday, 9 AM-4 PM; Thursday, 9 AM-4 PM; Friday, 9 AM-4 PM; ",9 AM-4 PM,9 AM-4 PM,9 AM-4 PM,9 AM-4 PM,9 AM-4 PM,9 AM-4 PM,9 AM-4 PM,Lat 44.6318889,Lng -72.6875122,https://www.google.com/maps/place/?q=place_id:ChIJARPCQLrutUwRXSHnp8DWZx0,https://www.google.com/search?kgmid=/g/11g9n9snnj,https://lh5.googleusercontent.com/p/AF1QipP45d1lzWfsIOCCoMQGklQCNAI913YHlYYC6dlE,"https://t1.gstatic.com/faviconV2?client=SOCIAL&type=FAVICON&fallback_opts=TYPE,SIZE,URL&url=http://www.lamoillevalleybiketours.com/&size=48","https://search.google.com/local/reviews?placeid=ChIJARPCQLrutUwRXSHnp8DWZx0&q=bicycle+shop+near+Jacksonville+village,+Vermont,+USA&authuser=0&hl=en",,https://www.facebook.com/bikelamoille/, ,https://www.instagram.com/bikelamoille/?hl=en,
Green Mountain Bikes,105 N Main St  Rochester  VT 05767  United States,105 N Main St,Rochester,5767,Vermont,US,America/New_York,18027674464,doon@greenmountainbikes.com,https://www.bigtownvermont.com/green-mt-bikes,bigtownvermont.com,Bicycle store,Bicycle rack,Yes,62,4.9,open,"Saturday, 10 AM-6 PM; Sunday, 10 AM-6 PM; Monday, 10 AM-6 PM; Tuesday, 10 AM-6 PM; Wednesday, 10 AM-6 PM; Thursday, 10 AM-6 PM; Friday, 10 AM-6 PM; ",10 AM-6 PM,10 AM-6 PM,10 AM-6 PM,10 AM-6 PM,10 AM-6 PM,10 AM-6 PM,10 AM-6 PM,Lat 43.8760741,Lng -72.8084628,https://www.google.com/maps/place/?q=place_id:ChIJYfpiT9g6tUwRJsJkiO4L_nU,https://www.google.com/search?kgmid=/g/1td422mx,https://lh5.googleusercontent.com/p/AF1QipM8vafR_RZ0aeQJv3vVNqrQ6b96FYmfXMw3SK4N,"https://t1.gstatic.com/faviconV2?client=SOCIAL&type=FAVICON&fallback_opts=TYPE,SIZE,URL&url=https://www.bigtownvermont.com/green-mt-bikes&size=48","https://search.google.com/local/reviews?placeid=ChIJYfpiT9g6tUwRJsJkiO4L_nU&q=bicycle+shop+near+Ticonderoga,+New+York,+USA&authuser=0&hl=en",,https://www.facebook.com/GreenMountainBikes, ,https://www.instagram.com/bigtowngallery/,
Frog Hollow Bikes,74 Main St  Middlebury  VT 05753  United States,74 Main St,Middlebury,5753,Vermont,US,America/New_York,18023886666,froghollowbikes@gmail.com,http://www.froghollowbikes.com/,froghollowbikes.com,Bicycle store, ,Yes,46,4.8,open,"Saturday, 10 AM-4 PM; Sunday, Closed; Monday, 10 AM-5 PM; Tuesday, 10 AM-5 PM; Wednesday, 10 AM-5 PM; Thursday, 10 AM-5 PM; Friday, 10 AM-5 PM; ",10 AM-4 PM,Closed,10 AM-5 PM,10 AM-5 PM,10 AM-5 PM,10 AM-5 PM,10 AM-5 PM,Lat 44.012927,Lng -73.16941299999999,https://www.google.com/maps/place/?q=place_id:ChIJy3aVDgRdtUwReM5w_ikMQ4U,https://www.google.com/search?kgmid=/g/1tgdn4m4,https://lh5.googleusercontent.com/p/AF1QipPl46fVtKOZUfBKspGHnIDFdn6VK35WSpb2Kume,"https://t1.gstatic.com/faviconV2?client=SOCIAL&type=FAVICON&fallback_opts=TYPE,SIZE,URL&url=http://www.froghollowbikes.com/&size=48","https://search.google.com/local/reviews?placeid=ChIJy3aVDgRdtUwReM5w_ikMQ4U&q=bicycle+shop+near+Old+Bennington+village,+Vermont,+USA&authuser=0&hl=en",802-388-6666,https://www.facebook.com/froghollowbikes/, ,https://www.instagram.com/froghollowbikesvt/?hl=en,
Belgen Cycles Ltd,24 Bridge St  Richmond  VT 05477  United States,24 Bridge St,Richmond,5477,Vermont,US,America/New_York,18024344876,gbvbr@gmavt.net,https://belgencycles.com/,belgencycles.com,Bicycle store, ,No,11,5,open,"Saturday, 10:30 AM-6:30 PM; Sunday, Closed; Monday, 10:30 AM-6:30 PM; Tuesday, 10:30 AM-6:30 PM; Wednesday, 10:30 AM-6:30 PM; Thursday, 10:30 AM-6:30 PM; Friday, 10:30 AM-6:30 PM; ",10:30 AM-6:30 PM,Closed,10:30 AM-6:30 PM,10:30 AM-6:30 PM,10:30 AM-6:30 PM,10:30 AM-6:30 PM,10:30 AM-6:30 PM,Lat 44.4050608,Lng -72.9934234,https://www.google.com/maps/place/?q=place_id:ChIJVVjv16eGtUwRNHrTrQY1j9E,https://www.google.com/search?kgmid=/g/1v29bmgp,https://lh5.googleusercontent.com/p/CIHM0ogKEICAgICWl6KW7QE,"https://t1.gstatic.com/faviconV2?client=SOCIAL&type=FAVICON&fallback_opts=TYPE,SIZE,URL&url=https://belgencycles.com/&size=48","https://search.google.com/local/reviews?placeid=ChIJVVjv16eGtUwRNHrTrQY1j9E&q=bicycle+shop+near+Jacksonville+village,+Vermont,+USA&authuser=0&hl=en",8024344876, , ,,
Slopestyle Ski & Ride,92 River St  Montpelier  VT 05602  United States,92 River St,Montpelier,5602,Vermont,US,America/New_York,18022256320,ian_downing@slopestylevt.com,http://www.slopestylevt.com/,slopestylevt.com,Bicycle repair shop,,Yes,78,4.7,open,"Saturday, 10 AM-4 PM; Sunday, 11 AM-4 PM; Monday, 10 AM-6 PM; Tuesday, 10 AM-6 PM; Wednesday, 10 AM-6 PM; Thursday, 10 AM-6 PM; Friday, 10 AM-6 PM; ",10 AM-4 PM,11 AM-4 PM,10 AM-6 PM,10 AM-6 PM,10 AM-6 PM,10 AM-6 PM,10 AM-6 PM,Lat 44.249240799999995,Lng -72.5636246,https://www.google.com/maps/place/?q=place_id:ChIJE-9qKAEItUwRUmaRENhOiHU,https://www.google.com/search?kgmid=/g/1vtqvq2_,https://lh5.googleusercontent.com/p/AF1QipN4p7DQPsem_UJyXWbtNovfPx7P9uCJNEeVJWuT,"https://t1.gstatic.com/faviconV2?client=SOCIAL&type=FAVICON&fallback_opts=TYPE,SIZE,URL&url=http://www.slopestylevt.com/&size=48","https://search.google.com/local/reviews?placeid=ChIJE-9qKAEItUwRUmaRENhOiHU&q=bicycle+shop+near+Montpelier,+Vermont,+USA&authuser=0&hl=en",,https://www.facebook.com/slopestylevt/,https://twitter.com/SlopeStyleVT,https://www.instagram.com/slopestylevt/,
Waterbury Sports VT,46 S Main St #1  Waterbury  VT 05676  United States,46 S Main St #1,Waterbury,5676,Vermont,US,America/New_York,18028828595,info.wbsports@gmail.com,http://www.waterburysportsvt.com/,waterburysportsvt.com,Bicycle repair shop,,Yes,46,4.3,open,"Saturday, 10 AM-5 PM; Sunday, Closed; Monday, 10 AM-6 PM; Tuesday, 10 AM-6 PM; Wednesday, 10 AM-6 PM; Thursday, 10 AM-6 PM; Friday, 10 AM-6 PM; ",10 AM-5 PM,Closed,10 AM-6 PM,10 AM-6 PM,10 AM-6 PM,10 AM-6 PM,10 AM-6 PM,Lat 44.336732999999995,Lng -72.755172,https://www.google.com/maps/place/?q=place_id:ChIJA27jbheftUwR6U1NOzzX13k,https://www.google.com/search?kgmid=/g/11b8c3pwr2,https://lh5.googleusercontent.com/p/CIHM0ogKEICAgID4tq_37QE,"https://t1.gstatic.com/faviconV2?client=SOCIAL&type=FAVICON&fallback_opts=TYPE,SIZE,URL&url=http://www.waterburysportsvt.com/&size=48","https://search.google.com/local/reviews?placeid=ChIJA27jbheftUwR6U1NOzzX13k&q=bicycle+shop+near+Waterbury+village,+Vermont,+USA&authuser=0&hl=en",,https://www.facebook.com/WaterburySports/, ,https://www.instagram.com/waterburysports/,
Bellows Falls Community Bike Project,30 Henry St  Bellows Falls  VT 05101  United States,30 Henry St,Bellows Falls,5101,Vermont,US,America/New_York,18024600662,info@bfbike.org,https://bfbike.org/,bfbike.org,Used bicycle shop,Bicycle repair shop,Yes,29,4.7,open,"Saturday, 10 AM-3 PM; Sunday, Closed; Monday, Closed; Tuesday, 10 AM-5 PM; Wednesday, 10 AM-5 PM; Thursday, 10 AM-5 PM; Friday, 10 AM-4 PM; ",10 AM-3 PM,Closed,Closed,10 AM-5 PM,10 AM-5 PM,10 AM-5 PM,10 AM-4 PM,Lat 43.131219099999996,Lng -72.4484398,https://www.google.com/maps/place/?q=place_id:ChIJganzFWmk4YkR-W4eweAQ4Uc,https://www.google.com/search?kgmid=/g/11b7chxp9w,https://lh5.googleusercontent.com/p/xUojfWdopo-xb6n3AzhCdA,"https://t1.gstatic.com/faviconV2?client=SOCIAL&type=FAVICON&fallback_opts=TYPE,SIZE,URL&url=https://bfbike.org/&size=48",https://search.google.com/local/reviews?placeid=ChIJganzFWmk4YkR-W4eweAQ4Uc&q=Bellows+Falls+Community+Bike+Project&authuser=0&hl=en,, , ,,
Riders Outpost,7575 Main St  Waitsfield  VT 05673  United States,7575 Main St,Waitsfield,5673,Vermont,US,America/New_York,18025409201,info@madbushfalls.com,http://ridersoutpostvt.com/,ridersoutpostvt.com,Bicycle repair shop, ,Yes,12,5,open,"Saturday, 10 AM-6 PM; Sunday, 10 AM-6 PM; Monday, 9 AM-3 PM; Tuesday, Closed; Wednesday, Closed; Thursday, 9 AM-6 PM; Friday, 11 AM-7 PM; ",10 AM-6 PM,10 AM-6 PM,9 AM-3 PM,Closed,Closed,9 AM-6 PM,11 AM-7 PM,Lat 44.1524724,Lng -72.8354032,https://www.google.com/maps/place/?q=place_id:ChIJN5ow4b5ztUwRaIy3WVPTlx8,https://www.google.com/search?kgmid=/g/11v152wt34,https://lh5.googleusercontent.com/p/AF1QipOIDfCEU1PngjDOF0zcJMzPGLtJGYdLuIJxSSVF,"https://t1.gstatic.com/faviconV2?client=SOCIAL&type=FAVICON&fallback_opts=TYPE,SIZE,URL&url=http://ridersoutpostvt.com/&size=48","https://search.google.com/local/reviews?placeid=ChIJN5ow4b5ztUwRaIy3WVPTlx8&q=bicycle+shop+near+Orleans+village,+Vermont,+USA&authuser=0&hl=en",(802) 540-9201,https://www.facebook.com/madbushfalls, ,https://www.instagram.com/madbushfalls,https://www.youtube.com/@MadbushFalls
Old Spokes Home,331 N Winooski Ave  Burlington  VT 05401  United States,331 N Winooski Ave,Burlington,5401,Vermont,US,America/New_York,18028634475,info@oldspokeshome.com,http://www.oldspokeshome.com/,oldspokeshome.com,Bicycle repair shop,Bicycle Shop,Yes,142,4.6,open,"Saturday, 11 AM-5 PM; Sunday, Closed; Monday, Closed; Tuesday, 10 AM-6 PM; Wednesday, 10 AM-6 PM; Thursday, 10 AM-6 PM; Friday, 10 AM-6 PM; ",11 AM-5 PM,Closed,Closed,10 AM-6 PM,10 AM-6 PM,10 AM-6 PM,10 AM-6 PM,Lat 44.4888797,Lng -73.20737129999999,https://www.google.com/maps/place/?q=place_id:ChIJs1f_x4t6ykwRmXdJJtWNTlg,https://www.google.com/search?kgmid=/g/1tdx_hy7,https://lh5.googleusercontent.com/p/CIHM0ogKEICAgIDElsrhMA,"https://t1.gstatic.com/faviconV2?client=SOCIAL&type=FAVICON&fallback_opts=TYPE,SIZE,URL&url=http://www.oldspokeshome.com/&size=48","https://search.google.com/local/reviews?placeid=ChIJs1f_x4t6ykwRmXdJJtWNTlg&q=bicycle+shop+near+Chesterfield,+New+York,+USA&authuser=0&hl=en",8028634475,https://www.facebook.com/BTVHalloweenRide/, ,https://www.instagram.com/oldspokeshome/?utm_source=ig_embed&utm_campaign=loading,
The Bike Hub,160 Benmont Ave  Bennington  VT 05201  United States,160 Benmont Ave,Bennington,5201,Vermont,US,America/New_York,18024454000,info@ourbikehub.org,https://ourbikehub.org/,ourbikehub.org,Bicycle repair shop, ,Yes,24,5,open,"Saturday, 10 AM-6 PM; Sunday, Closed; Monday, Closed; Tuesday, Closed; Wednesday, 10 AM-6 PM; Thursday, 10 AM-6 PM; Friday, 10 AM-6 PM; ",10 AM-6 PM,Closed,Closed,Closed,10 AM-6 PM,10 AM-6 PM,10 AM-6 PM,Lat 42.8849497,Lng -73.2020746,https://www.google.com/maps/place/?q=place_id:ChIJk8yaEryX4IkRfaJtzQ1c_hY,https://www.google.com/search?kgmid=/g/11s5nqld11,https://lh5.googleusercontent.com/p/AF1QipNeohJ1AN7Q6-0bI9y1AU7ZqdwK-k-BtkqS6wo3,"https://t1.gstatic.com/faviconV2?client=SOCIAL&type=FAVICON&fallback_opts=TYPE,SIZE,URL&url=https://ourbikehub.org/&size=48","https://search.google.com/local/reviews?placeid=ChIJk8yaEryX4IkRfaJtzQ1c_hY&q=bicycle+shop+near+Hoosick+Falls,+New+York,+USA&authuser=0&hl=en",18024454000,https://www.facebook.com/people/The-Bike-Hub/100085570718257/, ,https://www.instagram.com/ourbikehub,
Riverside Cycles,4 S Main St Suite 3  Hardwick  VT 05843  United States,4 S Main St Suite 3,Hardwick,5843,Vermont,US,America/New_York,18024731927,info@riversidecyclesvt.com,http://www.riversidecyclesvt.com/,riversidecyclesvt.com,Bicycle store, ,Yes,20,5,open,"Saturday, 10 AM-4 PM; Sunday, 10 AM-2 PM; Monday, Closed; Tuesday, Closed; Wednesday, Closed; Thursday, 10 AM-4 PM; Friday, 10 AM-4 PM; ",10 AM-4 PM,10 AM-2 PM,Closed,Closed,Closed,10 AM-4 PM,10 AM-4 PM,Lat 44.5047086,Lng -72.3662712,https://www.google.com/maps/place/?q=place_id:ChIJm1QldwC3tUwR6z9Q0g08uEE,https://www.google.com/search?kgmid=/g/11lmcvvl0k,https://lh5.googleusercontent.com/p/AF1QipOdj0KsgLPNQOeKvh7Qos4MVvMacgOIeEi5od_A,"https://t1.gstatic.com/faviconV2?client=SOCIAL&type=FAVICON&fallback_opts=TYPE,SIZE,URL&url=http://www.riversidecyclesvt.com/&size=48","https://search.google.com/local/reviews?placeid=ChIJm1QldwC3tUwR6z9Q0g08uEE&q=bicycle+shop+near+Jacksonville+village,+Vermont,+USA&authuser=0&hl=en",8024731927,https://www.facebook.com/profile.php?id=61561570077286, ,https://www.instagram.com/riversidecycles/,
The Jay Cloud Cyclery,91 Main St  Montgomery Center  VT 05471  United States,91 Main St,Montgomery Center,5471,Vermont,US,America/New_York,18023262055,info@thejaycloud.com,http://www.thejaycloud.com/,thejaycloud.com,Bicycle store,Bicycle rental service,Yes,24,5,open,"Saturday, 9 AM-5 PM; Sunday, 9 AM-5 PM; Monday, 9 AM-5 PM; Tuesday, 9 AM-5 PM; Wednesday, 9 AM-5 PM; Thursday, 9 AM-5 PM; Friday, 9 AM-5 PM; ",9 AM-5 PM,9 AM-5 PM,9 AM-5 PM,9 AM-5 PM,9 AM-5 PM,9 AM-5 PM,9 AM-5 PM,Lat 44.8779519,Lng -72.6094322,https://www.google.com/maps/place/?q=place_id:ChIJs-wazfEHtkwRls2HXU_KP6U,https://www.google.com/search?kgmid=/g/12qh0fkcd,https://lh5.googleusercontent.com/p/AF1QipNInHfiJitCtUuqFbFVLVTPQEFn3adHic2z5ZZO,"https://t1.gstatic.com/faviconV2?client=SOCIAL&type=FAVICON&fallback_opts=TYPE,SIZE,URL&url=http://www.thejaycloud.com/&size=48","https://search.google.com/local/reviews?placeid=ChIJs-wazfEHtkwRls2HXU_KP6U&q=bicycle+shop+near+Jacksonville+village,+Vermont,+USA&authuser=0&hl=en",18023262055,https://www.facebook.com/the.jay.cloud,https://twitter.com/Jaycloudvt,https://www.instagram.com/the_jay_cloud/,
Tygart Mountain Sports,57 Pond St Suite 1  Ludlow  VT 05149  United States,57 Pond St Suite 1,Ludlow,5149,Vermont,US,America/New_York,18022285440,info@tygartmountainsports.com,http://www.tygartmountainsports.com/,tygartmountainsports.com,Bicycle repair shop,,Yes,229,4.8,open,"Saturday, 10 AM-5 PM; Sunday, 10 AM-5 PM; Monday, 10 AM-5 PM; Tuesday, 10 AM-5 PM; Wednesday, 10 AM-5 PM; Thursday, 10 AM-5 PM; Friday, 10 AM-5 PM; ",10 AM-5 PM,10 AM-5 PM,10 AM-5 PM,10 AM-5 PM,10 AM-5 PM,10 AM-5 PM,10 AM-5 PM,Lat 43.400068499999996,Lng -72.7060264,https://www.google.com/maps/place/?q=place_id:ChIJQz85d8zK4YkRH-gjAZKC7U4,https://www.google.com/search?kgmid=/g/11b6gl78zq,https://lh5.googleusercontent.com/p/AF1QipMyDmQAKaTseq6zYd9EPMdMlFeXlnb-PGGfqbi0,"https://t1.gstatic.com/faviconV2?client=SOCIAL&type=FAVICON&fallback_opts=TYPE,SIZE,URL&url=http://www.tygartmountainsports.com/&size=48","https://search.google.com/local/reviews?placeid=ChIJQz85d8zK4YkRH-gjAZKC7U4&q=bicycle+shop+near+Ludlow+village,+Vermont,+USA&authuser=0&hl=en",18022285440,http://www.facebook.com/tygartmountainsports, ,https://www.instagram.com/tygartmountainsports,
West Hill Shop,49 Brickyard Ln  Putney  VT 05346  United States,49 Brickyard Ln,Putney,5346,Vermont,US,America/New_York,18023875718,info@westhillshop.com,http://www.westhillshop.com/,westhillshop.com,Bicycle store,Ski shop,Yes,56,5,open,"Saturday, 10 AM-5 PM; Sunday, Closed; Monday, 10 AM-5 PM; Tuesday, 10 AM-6 PM; Wednesday, 10 AM-5 PM; Thursday, 10 AM-6 PM; Friday, 10 AM-6 PM; ",10 AM-5 PM,Closed,10 AM-5 PM,10 AM-6 PM,10 AM-5 PM,10 AM-6 PM,10 AM-6 PM,Lat 42.963738,Lng -72.522376,https://www.google.com/maps/place/?q=place_id:ChIJ-yhxW_gF4YkRg1nW8X4Lt4U,https://www.google.com/search?kgmid=/g/1tpbcz_q,https://lh5.googleusercontent.com/p/AF1QipOYuD0gKMRiF_llrNulPOvQiGcHbwr-eY6Bt90c,"https://t1.gstatic.com/faviconV2?client=SOCIAL&type=FAVICON&fallback_opts=TYPE,SIZE,URL&url=http://www.westhillshop.com/&size=48","https://search.google.com/local/reviews?placeid=ChIJ-yhxW_gF4YkRg1nW8X4Lt4U&q=bicycle+shop+near+Northfield+village,+Vermont,+USA&authuser=0&hl=en",18023875718,https://www.facebook.com/westhillshop, ,https://www.instagram.com/westhillshop/,
Jackalope Sports Group LLC,174 River St  Montpelier  VT 05602  United States,174 River St,Montpelier,5602,Vermont,US,America/New_York,,josh@jackalopenortheast.com,http://www.jackalopesportsgroup.com/,jackalopesportsgroup.com,Bicycle wholesaler, ,No,,,open,"Saturday, Closed; Sunday, Closed; Monday, 10 AM-12 PM | 2-4 PM; Tuesday, 10 AM-12 PM | 2-4 PM; Wednesday, 10 AM-12 PM | 2-4 PM; Thursday, 10 AM-12 PM | 2-4 PM; Friday, 10 AM-12 PM | 2-4 PM; ",Closed,Closed,10 AM-12 PM | 2-4 PM,10 AM-12 PM | 2-4 PM,10 AM-12 PM | 2-4 PM,10 AM-12 PM | 2-4 PM,10 AM-12 PM | 2-4 PM,Lat 44.249646899999995,Lng -72.560183,https://www.google.com/maps/place/?q=place_id:ChIJ3-zyNSsJtUwRztXEiv2K4q0,https://www.google.com/search?kgmid=/g/11t8dc0k3k,https://lh5.googleusercontent.com/p/N7IOopYDlsyvoKlQx-Lm8w,"https://t1.gstatic.com/faviconV2?client=SOCIAL&type=FAVICON&fallback_opts=TYPE,SIZE,URL&url=http://www.jackalopesportsgroup.com/&size=48", ,8029173873,https://www.facebook.com/jackalopesportsgroup/, ,https://www.instagram.com/jackalopesports/,
Onion River Outdoors,89 Main St  Montpelier  VT 05602  United States,89 Main St,Montpelier,5602,Vermont,US,America/New_York,18022256736,outdoors@onionriver.com,http://www.onionriver.com/,onionriver.com,Bicycle repair shop,,Yes,131,4.6,open,"Saturday, 9 AM-5 PM; Sunday, 10 AM-4 PM; Monday, 9 AM-6 PM; Tuesday, 9 AM-6 PM; Wednesday, 9 AM-5 PM; Thursday, 9 AM-6 PM; Friday, 9 AM-6 PM; ",9 AM-5 PM,10 AM-4 PM,9 AM-6 PM,9 AM-6 PM,9 AM-5 PM,9 AM-6 PM,9 AM-6 PM,Lat 44.260238799999996,Lng -72.57461649999999,https://www.google.com/maps/place/?q=place_id:ChIJB02EkPOntUwRkiF8nCruGic,https://www.google.com/search?kgmid=/g/1td_y5yl,https://lh5.googleusercontent.com/p/AF1QipNDxU-0fj-urbm6s6J7nJy-lYDJr299avybFSlv,"https://t1.gstatic.com/faviconV2?client=SOCIAL&type=FAVICON&fallback_opts=TYPE,SIZE,URL&url=http://www.onionriver.com/&size=48","https://search.google.com/local/reviews?placeid=ChIJB02EkPOntUwRkiF8nCruGic&q=bicycle+shop+near+Northfield+village,+Vermont,+USA&authuser=0&hl=en",,https://www.facebook.com/onionriveroutdoors/, ,https://www.instagram.com/onionriveroutdoors/?hl=en,
UVM Bikes!,86 S Williams St  Burlington  VT 05405  United States,86 S Williams St,Burlington,5405,Vermont,US,America/New_York,,parking@uvm.edu,https://www.uvm.edu/transportation/uvm-bikes,uvm.edu,Bicycle repair shop, ,Yes,11,4.4,open,"Saturday, Closed; Sunday, Closed; Monday, 12-4 PM; Tuesday, 2-6 PM; Wednesday, 1-6 PM; Thursday, 1-5 PM; Friday, 1-4 PM; ",Closed,Closed,12-4 PM,2-6 PM,1-6 PM,1-5 PM,1-4 PM,Lat 44.4782732,Lng -73.2028074,https://www.google.com/maps/place/?q=place_id:ChIJSyyzwpl7ykwRf5FAOn-9DdQ,https://www.google.com/search?kgmid=/g/11r2rjsfvh,https://lh5.googleusercontent.com/p/AF1QipOEi3ne_1qxX0SLwaL5nKXq3b7JygvrDy6SWmGf,"https://t1.gstatic.com/faviconV2?client=SOCIAL&type=FAVICON&fallback_opts=TYPE,SIZE,URL&url=https://www.uvm.edu/transportation/uvm-bikes&size=48","https://search.google.com/local/reviews?placeid=ChIJSyyzwpl7ykwRf5FAOn-9DdQ&q=bicycle+shop+near+Chesterfield,+New+York,+USA&authuser=0&hl=en",18026568686,https://www.facebook.com/UVMTPS1,https://www.twitter.com/uvm_tps,https://www.instagram.com/uvmtps,https://youtube.com/@uvmfacilitiesmanagement?si=KLG_aWeDUpGBxF_C
The Gear House,16 Pleasant St  Randolph  VT 05060  United States,16 Pleasant St,Randolph,5060,Vermont,US,America/New_York,18025658139,randolphgearhouse@gmail.com,http://www.gearhousevt.com/,gearhousevt.com,Bicycle store,Consignment shop,Yes,47,4.9,open,"Friday, 10 AM-6 PM; Saturday, 10 AM-4 PM; Sunday, Closed; Monday, Closed; Tuesday, 10 AM-6 PM; Wednesday, 10 AM-6 PM; Thursday, 10 AM-6 PM; ",10 AM-4 PM,Closed,Closed,10 AM-6 PM,10 AM-6 PM,10 AM-6 PM,10 AM-6 PM,Lat 43.9241872,Lng -72.6649564,https://www.google.com/maps/place/?q=place_id:ChIJr76ymI8jtUwR7sKMNxeu9EY,https://www.google.com/search?kgmid=/g/11j8lhrt33,https://lh5.googleusercontent.com/p/CIHM0ogKEICAgIDs5uWMRA,"https://t1.gstatic.com/faviconV2?client=SOCIAL&type=FAVICON&fallback_opts=TYPE,SIZE,URL&url=http://www.gearhousevt.com/&size=48","https://search.google.com/local/reviews?placeid=ChIJr76ymI8jtUwR7sKMNxeu9EY&q=bicycle+shop+near+Randolph+town,+Massachusetts,+USA&authuser=0&hl=en",802-565-8139,http://www.facebook.com/thegearhousevt/, ,https://www.instagram.com/thegearhousevt/,
Stark Mountain Bike Works,9 VT-17  Waitsfield  VT 05673  United States,9 VT-17,Waitsfield,5673,Vermont,US,America/New_York,18024964800,starkmtnbikeworksvt@gmail.com,https://www.starkmountainbikeworks.com/,starkmountainbikeworks.com,Bicycle store, ,Yes,10,4.9,open,"Saturday, 9 AM-4 PM; Sunday, Closed; Monday, Closed; Tuesday, 10 AM-6 PM; Wednesday, 10 AM-6 PM; Thursday, 10 AM-5 PM; Friday, 10 AM-6 PM; ",9 AM-4 PM,Closed,Closed,10 AM-6 PM,10 AM-6 PM,10 AM-5 PM,10 AM-6 PM,Lat 44.180957899999996,Lng -72.84037839999999,https://www.google.com/maps/place/?q=place_id:ChIJQVNbYuBytUwRNsYfLj3sYP8,https://www.google.com/search?kgmid=/g/1tkf0kz4,https://lh5.googleusercontent.com/p/AF1QipM0a2Ux6S2adk20rdH6ONYJNydXOVMCS1EP0iP2,"https://t1.gstatic.com/faviconV2?client=SOCIAL&type=FAVICON&fallback_opts=TYPE,SIZE,URL&url=https://www.starkmountainbikeworks.com/&size=48","https://search.google.com/local/reviews?placeid=ChIJQVNbYuBytUwRNsYfLj3sYP8&q=bicycle+shop+near+Northfield+village,+Vermont,+USA&authuser=0&hl=en",,https://www.facebook.com/starkmtnbike, ,https://www.instagram.com/starkmtnbikeworks/,
White's Bikes & Outfitters,1010A Ethan Allen Hwy  Milton  VT 05468  United States,1010A Ethan Allen Hwy,Milton,5468,Vermont,US,America/New_York,18025244496,whitesbikes@hotmail.com,http://www.whitesbikesoutfitter.com/,whitesbikesoutfitter.com,Bicycle repair shop,Bicycle Shop,Yes,25,4.8,open,"Saturday, 9 AM-4 PM; Sunday, Closed; Monday, 9 AM-4 PM; Tuesday, 9 AM-4 PM; Wednesday, 9 AM-4 PM; Thursday, 9 AM-4 PM; Friday, 9 AM-4 PM; ",9 AM-4 PM,Closed,9 AM-4 PM,9 AM-4 PM,9 AM-4 PM,9 AM-4 PM,9 AM-4 PM,Lat 44.693318,Lng -73.10732329999999,https://www.google.com/maps/place/?q=place_id:ChIJKR5e2pUNykwRioCsrJwwLNg,https://www.google.com/search?kgmid=/g/1tcx6mwq,https://lh5.googleusercontent.com/p/CIABIhCmE41Mpan46caIEK8ipEgA,"https://t1.gstatic.com/faviconV2?client=SOCIAL&type=FAVICON&fallback_opts=TYPE,SIZE,URL&url=http://www.whitesbikesoutfitter.com/&size=48","https://search.google.com/local/reviews?placeid=ChIJKR5e2pUNykwRioCsrJwwLNg&q=bicycle+shop+near+Swanton+village,+Vermont,+USA&authuser=0&hl=en",, , ,,
Vermont Bicycle Repair,100 W Canal St  Winooski  VT 05404  United States,100 W Canal St,Winooski,5404,Vermont,US,America/New_York,18022428889,wylie@vermontbicyclerepair.com,https://vermontbicyclerepair.com/,vermontbicyclerepair.com,Bicycle repair shop, ,Yes,6,4.7,open, ,,,,,,,,Lat 44.489922,Lng -73.1900374,https://www.google.com/maps/place/?q=place_id:ChIJj5tAv7d7ykwRShNlItrd2KE,https://www.google.com/search?kgmid=/g/11lfzhpmn9,https://lh5.googleusercontent.com/p/AF1QipN5QWq1JkAp9C55ZqUnk_3iLRvfJ1477ju0WcYO,"https://t1.gstatic.com/faviconV2?client=SOCIAL&type=FAVICON&fallback_opts=TYPE,SIZE,URL&url=https://vermontbicyclerepair.com/&size=48","https://search.google.com/local/reviews?placeid=ChIJj5tAv7d7ykwRShNlItrd2KE&q=bicycle+shop+near+Chesterfield,+New+York,+USA&authuser=0&hl=en",8022428889, , ,,
Zspokes,955 Orchard Rd  Charlotte  VT 05445  United States,955 Orchard Rd,Charlotte,5445,Vermont,US,America/New_York,18028467712,zack@zspokes.com,http://www.zspokes.com/,zspokes.com,Bicycle repair shop,Bicycle Shop,Yes,24,5,open,"Saturday, Closed; Sunday, Closed; Monday, 12-5 PM; Tuesday, 12-5 PM; Wednesday, 12-5 PM; Thursday, 12-5 PM; Friday, 12-5 PM; ",Closed,Closed,12-5 PM,12-5 PM,12-5 PM,12-5 PM,12-5 PM,Lat 44.3410406,Lng -73.2642664,https://www.google.com/maps/place/?q=place_id:ChIJGWp_VRSHykwRiYmdQZh_Fkg,https://www.google.com/search?kgmid=/g/11c53c60_q,https://lh5.googleusercontent.com/p/AF1QipMx2Tpmw-KoSG7m-I3US1Q66e7ZooaE4bKkw8pZ,"https://t1.gstatic.com/faviconV2?client=SOCIAL&type=FAVICON&fallback_opts=TYPE,SIZE,URL&url=http://www.zspokes.com/&size=48","https://search.google.com/local/reviews?placeid=ChIJGWp_VRSHykwRiYmdQZh_Fkg&q=bicycle+shop+near+Chesterfield,+New+York,+USA&authuser=0&hl=en",802-846-7712,https://www.facebook.com/zspokes/, ,https://www.instagram.com/zspokesvt/,
Fit Werx - Vermont. Appointment Based Bike Fitting  Sales & Service,4312 Main St  Waitsfield  VT 05673  United States,4312 Main St,Waitsfield,5673,Vermont,US,America/New_York,18024967570,,http://www.fitwerx.com/,fitwerx.com,Bicycle store, ,Yes,79,5,open,"Saturday, 10 AM-5:30 PM; Sunday, Closed; Monday, Closed; Tuesday, Closed; Wednesday, 10 AM-5:30 PM; Thursday, 10 AM-5:30 PM; Friday, 10 AM-5:30 PM; ",10 AM-5:30 PM,Closed,Closed,Closed,10 AM-5:30 PM,10 AM-5:30 PM,10 AM-5:30 PM,Lat 44.1912915,Lng -72.8239128,https://www.google.com/maps/place/?q=place_id:ChIJ9fBAIDtztUwRijVVIlVJcyA,https://www.google.com/search?kgmid=/g/1td5wr_l,https://lh5.googleusercontent.com/p/AF1QipN3r_kf-mLoLvfA3xwM_p-XF7o5dFDZhAq0mPEJ,"https://t1.gstatic.com/faviconV2?client=SOCIAL&type=FAVICON&fallback_opts=TYPE,SIZE,URL&url=http://www.fitwerx.com/&size=48","https://search.google.com/local/reviews?placeid=ChIJ9fBAIDtztUwRijVVIlVJcyA&q=bicycle+shop+near+Northfield+village,+Vermont,+USA&authuser=0&hl=en",8024967570 | 9785327348,https://www.facebook.com/fitwerx,https://twitter.com/fitwerx,,https://www.youtube.com/user/FitWerx
Green Mtn Pro Tune,1059 VT-114  East Burke  VT 05832  United States,1059 VT-114,East Burke,5832,Vermont,US,America/New_York,18024273366,,https://www.greenmtnprotune.com/contact,greenmtnprotune.com,Bicycle repair shop, ,Yes,33,5,open,"Saturday, Closed; Sunday, Closed; Monday, 9 AM-5 PM; Tuesday, 9 AM-5 PM; Wednesday, 9 AM-5 PM; Thursday, 9 AM-5 PM; Friday, 9 AM-5 PM; ",Closed,Closed,9 AM-5 PM,9 AM-5 PM,9 AM-5 PM,9 AM-5 PM,9 AM-5 PM,Lat 44.5939481,Lng -71.9374418,https://www.google.com/maps/place/?q=place_id:ChIJq6r2Q5IvtEwR1tAoY900Kec,https://www.google.com/search?kgmid=/g/11t13tdwqz,https://lh5.googleusercontent.com/p/CIHM0ogKEICAgICZzszP3AE,"https://t1.gstatic.com/faviconV2?client=SOCIAL&type=FAVICON&fallback_opts=TYPE,SIZE,URL&url=https://www.greenmtnprotune.com/contact&size=48","https://search.google.com/local/reviews?placeid=ChIJq6r2Q5IvtEwR1tAoY900Kec&q=bicycle+shop+near+Perkinsville+village,+Vermont,+USA&authuser=0&hl=en",, , ,,
Community Bike Fix Station,Burlington  VT 05401  United States,Burlington  VT 05401,Burlington,5401,Vermont,US,America/New_York,,,,,Bicycle repair shop, ,No,1,5,open, ,,,,,,,,Lat 44.4754271,Lng -73.2197899,https://www.google.com/maps/place/?q=place_id:ChIJL_GdWvp6ykwRvl1wQpykEbg,https://www.google.com/search?kgmid=/g/11gh2qxc00,https://lh5.googleusercontent.com/p/CIHM0ogKEICAgIDE_8qeOw, ,"https://search.google.com/local/reviews?placeid=ChIJL_GdWvp6ykwRvl1wQpykEbg&q=bicycle+shop+near+Jacksonville+village,+Vermont,+USA&authuser=0&hl=en", , , , , 
Bicycle Repair Station,Jericho  VT 05465  United States,Jericho  VT 05465,Jericho,5465,Vermont,US,America/New_York,,,,,Bicycle repair shop, ,No,,,open,"Saturday, Open 24 hours; Sunday, Open 24 hours; Monday, Open 24 hours; Tuesday, Open 24 hours; Wednesday, Open 24 hours; Thursday, Open 24 hours; Friday, Open 24 hours; ",Open 24 hours,Open 24 hours,Open 24 hours,Open 24 hours,Open 24 hours,Open 24 hours,Open 24 hours,Lat 44.506609999999995,Lng -72.990127,https://www.google.com/maps/place/?q=place_id:ChIJM4qfDQCJtUwRuNpO2zCTkRc,https://www.google.com/search?kgmid=/g/11wngjsl8r,https://lh5.googleusercontent.com/p/CIHM0ogKEICAgID3p8e6bg, , , , , , , 
Village Bicycle Repair,24 Bridge St  Richmond  VT 05477  United States,24 Bridge St,Richmond,5477,Vermont,US,America/New_York,18024344876,,,,Bicycle store, ,No,15,5,open,"Saturday, 10 AM-5 PM; Sunday, Closed; Monday, 10 AM-5 PM; Tuesday, 10 AM-5 PM; Wednesday, 10 AM-5 PM; Thursday, 10 AM-5 PM; Friday, 10 AM-5 PM; ",10 AM-5 PM,Closed,10 AM-5 PM,10 AM-5 PM,10 AM-5 PM,10 AM-5 PM,10 AM-5 PM,Lat 44.4050608,Lng -72.9934234,https://www.google.com/maps/place/?q=place_id:ChIJVVjv16eGtUwRJ4Njge-N6HQ,https://www.google.com/search?kgmid=/g/1v62h81n,https://lh5.googleusercontent.com/p/CIHM0ogKEICAgIC42qjxlQE, ,"https://search.google.com/local/reviews?placeid=ChIJVVjv16eGtUwRJ4Njge-N6HQ&q=bicycle+shop+near+Northfield+village,+Vermont,+USA&authuser=0&hl=en", , , , , 
Cyco Bike Shop,106 Main St #3  Ludlow  VT 05149  United States,106 Main St #3,Ludlow,5149,Vermont,US,America/New_York,18022282722,,,,Bicycle store, ,No,4,5,open,"Saturday, 12-5 PM; Sunday, Closed; Monday, 12-5 PM; Tuesday, Closed; Wednesday, 12-5 PM; Thursday, 12-5 PM; Friday, 12-5 PM; ",12-5 PM,Closed,12-5 PM,Closed,12-5 PM,12-5 PM,12-5 PM,Lat 43.3959858,Lng -72.6973654,https://www.google.com/maps/place/?q=place_id:ChIJ-WHlLMbK4YkR2YQiuYWhD5A,https://www.google.com/search?kgmid=/g/11fjqk7cdq,https://lh5.googleusercontent.com/p/xXQjsKhQpOQGpMKqnLoepg, ,"https://search.google.com/local/reviews?placeid=ChIJ-WHlLMbK4YkR2YQiuYWhD5A&q=bicycle+shop+near+Jacksonville+village,+Vermont,+USA&authuser=0&hl=en", , , , , 
Bike Solutions | Commercial & New Construction Bike Rack | Bike Hangers,123 Park St  Rutland  VT 05701  United States,123 Park St,Rutland,5701,Vermont,US,America/New_York,18027757638,,https://www.vtbikesolutions.com/,vtbikesolutions.com,Bicycle rack,Bicycle rack,Yes,,,open,"Friday, Open 24 hours; Saturday, Open 24 hours; Sunday, Open 24 hours; Monday, Open 24 hours; Tuesday, Open 24 hours; Wednesday, Open 24 hours; Thursday, Open 24 hours; ",Open 24 hours,Open 24 hours,Open 24 hours,Open 24 hours,Open 24 hours,Open 24 hours,Open 24 hours,Lat 43.5927079,Lng -72.97959639999999,https://www.google.com/maps/place/?q=place_id:ChIJs0FGA60l4IkRkjaDCGdEPos,https://www.google.com/search?kgmid=/g/11nnlwzz64,https://lh5.googleusercontent.com/p/AF1QipPoYNq_UYMRJwNK0v39851jDkqU5vPaTrxZJfVg,"https://t1.gstatic.com/faviconV2?client=SOCIAL&type=FAVICON&fallback_opts=TYPE,SIZE,URL&url=https://www.vtbikesolutions.com/&size=48", ,,https://www.facebook.com/vtbikesolutions, ,,https://www.youtube.com/@vtbikesolutions360
Woodstock Wheels,54 River St  Woodstock  VT 05091  United States,54 River St,Woodstock,5091,Vermont,US,America/New_York,18022819012,,http://www.woodstockwheels.com/,woodstockwheels.com,Bicycle rental service,Bicycle Shop,Yes,102,4.9,open,"Saturday, 10 AM-5 PM; Sunday, 10 AM-5 PM; Monday, 10 AM-5 PM; Tuesday, Closed; Wednesday, Closed; Thursday, 9 AM-2 PM; Friday, 10 AM-5 PM; ",10 AM-5 PM,10 AM-5 PM,10 AM-5 PM,Closed,Closed,9 AM-2 PM,10 AM-5 PM,Lat 43.6218479,Lng -72.52688359999999,https://www.google.com/maps/place/?q=place_id:ChIJd0gbDQ3HlC8RNutdnVg-Zmo,https://www.google.com/search?kgmid=/g/11q2pgg5gw,https://lh5.googleusercontent.com/p/AF1QipNhxKu6d5PgJJCmfvlt-CS_yRyg9VAiAm4DD7zo,"https://t1.gstatic.com/faviconV2?client=SOCIAL&type=FAVICON&fallback_opts=TYPE,SIZE,URL&url=http://www.woodstockwheels.com/&size=48","https://search.google.com/local/reviews?placeid=ChIJd0gbDQ3HlC8RNutdnVg-Zmo&q=bicycle+shop+near+Jacksonville+village,+Vermont,+USA&authuser=0&hl=en",,https://www.facebook.com/woodstock.wheels.3, ,https://www.instagram.com/woodstock_wheels/,
Kurt’s Bike Shop,165 Sawyer Needham Rd  Whiting  VT 05778  United States,165 Sawyer Needham Rd,Whiting,5778,Vermont,US,America/New_York,18029898641,,http://www.kurtsbikeshop.com/,kurtsbikeshop.com,Bicycle rental service, ,Yes,2,5,open,"Saturday, 6 AM-6 PM; Sunday, 6 AM-6 PM; Monday, 6 AM-6 PM; Tuesday, 6 AM-6 PM; Wednesday, 6 AM-6 PM; Thursday, 6 AM-6 PM; Friday, 6 AM-6 PM; ",6 AM-6 PM,6 AM-6 PM,6 AM-6 PM,6 AM-6 PM,6 AM-6 PM,6 AM-6 PM,6 AM-6 PM,Lat 43.8432932,Lng -73.167052,https://www.google.com/maps/place/?q=place_id:ChIJjyYTKjJPtUwRDmq4eX8rcSE,https://www.google.com/search?kgmid=/g/11jxnmfc0n,https://lh5.googleusercontent.com/p/AF1QipNemTI2uE_VOOE9C73-uVGbx4dKMlSIgdXNNQVA,"https://t1.gstatic.com/faviconV2?client=SOCIAL&type=FAVICON&fallback_opts=TYPE,SIZE,URL&url=http://www.kurtsbikeshop.com/&size=48","https://search.google.com/local/reviews?placeid=ChIJjyYTKjJPtUwRDmq4eX8rcSE&q=bicycle+shop+near+Jacksonville+village,+Vermont,+USA&authuser=0&hl=en",, , ,,
Local Motion Bike Rentals,1 Steele St #103  Burlington  VT 05401  United States,1 Steele St #103,Burlington,5401,Vermont,US,America/New_York,18026522453,,https://www.localmotion.org/bike_rentals,localmotion.org,Bicycle rental service,Non-profit organization,Yes,402,4.8,open,"Saturday, 9 AM-6 PM; Sunday, 9 AM-6 PM; Monday, 9 AM-6 PM; Tuesday, 9 AM-6 PM; Wednesday, 9 AM-6 PM; Thursday, 9 AM-6 PM; Friday, 9 AM-6 PM; ",9 AM-6 PM,9 AM-6 PM,9 AM-6 PM,9 AM-6 PM,9 AM-6 PM,9 AM-6 PM,9 AM-6 PM,Lat 44.4748278,Lng -73.2194178,https://www.google.com/maps/place/?q=place_id:ChIJUToZHQd7ykwRWxB7SNZMTVI,https://www.google.com/search?kgmid=/g/1tgc9415,https://lh5.googleusercontent.com/p/CIHM0ogKEICAgID4sNXSEQ,"https://t1.gstatic.com/faviconV2?client=SOCIAL&type=FAVICON&fallback_opts=TYPE,SIZE,URL&url=https://www.localmotion.org/bike_rentals&size=48","https://search.google.com/local/reviews?placeid=ChIJUToZHQd7ykwRWxB7SNZMTVI&q=bicycle+shop+near+Chesterfield,+New+York,+USA&authuser=0&hl=en",, , ,,
Elevation Cyclery,427 Ski Lodge Drive  Huntington  VT 05462  United States,427 Ski Lodge Drive,Huntington,5462,Vermont,US,America/New_York,18023919801,,https://www.elevationcyclery.com/,elevationcyclery.com,Bicycle repair shop, ,Yes,3,5,open, ,,,,,,,,Lat 44.352153699999995,Lng -73.02904269999999,https://www.google.com/maps/place/?q=place_id:ChIJDWiG_vSBtUwR7jys9lkoZcY,https://www.google.com/search?kgmid=/g/11xdlmz0qf,https://lh5.googleusercontent.com/p/AF1QipOMYESTdEaSzxibsBXm9U94Vex_rjzZTLu8ZFuh,"https://t1.gstatic.com/faviconV2?client=SOCIAL&type=FAVICON&fallback_opts=TYPE,SIZE,URL&url=https://www.elevationcyclery.com/&size=48","https://search.google.com/local/reviews?placeid=ChIJDWiG_vSBtUwR7jys9lkoZcY&q=bicycle+shop+near+Albany+village,+Vermont,+USA&authuser=0&hl=en",,https://www.google.com/url?q=https%3A%2F%2Fwww.facebook.com%2Felevationcyclery%2F&sa=D&sntz=1&usg=AOvVaw07A-SLKCDsRl0e7zxeXYUd, ,https://www.google.com/url?q=https%3A%2F%2Fwww.instagram.com%2Felevationcyclery%2F&sa=D&sntz=1&usg=AOvVaw2RdVAcb4DYiYu4xL9nz7eJ,
Little City Cycles,62 Meigs Rd  Vergennes  VT 05491  United States,62 Meigs Rd,Vergennes,5491,Vermont,US,America/New_York,18028773000,,http://www.littlecitycycles.com/,littlecitycycles.com,Bicycle repair shop, ,No,43,5,open,"Saturday, 10 AM-5 PM; Sunday, Closed; Monday, Closed; Tuesday, 10 AM-6 PM; Wednesday, 10 AM-6 PM; Thursday, Closed; Friday, 10 AM-6 PM; ",10 AM-5 PM,Closed,Closed,10 AM-6 PM,10 AM-6 PM,Closed,10 AM-6 PM,Lat 44.179751499999995,Lng -73.2472903,https://www.google.com/maps/place/?q=place_id:ChIJgUcEsYKdykwR49gZuhc4_rQ,https://www.google.com/search?kgmid=/g/1tjz7kss,https://lh5.googleusercontent.com/p/CIHM0ogKEICAgICEqeH5bw,"https://t1.gstatic.com/faviconV2?client=SOCIAL&type=FAVICON&fallback_opts=TYPE,SIZE,URL&url=http://www.littlecitycycles.com/&size=48",https://search.google.com/local/reviews?placeid=ChIJgUcEsYKdykwR49gZuhc4_rQ&q=Little+City+Cycles&authuser=0&hl=en,,http://www.facebook.com/pages/Little-City-Cycles/131033156906947, ,,
Newport Bicycles,142 Cottage St  Newport  VT 05855  United States,142 Cottage St,Newport,5855,Vermont,US,America/New_York,18023301319,,https://topusalink.top/details/newport-bicycles-ChIJKwv,topusalink.top,Bicycle repair shop, ,Yes,13,5,open,"Friday, 10 AM-4 PM; Saturday, 10 AM-3 PM; Sunday, Closed; Monday, Closed; Tuesday, 10 AM-4 PM; Wednesday, 10 AM-4 PM; Thursday, 10 AM-4 PM; ",10 AM-3 PM,Closed,Closed,10 AM-4 PM,10 AM-4 PM,10 AM-4 PM,10 AM-4 PM,Lat 44.9312793,Lng -72.2123599,https://www.google.com/maps/place/?q=place_id:ChIJKwvDDaxxtkwRYlj8Y4eNOoM,https://www.google.com/search?kgmid=/g/11vdkkwccd,https://lh5.googleusercontent.com/p/AF1QipNjZHSWZKdYiLwbsCw2YZEtZ_Ph3sLWignwqChv,"https://t1.gstatic.com/faviconV2?client=SOCIAL&type=FAVICON&fallback_opts=TYPE,SIZE,URL&url=https://topusalink.top/details/newport-bicycles-ChIJKwv&size=48","https://search.google.com/local/reviews?placeid=ChIJKwvDDaxxtkwRYlj8Y4eNOoM&q=bicycle+shop+near+Newport,+Vermont,+USA&authuser=0&hl=en",, , ,,
Four Mountain Cycles LLC,5700 Vermont Rte 100 Suite C8 #877  Londonderry  VT 05148  United States,5700 Vermont Rte 100 Suite C8 #877,Londonderry,5148,Vermont,US,America/New_York,18022307740,,https://www.fourmountaincycles.com/,fourmountaincycles.com,Bicycle repair shop,Bicycle Shop,Yes,11,5,open, ,,,,,,,,Lat 43.228102199999995,Lng -72.81566889999999,https://www.google.com/maps/place/?q=place_id:ChIJlT-tP15X4IkRtI2zy8mrWGY,https://www.google.com/search?kgmid=/g/11hg2w4dr3,https://lh5.googleusercontent.com/p/AF1QipNZtj4-IBS5I7XkQbIDrokvfYKF1bO0w0MtLTKQ,"https://t1.gstatic.com/faviconV2?client=SOCIAL&type=FAVICON&fallback_opts=TYPE,SIZE,URL&url=https://www.fourmountaincycles.com/&size=48","https://search.google.com/local/reviews?placeid=ChIJlT-tP15X4IkRtI2zy8mrWGY&q=bicycle+shop+near+Jacksonville+village,+Vermont,+USA&authuser=0&hl=en",,https://www.facebook.com/fourmountaincyles, ,https://www.instagram.com/fourmtncycles,
Porcupine Bikes,144 Main St #1  Poultney  VT 05764  United States,144 Main St #1,Poultney,5764,Vermont,US,America/New_York,18028848429,,http://www.porcupinebikes.com/,porcupinebikes.com,Bicycle repair shop, ,Yes,21,5,open,"Saturday, 10 AM-5 PM; Sunday, Closed; Monday, Closed; Tuesday, Closed; Wednesday, 10 AM-5 PM; Thursday, 10 AM-5 PM; Friday, 10 AM-5 PM; ",10 AM-5 PM,Closed,Closed,Closed,10 AM-5 PM,10 AM-5 PM,10 AM-5 PM,Lat 43.517219999999995,Lng -73.235739,https://www.google.com/maps/place/?q=place_id:ChIJQ3bOOSwT4IkRAfaJ3VPW2mg,https://www.google.com/search?kgmid=/g/11v0hbdpby,https://lh5.googleusercontent.com/p/CIHM0ogKEICAgIDHpPb43QE,"https://t1.gstatic.com/faviconV2?client=SOCIAL&type=FAVICON&fallback_opts=TYPE,SIZE,URL&url=http://www.porcupinebikes.com/&size=48","https://search.google.com/local/reviews?placeid=ChIJQ3bOOSwT4IkRAfaJ3VPW2mg&q=bicycle+shop+near+Rutland,+New+York,+USA&authuser=0&hl=en",,https://www.facebook.com/porcupinebikes, ,https://www.instagram.com/porcupinebikes/,
The Kingdom Bike Shop,4041 US-5  West Burke  VT 05871  United States,4041 US-5,West Burke,5871,Vermont,US,America/New_York,18022745797,,http://www.thekingdombikeshop.com/,thekingdombikeshop.com,Bicycle repair shop,Cafe,Yes,12,4.9,open,"Saturday, 8 AM-4 PM; Sunday, 8 AM-4 PM; Monday, Closed; Tuesday, Closed; Wednesday, 8 AM-6 PM; Thursday, 8 AM-6 PM; Friday, 8 AM-6 PM; ",8 AM-4 PM,8 AM-4 PM,Closed,Closed,8 AM-6 PM,8 AM-6 PM,8 AM-6 PM,Lat 44.641422999999996,Lng -71.979582,https://www.google.com/maps/place/?q=place_id:ChIJy0SHLCIvtEwRebQnSLC6hzw,https://www.google.com/search?kgmid=/g/11t79k7rtk,https://lh5.googleusercontent.com/p/CIABIhDaGX4CzBBppbkioH0pHza5,"https://t1.gstatic.com/faviconV2?client=SOCIAL&type=FAVICON&fallback_opts=TYPE,SIZE,URL&url=http://www.thekingdombikeshop.com/&size=48","https://search.google.com/local/reviews?placeid=ChIJy0SHLCIvtEwRebQnSLC6hzw&q=bicycle+shop+near+Jacksonville+village,+Vermont,+USA&authuser=0&hl=en",, , , , 
Brattleboro Bicycle Shop,165 Main St  Brattleboro  VT 05301  United States,165 Main St,Brattleboro,5301,Vermont,US,America/New_York,18022548644,,http://www.bratbike.com/,bratbike.com,Bicycle store,Bicycle rental service,Yes,25,3.9,open,"Saturday, 10:30 AM-4 PM; Sunday, Closed; Monday, 10:30 AM-5:30 PM; Tuesday, 10:30 AM-5:30 PM; Wednesday, 12-5:30 PM; Thursday, 10:30 AM-5:30 PM; Friday, 10:30 AM-5:30 PM; ",10:30 AM-4 PM,Closed,10:30 AM-5:30 PM,10:30 AM-5:30 PM,12-5:30 PM,10:30 AM-5:30 PM,10:30 AM-5:30 PM,Lat 42.8533283,Lng -72.558418,https://www.google.com/maps/place/?q=place_id:ChIJ0xHrz08a4YkReV7xonw_6dw,https://www.google.com/search?kgmid=/g/1vf9dcd6,https://lh5.googleusercontent.com/p/AF1QipOjZygzDYQDH02AeLGlemfjKFG5jFYALdEqECDP,"https://t1.gstatic.com/faviconV2?client=SOCIAL&type=FAVICON&fallback_opts=TYPE,SIZE,URL&url=http://www.bratbike.com/&size=48","https://search.google.com/local/reviews?placeid=ChIJ0xHrz08a4YkReV7xonw_6dw&q=bicycle+shop+near+Jacksonville+village,+Vermont,+USA&authuser=0&hl=en",,https://www.facebook.com/bratbike, ,,
DownValley Bikes,10 Merchants Row  Rutland  VT 05701  United States,10 Merchants Row,Rutland,5701,Vermont,US,America/New_York,18023425848,,http://www.downvalleyvt.squarespace.com/,downvalleyvt.squarespace.com,Bicycle store, ,Yes,18,4.8,open,"Saturday, 1-6 PM; Sunday, 1-6 PM; Monday, Closed; Tuesday, Closed; Wednesday, 1-6 PM; Thursday, 1-6 PM; Friday, 1-6 PM; ",1-6 PM,1-6 PM,Closed,Closed,1-6 PM,1-6 PM,1-6 PM,Lat 43.6091465,Lng -72.9805882,https://www.google.com/maps/place/?q=place_id:ChIJ2aFhVy8l4IkRe2hlV6XZHIc,https://www.google.com/search?kgmid=/g/11svgj81k1,https://lh5.googleusercontent.com/p/CIHM0ogKEICAgICZ7ZTALQ,"https://t1.gstatic.com/faviconV2?client=SOCIAL&type=FAVICON&fallback_opts=TYPE,SIZE,URL&url=http://www.downvalleyvt.squarespace.com/&size=48","https://search.google.com/local/reviews?placeid=ChIJ2aFhVy8l4IkRe2hlV6XZHIc&q=bicycle+shop+near+Rutland,+New+York,+USA&authuser=0&hl=en",,https://m.facebook.com/profile.php?id=100090794285814&refid=13&__tn__=%2Cg, ,http://instagram.com/downvalleyvt,
Mountain Trail Paddle Board and Bikes,69 Creek Farm Rd Suite 2  Colchester  VT 05446  United States,69 Creek Farm Rd Suite 2,Colchester,5446,Vermont,US,America/New_York,18025039418,,http://www.mountaintrailpaddleboard.com/,mountaintrailpaddleboard.com,Bicycle store, ,Yes,3,5,open,"Saturday, 12-3 PM; Sunday, 12-3 PM; Monday, Closed; Tuesday, Closed; Wednesday, 12-5 PM; Thursday, 12-5 PM; Friday, 12-5 PM; ",12-3 PM,12-3 PM,Closed,Closed,12-5 PM,12-5 PM,12-5 PM,Lat 44.5510224,Lng -73.1651459,https://www.google.com/maps/place/?q=place_id:ChIJ2bwWPWFxykwRfuitcGvyiWg,https://www.google.com/search?kgmid=/g/11q_c9_m0q,https://lh5.googleusercontent.com/p/CIABIhDhxOLoPvjvdDfAGc5umzez,"https://t1.gstatic.com/faviconV2?client=SOCIAL&type=FAVICON&fallback_opts=TYPE,SIZE,URL&url=http://www.mountaintrailpaddleboard.com/&size=48","https://search.google.com/local/reviews?placeid=ChIJ2bwWPWFxykwRfuitcGvyiWg&q=bicycle+shop+near+Enosburg+Falls+village,+Vermont,+USA&authuser=0&hl=en",18025039418,https://www.facebook.com/Mountaintrailpaddleboard, ,https://www.instagram.com/mtn_trail_paddle_board_bikes/,
Winooski Wheels,12 W Canal St Apt 1  Winooski  VT 05404  United States,12 W Canal St Apt 1,Winooski,5404,Vermont,US,America/New_York,18024885175,,http://www.winooskiwheels.com/,winooskiwheels.com,Bicycle store, ,Yes,31,5,open,"Saturday, 11 AM-4 PM; Sunday, Closed; Monday, Closed; Tuesday, 10 AM-1 PM | 2-6 PM; Wednesday, 10 AM-1 PM | 2-5:30 PM; Thursday, 10 AM-1 PM | 2-6 PM; Friday, 10 AM-1 PM | 2-6 PM; ",11 AM-4 PM,Closed,Closed,10 AM-1 PM | 2-6 PM,10 AM-1 PM | 2-5:30 PM,10 AM-1 PM | 2-6 PM,10 AM-1 PM | 2-6 PM,Lat 44.4900865,Lng -73.18706569999999,https://www.google.com/maps/place/?q=place_id:ChIJ9bSKG8x7ykwRE_BCJzdiq3o,https://www.google.com/search?kgmid=/g/11k51drklk,https://lh5.googleusercontent.com/p/CIHM0ogKEICAgICR5aWesQE,"https://t1.gstatic.com/faviconV2?client=SOCIAL&type=FAVICON&fallback_opts=TYPE,SIZE,URL&url=http://www.winooskiwheels.com/&size=48","https://search.google.com/local/reviews?placeid=ChIJ9bSKG8x7ykwRE_BCJzdiq3o&q=bicycle+shop+near+Chesterfield,+New+York,+USA&authuser=0&hl=en",,https://www.facebook.com/WinooskiWheels, ,https://www.instagram.com/winooski_wheels,
Earl's Cyclery & Fitness,2069 Williston Rd  South Burlington  VT 05403  United States,2069 Williston Rd,South Burlington,5403,Vermont,US,America/New_York,18028649197,,https://earlsbikes.com/?utm_source=google_business&utm_medium=organic&utm_campaign=gmb_website,earlsbikes.com,Bicycle store,Bicycle repair shop,Yes,558,4.9,open,"Saturday, 10 AM-5 PM; Sunday, 12-4 PM; Monday, Closed; Tuesday, 10 AM-6 PM; Wednesday, 10 AM-6 PM; Thursday, 10 AM-6 PM; Friday, 10 AM-6 PM; ",10 AM-5 PM,12-4 PM,Closed,10 AM-6 PM,10 AM-6 PM,10 AM-6 PM,10 AM-6 PM,Lat 44.4581051,Lng -73.1461843,https://www.google.com/maps/place/?q=place_id:ChIJAcRoD595ykwR_Pa2tRXFiLw,https://www.google.com/search?kgmid=/g/1tdhdmqk,https://lh5.googleusercontent.com/p/CIHM0ogKEICAgICEhMjqCQ,"https://t1.gstatic.com/faviconV2?client=SOCIAL&type=FAVICON&fallback_opts=TYPE,SIZE,URL&url=https://earlsbikes.com/?utm_source=google_business&utm_medium=organic&utm_campaign=gmb_website&size=48","https://search.google.com/local/reviews?placeid=ChIJAcRoD595ykwR_Pa2tRXFiLw&q=bicycle+shop+near+Swanton+village,+Vermont,+USA&authuser=0&hl=en",8028649197,https://www.facebook.com/EarlsCyclery/, ,https://www.instagram.com/earlscyclery/,https://www.youtube.com/channel/UCNG39AciAxPpvzgSYhgIEUg
Route 4 Bikes,0 Maxham Meadow Way  Woodstock  VT 05091  United States,0 Maxham Meadow Way,Woodstock,5091,Vermont,US,America/New_York,18024784868,,https://www.route4bikes.com/,route4bikes.com,Bicycle store, ,Yes,7,5,open,"Saturday, Closed; Sunday, Closed; Monday, 10 AM-4 PM; Tuesday, 10 AM-3 PM; Wednesday, 10 AM-4 PM; Thursday, 10 AM-4 PM; Friday, 10 AM-4 PM; ",Closed,Closed,10 AM-4 PM,10 AM-3 PM,10 AM-4 PM,10 AM-4 PM,10 AM-4 PM,Lat 43.6275913,Lng -72.5079619,https://www.google.com/maps/place/?q=place_id:ChIJaRRb7LPZ4YkRftSJ1Obv4uY,https://www.google.com/search?kgmid=/g/11vrw07vr9,https://lh5.googleusercontent.com/p/CIHM0ogKEICAgICLtI24vAE,"https://t1.gstatic.com/faviconV2?client=SOCIAL&type=FAVICON&fallback_opts=TYPE,SIZE,URL&url=https://www.route4bikes.com/&size=48","https://search.google.com/local/reviews?placeid=ChIJaRRb7LPZ4YkRftSJ1Obv4uY&q=bicycle+shop+near+Jacksonville+village,+Vermont,+USA&authuser=0&hl=en",, , ,,
Bicycle Express,23 Commercial Dr  Waterbury  VT 05676  United States,23 Commercial Dr,Waterbury,5676,Vermont,US,America/New_York,18028828289,,http://bikeexpressvt.com/,bikeexpressvt.com,Bicycle store,Bicycle rack,Yes,104,5,open,"Saturday, 10 AM-5 PM; Sunday, Closed; Monday, 10 AM-6 PM; Tuesday, 10 AM-6 PM; Wednesday, 10 AM-6 PM; Thursday, 10 AM-6 PM; Friday, 10 AM-6 PM; ",10 AM-5 PM,Closed,10 AM-6 PM,10 AM-6 PM,10 AM-6 PM,10 AM-6 PM,10 AM-6 PM,Lat 44.326277999999995,Lng -72.744767,https://www.google.com/maps/place/?q=place_id:ChIJAVqHEqQPtUwRJFuVcmHO-bQ,https://www.google.com/search?kgmid=/g/1tc_w5zy,https://lh5.googleusercontent.com/p/AF1QipN9q5bshiRxPUdOJgNzTZo9Pyk5N5eeiyGdXJK_,"https://t1.gstatic.com/faviconV2?client=SOCIAL&type=FAVICON&fallback_opts=TYPE,SIZE,URL&url=http://bikeexpressvt.com/&size=48","https://search.google.com/local/reviews?placeid=ChIJAVqHEqQPtUwRJFuVcmHO-bQ&q=bicycle+shop+near+Northfield+village,+Vermont,+USA&authuser=0&hl=en",1-802-882-8289,https://www.facebook.com/bikeexpressvt, ,https://www.instagram.com/reel/DGloFnMC7ph/?utm_source=ig_embed&utm_campaign=loading,
Hitchhiker Bike Shop,394 Mountain Rd #6  Stowe  VT 05672  United States,394 Mountain Rd #6,Stowe,5672,Vermont,US,America/New_York,18025853344,,http://hitchhikerbikes.com/,hitchhikerbikes.com,Bicycle store, ,Yes,98,5,open,"Saturday, 10 AM-5 PM; Sunday, Closed; Monday, Closed; Tuesday, 10 AM-5 PM; Wednesday, 10 AM-5 PM; Thursday, 10 AM-5 PM; Friday, 10 AM-5 PM; ",10 AM-5 PM,Closed,Closed,10 AM-5 PM,10 AM-5 PM,10 AM-5 PM,10 AM-5 PM,Lat 44.4710745,Lng -72.6867018,https://www.google.com/maps/place/?q=place_id:ChIJd7kHlQ6_tUwRwzG08GJkRU0,https://www.google.com/search?kgmid=/g/11jb38l2zb,https://lh5.googleusercontent.com/p/AF1QipOxKy2JZUk4r_QhVr2eEyL9pnK9DG_u5XB1G2Qj,"https://t1.gstatic.com/faviconV2?client=SOCIAL&type=FAVICON&fallback_opts=TYPE,SIZE,URL&url=http://hitchhikerbikes.com/&size=48","https://search.google.com/local/reviews?placeid=ChIJd7kHlQ6_tUwRwzG08GJkRU0&q=bicycle+shop+near+Northfield+village,+Vermont,+USA&authuser=0&hl=en",1-802-585-3344,https://www.facebook.com/hitchhikerbikeshop, ,https://www.instagram.com/hitchhikerbikeshop/?hl=en,
Vermont Bicycle Shop,42 Summer St  Barre  VT 05641  United States,42 Summer St,Barre,5641,Vermont,US,America/New_York,18026228222,,http://www.vermontbicycleshop.com/,vermontbicycleshop.com,Bicycle store,Bicycle repair shop,Yes,47,4.9,open,"Saturday, 9 AM-4 PM; Sunday, Closed; Monday, Closed; Tuesday, 9:30 AM-6:30 PM; Wednesday, 9:30 AM-6:30 PM; Thursday, 9:30 AM-6:30 PM; Friday, 9:30 AM-6:30 PM; ",9 AM-4 PM,Closed,Closed,9:30 AM-6:30 PM,9:30 AM-6:30 PM,9:30 AM-6:30 PM,9:30 AM-6:30 PM,Lat 44.200358,Lng -72.5029309,https://www.google.com/maps/place/?q=place_id:ChIJfyTm8doGtUwRFbnqvsoIA1Y,https://www.google.com/search?kgmid=/g/11cmd3bnqm,https://lh5.googleusercontent.com/p/AF1QipN8xkcoARLKKi9PHNjanE0-2rAHmrD3L0RcXhw7,"https://t1.gstatic.com/faviconV2?client=SOCIAL&type=FAVICON&fallback_opts=TYPE,SIZE,URL&url=http://www.vermontbicycleshop.com/&size=48","https://search.google.com/local/reviews?placeid=ChIJfyTm8doGtUwRFbnqvsoIA1Y&q=bicycle+shop+near+Swanton+village,+Vermont,+USA&authuser=0&hl=en",8026228222,https://www.facebook.com/vermontbicycleshop, ,https://www.instagram.com/vermontbicycleshop/,https://www.youtube.com/@vermontbicycleshop
Mountain Trail Paddle Board And Bikes,69 Creek Farm Rd Ste 2 Side  Colchester  VT 05446  United States,69 Creek Farm Rd Ste 2 Side,Colchester,5446,Vermont,US,America/New_York,18025039418,,http://www.mountaintrailpaddleboard.com/,mountaintrailpaddleboard.com,Bicycle store,Bicycle repair shop,Yes,17,4.8,open,"Saturday, 12-3 PM; Sunday, 12-3 PM; Monday, Closed; Tuesday, Closed; Wednesday, 12-5 PM; Thursday, 12-5 PM; Friday, 12-5 PM; ",12-3 PM,12-3 PM,Closed,Closed,12-5 PM,12-5 PM,12-5 PM,Lat 44.551015899999996,Lng -73.1651527,https://www.google.com/maps/place/?q=place_id:ChIJh7CHW4pwykwRsEhPXyO7svU,https://www.google.com/search?kgmid=/g/11c1nctc53,https://lh5.googleusercontent.com/p/AF1QipPSw3KYc7bN2VO78o3pF0HW71e6xjN-m2ueKYua,"https://t1.gstatic.com/faviconV2?client=SOCIAL&type=FAVICON&fallback_opts=TYPE,SIZE,URL&url=http://www.mountaintrailpaddleboard.com/&size=48","https://search.google.com/local/reviews?placeid=ChIJh7CHW4pwykwRsEhPXyO7svU&q=bicycle+shop+near+Chesterfield,+New+York,+USA&authuser=0&hl=en",18025039418,https://www.facebook.com/Mountaintrailpaddleboard, ,https://www.instagram.com/mtn_trail_paddle_board_bikes/,
Monkamoo DH  Freeride  and EBike Mountain Bike Parts,561 Maple Hill Rd  Johnson  VT 05656  United States,561 Maple Hill Rd,Johnson,5656,Vermont,US,America/New_York,18025851963,,http://www.monkamoo.com/,monkamoo.com,Bicycle store,Sporting goods store,Yes,,,open,"Saturday, Closed; Sunday, Closed; Monday, 10 AM-5 PM; Tuesday, 10 AM-5 PM; Wednesday, 10 AM-5 PM; Thursday, 10 AM-5 PM; Friday, 10 AM-5 PM; ",Closed,Closed,10 AM-5 PM,10 AM-5 PM,10 AM-5 PM,10 AM-5 PM,10 AM-5 PM,Lat 44.6208623,Lng -72.6531306,https://www.google.com/maps/place/?q=place_id:ChIJh841KmmWtUwROixlQDF0oU0,https://www.google.com/search?kgmid=/g/1vpfj4gk,https://lh5.googleusercontent.com/p/WFBlgEg19l_52_EKwKYIJg,"https://t1.gstatic.com/faviconV2?client=SOCIAL&type=FAVICON&fallback_opts=TYPE,SIZE,URL&url=http://www.monkamoo.com/&size=48", ,,https://www.facebook.com/monkamoomtb/, ,https://instagram.com/monkamoomtb?igshid=z4vuzy0u4ty4,
Chucks Bikes,45 Bridge St  Morristown  VT 05661  United States,45 Bridge St,Morristown,5661,Vermont,US,America/New_York,18028887642,,http://chucksbikes802.com/,chucksbikes802.com,Bicycle store, ,Yes,109,5,open,"Saturday, 10 AM-3 PM; Sunday, Closed; Monday, 10 AM-5 PM; Tuesday, 10 AM-5 PM; Wednesday, 10 AM-5 PM; Thursday, 10 AM-5 PM; Friday, 10 AM-5 PM; ",10 AM-3 PM,Closed,10 AM-5 PM,10 AM-5 PM,10 AM-5 PM,10 AM-5 PM,10 AM-5 PM,Lat 44.5634278,Lng -72.5993661,https://www.google.com/maps/place/?q=place_id:ChIJh-TUF7XqtUwRHdYNiDhh1CE,https://www.google.com/search?kgmid=/g/1tczdhsk,https://lh5.googleusercontent.com/p/CIHM0ogKEICAgIC5otrcbQ,"https://t1.gstatic.com/faviconV2?client=SOCIAL&type=FAVICON&fallback_opts=TYPE,SIZE,URL&url=http://chucksbikes802.com/&size=48","https://search.google.com/local/reviews?placeid=ChIJh-TUF7XqtUwRHdYNiDhh1CE&q=bicycle+shop+near+Northfield+village,+Vermont,+USA&authuser=0&hl=en",,https://www.facebook.com/chucksbikes802, ,https://www.instagram.com/chucksbikes,
Bespoke Bikes & Everyday Special Things LLC,12 Main St  Essex Junction  VT 05452  United States,12 Main St,Essex Junction,5452,Vermont,US,America/New_York,18023307108,,https://www.bespokebest.net/,bespokebest.net,Bicycle store, ,Yes,8,5,open,"Saturday, 11 AM-5 PM; Sunday, Closed; Monday, Closed; Tuesday, 10 AM-6 PM; Wednesday, 10 AM-6 PM; Thursday, 10 AM-6 PM; Friday, 10 AM-6 PM; ",11 AM-5 PM,Closed,Closed,10 AM-6 PM,10 AM-6 PM,10 AM-6 PM,10 AM-6 PM,Lat 44.4912073,Lng -73.1101857,https://www.google.com/maps/place/?q=place_id:ChIJJ8HoBFB3ykwR9gup4jRpHS0,https://www.google.com/search?kgmid=/g/11y3qg0sg0,https://lh5.googleusercontent.com/p/AF1QipNMj5hV84Rm644B4QTA5ASr8Ym1T7rl0uhRTNe4,"https://t1.gstatic.com/faviconV2?client=SOCIAL&type=FAVICON&fallback_opts=TYPE,SIZE,URL&url=https://www.bespokebest.net/&size=48","https://search.google.com/local/reviews?placeid=ChIJJ8HoBFB3ykwR9gup4jRpHS0&q=bicycle+shop+near+Chesterfield,+New+York,+USA&authuser=0&hl=en",,https://www.facebook.com/profile.php?id=61559469597328, ,https://www.instagram.com/bespokebest/?hl=en,
Upper Valley Bike Company LLC,160 Palmer Ct Unit 1B  White River Junction  VT 05001  United States,160 Palmer Ct Unit 1B,White River Junction,5001,Vermont,US,America/New_York,,,https://uppervalleybike.com/,uppervalleybike.com,Bicycle store,Bicycle repair shop,Yes,2,5,open,"Saturday, Closed; Sunday, Closed; Monday, 8:30 AM-2 PM; Tuesday, 8:30 AM-2 PM; Wednesday, 8:30 AM-2 PM; Thursday, Closed; Friday, Closed; ",Closed,Closed,8:30 AM-2 PM,8:30 AM-2 PM,8:30 AM-2 PM,Closed,Closed,Lat 43.6960907,Lng -72.3214083,https://www.google.com/maps/place/?q=place_id:ChIJJdJJSJWZAUMRxLJUMbg7ypk,https://www.google.com/search?kgmid=/g/11xzwbghzm,https://lh5.googleusercontent.com/p/AF1QipPzG73k5bt9rRiwmqloF0bZeFrjkcOVjfx5Pz38,"https://t1.gstatic.com/faviconV2?client=SOCIAL&type=FAVICON&fallback_opts=TYPE,SIZE,URL&url=https://uppervalleybike.com/&size=48","https://search.google.com/local/reviews?placeid=ChIJJdJJSJWZAUMRxLJUMbg7ypk&q=bicycle+shop+near+Enosburg+Falls+village,+Vermont,+USA&authuser=0&hl=en",, , ,,
RAD-Innovations LLC,2170 Vermont Rte 125 Suite A  Cornwall  VT 05753  United States,2170 Vermont Rte 125 Suite A,Cornwall,5753,Vermont,US,America/New_York,18023820093,,https://www.rad-innovations.com/,rad-innovations.com,Bicycle store,Bicycle wholesaler,Yes,12,4.7,open,"Saturday, Closed; Sunday, Closed; Monday, 9 AM-6 PM; Tuesday, 9 AM-6 PM; Wednesday, 9 AM-6 PM; Thursday, 9 AM-6 PM; Friday, 9 AM-6 PM; ",Closed,Closed,9 AM-6 PM,9 AM-6 PM,9 AM-6 PM,9 AM-6 PM,9 AM-6 PM,Lat 43.9995362,Lng -73.2248877,https://www.google.com/maps/place/?q=place_id:ChIJKd3tHyNctUwR-cFArjXh_cw,https://www.google.com/search?kgmid=/g/11c2y88gyf,https://lh5.googleusercontent.com/p/AF1QipNeT-eG1zQU4KAMfwEeUgkKwCXrVkQMx4gOOlZY,"https://t1.gstatic.com/faviconV2?client=SOCIAL&type=FAVICON&fallback_opts=TYPE,SIZE,URL&url=https://www.rad-innovations.com/&size=48","https://search.google.com/local/reviews?placeid=ChIJKd3tHyNctUwR-cFArjXh_cw&q=bicycle+shop+near+Perkinsville+village,+Vermont,+USA&authuser=0&hl=en",8023820093,https://www.facebook.com/RAD-Innovations-LLC-178190695559014/,https://twitter.com/radinnovations1,https://www.instagram.com/radinnovations/,https://www.youtube.com/channel/UC10N5T2QQEt1Tx6gM5gh-0g/
Burrows Sports,105 Main St  Brattleboro  VT 05301  United States,105 Main St,Brattleboro,5301,Vermont,US,America/New_York,18022549430,,http://www.burrowssports.com/,burrowssports.com,Bicycle store,Bicycle repair shop,Yes,40,4.8,open,"Saturday, 10 AM-4 PM; Sunday, Closed; Monday, 10 AM-5 PM; Tuesday, 10 AM-5 PM; Wednesday, 10 AM-5 PM; Thursday, 10 AM-5 PM; Friday, 10 AM-5 PM; ",10 AM-4 PM,Closed,10 AM-5 PM,10 AM-5 PM,10 AM-5 PM,10 AM-5 PM,10 AM-5 PM,Lat 42.8523273,Lng -72.55779729999999,https://www.google.com/maps/place/?q=place_id:ChIJM-2mu08a4YkR8nkr5k-ihF0,https://www.google.com/search?kgmid=/g/1ttpc95h,https://lh5.googleusercontent.com/p/CIHM0ogKEICAgICpzp_Vcw,"https://t1.gstatic.com/faviconV2?client=SOCIAL&type=FAVICON&fallback_opts=TYPE,SIZE,URL&url=http://www.burrowssports.com/&size=48","https://search.google.com/local/reviews?placeid=ChIJM-2mu08a4YkR8nkr5k-ihF0&q=bicycle+shop+near+Jacksonville+village,+Vermont,+USA&authuser=0&hl=en",,https://www.facebook.com/BurrowsSports, ,https://www.instagram.com/burrows_sports/,
North Star Sports,100 Main St  Burlington  VT 05401  United States,100 Main St,Burlington,5401,Vermont,US,America/New_York,18028633832,,http://www.northstarsportsvt.com/,northstarsportsvt.com,Bicycle store,Bicycle rental service,Yes,138,4.8,open,"Saturday, 10 AM-5 PM; Sunday, 12-5 PM; Monday, 10 AM-5 PM; Tuesday, 10 AM-5 PM; Wednesday, 10 AM-5 PM; Thursday, 10 AM-5 PM; Friday, 10 AM-5 PM; ",10 AM-5 PM,12-5 PM,10 AM-5 PM,10 AM-5 PM,10 AM-5 PM,10 AM-5 PM,10 AM-5 PM,Lat 44.4759829,Lng -73.2153913,https://www.google.com/maps/place/?q=place_id:ChIJrewc5_l6ykwR6RcQw0kyHpA,https://www.google.com/search?kgmid=/g/1th62_pl,https://lh5.googleusercontent.com/p/AF1QipP0XAEnPV967mipasr6fRInfbLcJXTkjCMbLaNu,"https://t1.gstatic.com/faviconV2?client=SOCIAL&type=FAVICON&fallback_opts=TYPE,SIZE,URL&url=http://www.northstarsportsvt.com/&size=48","https://search.google.com/local/reviews?placeid=ChIJrewc5_l6ykwR6RcQw0kyHpA&q=bicycle+shop+near+Chesterfield,+New+York,+USA&authuser=0&hl=en",,https://www.facebook.com/BurlingtonBikePark/, ,https://www.instagram.com/northstarsports/,
Analog Cycles,188 Main St #1  Poultney  VT 05764  United States,188 Main St #1,Poultney,5764,Vermont,US,America/New_York,18022145400,,http://www.analogcycles.com/,analogcycles.com,Bicycle store, ,Yes,27,4.6,open,"Saturday, 11 AM-4 PM; Sunday, 11 AM-4 PM; Monday, 11 AM-4 PM; Tuesday, Closed; Wednesday, Closed; Thursday, 11 AM-4 PM; Friday, 11 AM-4 PM; ",11 AM-4 PM,11 AM-4 PM,11 AM-4 PM,Closed,Closed,11 AM-4 PM,11 AM-4 PM,Lat 43.5172336,Lng -73.2366481,https://www.google.com/maps/place/?q=place_id:ChIJs-C9FQsT4IkRiqsF4j3lFI8,https://www.google.com/search?kgmid=/g/11g0t6z6kw,https://lh5.googleusercontent.com/p/CIHM0ogKEICAgIDsjO-t3AE,"https://t1.gstatic.com/faviconV2?client=SOCIAL&type=FAVICON&fallback_opts=TYPE,SIZE,URL&url=http://www.analogcycles.com/&size=48","https://search.google.com/local/reviews?placeid=ChIJs-C9FQsT4IkRiqsF4j3lFI8&q=bicycle+shop+near+Rutland,+New+York,+USA&authuser=0&hl=en",,https://www.facebook.com/Analogcycles/, ,https://www.instagram.com/analogcycles/,https://www.youtube.com/@analogcycles8608
Village Sport Shop,2099 Darling Hill Rd  Lyndonville  VT 05851  United States,2099 Darling Hill Rd,Lyndonville,5851,Vermont,US,America/New_York,18026268444,,http://www.villagesportshop.com/,villagesportshop.com,Bicycle store,Bicycle rental service,Yes,63,4.8,open,"Saturday, 9 AM-5 PM; Sunday, 9 AM-5 PM; Monday, 9 AM-5 PM; Tuesday, 9 AM-5 PM; Wednesday, 9 AM-5 PM; Thursday, 9 AM-5 PM; Friday, 9 AM-5 PM; ",9 AM-5 PM,9 AM-5 PM,9 AM-5 PM,9 AM-5 PM,9 AM-5 PM,9 AM-5 PM,9 AM-5 PM,Lat 44.5736853,Lng -71.97211949999999,https://www.google.com/maps/place/?q=place_id:ChIJVzW9PPkwtEwRMszM4Pu49ks,https://www.google.com/search?kgmid=/g/1q62m0jqv,https://lh5.googleusercontent.com/p/CIHM0ogKEICAgICq4Y2GzQE,"https://t1.gstatic.com/faviconV2?client=SOCIAL&type=FAVICON&fallback_opts=TYPE,SIZE,URL&url=http://www.villagesportshop.com/&size=48","https://search.google.com/local/reviews?placeid=ChIJVzW9PPkwtEwRMszM4Pu49ks&q=bicycle+shop+near+Swanton+village,+Vermont,+USA&authuser=0&hl=en",, , , , 
East Burke Sports,05832 439 VT-114  East Burke  VT 05832  United States,05832 439 VT-114,East Burke,5832,Vermont,US,America/New_York,18026263215,,http://www.eastburkesports.com/,eastburkesports.com,Bicycle store,Bicycle rental service,Yes,103,4.6,open,"Saturday, 9 AM-5 PM; Sunday, 9 AM-5 PM; Monday, 10 AM-5 PM; Tuesday, 10 AM-5 PM; Wednesday, 10 AM-5 PM; Thursday, 10 AM-5 PM; Friday, 10 AM-5 PM; ",9 AM-5 PM,9 AM-5 PM,10 AM-5 PM,10 AM-5 PM,10 AM-5 PM,10 AM-5 PM,10 AM-5 PM,Lat 44.5883118,Lng -71.9453242,https://www.google.com/maps/place/?q=place_id:ChIJW7-Ky0EwtEwReFrWCr_S7iY,https://www.google.com/search?kgmid=/g/1wc30vj1,https://lh5.googleusercontent.com/p/CIHM0ogKEICAgIDulqKYEQ,"https://t1.gstatic.com/faviconV2?client=SOCIAL&type=FAVICON&fallback_opts=TYPE,SIZE,URL&url=http://www.eastburkesports.com/&size=48","https://search.google.com/local/reviews?placeid=ChIJW7-Ky0EwtEwReFrWCr_S7iY&q=bicycle+shop+near+Northfield+village,+Vermont,+USA&authuser=0&hl=en",,https://www.facebook.com/eastburkesports, ,https://www.instagram.com/eastburkesports/,
Bootlegger Bikes - St Albans,82 N Main St  St Albans City  VT 05478  United States,82 N Main St,St Albans City,5478,Vermont,US,America/New_York,18027828747,,http://www.bootleggerbikes.com/,bootleggerbikes.com,Bicycle store, ,Yes,21,4.6,open,"Saturday, 10 AM-4 PM; Sunday, Closed; Monday, 10 AM-2 PM; Tuesday, 10 AM-5 PM; Wednesday, 10 AM-5 PM; Thursday, 10 AM-5 PM; Friday, 10 AM-5 PM; ",10 AM-4 PM,Closed,10 AM-2 PM,10 AM-5 PM,10 AM-5 PM,10 AM-5 PM,10 AM-5 PM,Lat 44.812897,Lng -73.083285,https://www.google.com/maps/place/?q=place_id:ChIJYfRfoUobykwR6KJOnoyJnOU,https://www.google.com/search?kgmid=/g/11sym2tvrr,https://lh5.googleusercontent.com/p/CIHM0ogKEICAgIC3hIL5-wE,"https://t1.gstatic.com/faviconV2?client=SOCIAL&type=FAVICON&fallback_opts=TYPE,SIZE,URL&url=http://www.bootleggerbikes.com/&size=48","https://search.google.com/local/reviews?placeid=ChIJYfRfoUobykwR6KJOnoyJnOU&q=bicycle+shop+near+Swanton+village,+Vermont,+USA&authuser=0&hl=en",, , ,https://www.instagram.com/bootleggerbikes_st.a/,
Hase Bikes USA,2170 Vermont Rte 125 suite b  Cornwall  VT 05753  United States,2170 Vermont Rte 125 suite b,Cornwall,5753,Vermont,US,America/New_York,18023820093,,http://www.hasebikesusa.com/,hasebikesusa.com,Bicycle wholesaler, ,Yes,,,open,"Saturday, 9 AM-5 PM; Sunday, 9 AM-5 PM; Monday, 9 AM-5 PM; Tuesday, 9 AM-5 PM; Wednesday, 9 AM-5 PM; Thursday, 9 AM-5 PM; Friday, 9 AM-5 PM; ",9 AM-5 PM,9 AM-5 PM,9 AM-5 PM,9 AM-5 PM,9 AM-5 PM,9 AM-5 PM,9 AM-5 PM,Lat 43.9995362,Lng -73.2248877,https://www.google.com/maps/place/?q=place_id:ChIJHTYs2iJctUwRFSX9iWb2J0o,https://www.google.com/search?kgmid=/g/11dxl3lj0f,https://lh5.googleusercontent.com/p/AF1QipNEw33zuOR-sHGGYRNIR1OQU8OUQKhd76yXF9oY,"https://t1.gstatic.com/faviconV2?client=SOCIAL&type=FAVICON&fallback_opts=TYPE,SIZE,URL&url=http://www.hasebikesusa.com/&size=48", ,8023820093,https://www.facebook.com/HASE-Bikes-USA-1901562906794238/,https://twitter.com/HaseBikesUSA,https://www.instagram.com/hasebikesusa/,https://www.youtube.com/channel/UCqBhiiD5MpJUHEyL5aNoMeA/feed
Freeride Montpelier,89 Barre St Suite 1  Montpelier  VT 05602  United States,89 Barre St Suite 1,Montpelier,5602,Vermont,US,America/New_York,18024616129,,http://freeridemontpelier.org/,freeridemontpelier.org,Used bicycle shop,Bicycle repair shop,Yes,12,5,open,"Saturday, 10 AM-1 PM; Sunday, Closed; Monday, 1-4 PM; Tuesday, Closed; Wednesday, 1-4 PM; Thursday, Closed; Friday, 1-4 PM; ",10 AM-1 PM,Closed,1-4 PM,Closed,1-4 PM,Closed,1-4 PM,Lat 44.256201999999995,Lng -72.5739667,https://www.google.com/maps/place/?q=place_id:ChIJkYn8QPantUwR6ZFvlK4elxw,https://www.google.com/search?kgmid=/g/11gdm99r3y,https://lh5.googleusercontent.com/p/AF1QipNHp4qDVYCQtxpkOdb4hviNM6wFmYvvekHuV-l7,"https://t1.gstatic.com/faviconV2?client=SOCIAL&type=FAVICON&fallback_opts=TYPE,SIZE,URL&url=http://freeridemontpelier.org/&size=48","https://search.google.com/local/reviews?placeid=ChIJkYn8QPantUwR6ZFvlK4elxw&q=bicycle+shop+near+Northfield+village,+Vermont,+USA&authuser=0&hl=en",,https://www.facebook.com/FreerideMontpelier, ,https://www.instagram.com/freeride_montpelier/,
Killington Bike Park,4264-4448 Killington Rd  Killington  VT 05751  United States,4264-4448 Killington Rd,Killington,5751,Vermont,US,America/New_York,18006216867,,https://www.killington.com/things-to-do/activities/bike-park,killington.com,Bicycle rental service,,Yes,89,4.6,open,"Saturday, 10 AM-5 PM; Sunday, 10 AM-5 PM; Monday, Closed; Tuesday, Closed; Wednesday, Closed; Thursday, Closed; Friday, 10 AM-5 PM; ",10 AM-5 PM,10 AM-5 PM,Closed,Closed,Closed,Closed,10 AM-5 PM,Lat 43.625817,Lng -72.7971523,https://www.google.com/maps/place/?q=place_id:ChIJfyjqJvwr4IkRuDLd_1xmW6I,https://www.google.com/search?kgmid=/g/11c609kww9,https://lh5.googleusercontent.com/p/CIHM0ogKEICAgID6z4z_wAE,"https://t1.gstatic.com/faviconV2?client=SOCIAL&type=FAVICON&fallback_opts=TYPE,SIZE,URL&url=https://www.killington.com/things-to-do/activities/bike-park&size=48","https://search.google.com/local/reviews?placeid=ChIJfyjqJvwr4IkRuDLd_1xmW6I&q=bicycle+shop+near+Enosburg+Falls+village,+Vermont,+USA&authuser=0&hl=en",,https://www.facebook.com/killingtonresort,https://twitter.com/KillingtonMtn,https://www.instagram.com/killingtonmtn/,https://www.youtube.com/user/KillingtonMountain
Rutland City Bikes,411 West St  Rutland  VT 05701  United States,411 West St,Rutland,5701,Vermont,US,America/New_York,18027863800,,http://www.rutlandcitybikes.com/,rutlandcitybikes.com,Bicycle rental service,,Yes,30,4.8,open,"Saturday, 11 AM-4 PM; Sunday, Closed; Monday, Closed; Tuesday, Closed; Wednesday, 11 AM-6 PM; Thursday, 11 AM-6 PM; Friday, 11 AM-6 PM; ",11 AM-4 PM,Closed,Closed,Closed,11 AM-6 PM,11 AM-6 PM,11 AM-6 PM,Lat 43.6050148,Lng -73.0000915,https://www.google.com/maps/place/?q=place_id:ChIJzQJvTaMj4IkR4E4BjSfFJgg,https://www.google.com/search?kgmid=/g/11k7qxl4dg,https://lh5.googleusercontent.com/p/CIHM0ogKEICAgID6pfXvZw,"https://t1.gstatic.com/faviconV2?client=SOCIAL&type=FAVICON&fallback_opts=TYPE,SIZE,URL&url=http://www.rutlandcitybikes.com/&size=48","https://search.google.com/local/reviews?placeid=ChIJzQJvTaMj4IkR4E4BjSfFJgg&q=bicycle+shop+near+Rutland,+New+York,+USA&authuser=0&hl=en",,http://facebook.com/rutcitybikes, ,https://www.instagram.com/p/CFxN6z6loBW/,https://www.youtube.com/channel/UCRemDNXlED9Oa6Oj4BU0d6Q
REI,244 Retail Way  Williston  VT 05495  United States,244 Retail Way,Williston,5495,Vermont,US,America/New_York,18023163120,,https://www.rei.com/stores/williston?y_source=1_MTQ4NDgzMTgtNzE1LWxvY2F0aW9uLndlYnNpdGU=,rei.com,Bicycle repair shop,,Yes,191,4.5,open,"Saturday, 9 AM-8 PM; Sunday, 10 AM-6 PM; Monday, 10 AM-8 PM; Tuesday, 10 AM-8 PM; Wednesday, 10 AM-8 PM; Thursday, 10 AM-8 PM; Friday, 10 AM-8 PM; ",9 AM-8 PM,10 AM-6 PM,10 AM-8 PM,10 AM-8 PM,10 AM-8 PM,10 AM-8 PM,10 AM-8 PM,Lat 44.443457699999996,Lng -73.1141099,https://www.google.com/maps/place/?q=place_id:ChIJI-ruThZ5ykwR5t5beu0W8Uw,https://www.google.com/search?kgmid=/g/11hf2fblzc,https://lh5.googleusercontent.com/p/CIHM0ogKEICAgICu7pvkQg,"https://t1.gstatic.com/faviconV2?client=SOCIAL&type=FAVICON&fallback_opts=TYPE,SIZE,URL&url=https://www.rei.com/stores/williston?y_source=1_MTQ4NDgzMTgtNzE1LWxvY2F0aW9uLndlYnNpdGU=&size=48","https://search.google.com/local/reviews?placeid=ChIJI-ruThZ5ykwR5t5beu0W8Uw&q=bicycle+shop+near+Chesterfield,+New+York,+USA&authuser=0&hl=en",18023163120,https://www.facebook.com/REI/, ,https://www.instagram.com/rei/,https://www.youtube.com/user/reifindout/
Outdoor Gear Exchange,37 Church St  Burlington  VT 05401  United States,37 Church St,Burlington,5401,Vermont,US,America/New_York,18885474327,,https://www.gearx.com/,gearx.com,Bicycle rental service,,Yes,642,4.6,open,"Saturday, 10 AM-7 PM; Sunday, 10 AM-6 PM; Monday, 11 AM-7 PM; Tuesday, 11 AM-7 PM; Wednesday, 11 AM-7 PM; Thursday, 11 AM-7 PM; Friday, 11 AM-7 PM; ",10 AM-7 PM,10 AM-6 PM,11 AM-7 PM,11 AM-7 PM,11 AM-7 PM,11 AM-7 PM,11 AM-7 PM,Lat 44.479081099999995,Lng -73.2128792,https://www.google.com/maps/place/?q=place_id:ChIJ05Tg7vZ6ykwRBqdAqZvbMJo,https://www.google.com/search?kgmid=/g/1tg9h57b,https://lh5.googleusercontent.com/p/AF1QipN9U1aWuZHoNSE3J99y98FQj_ccT0hRmyTt36hd,"https://t1.gstatic.com/faviconV2?client=SOCIAL&type=FAVICON&fallback_opts=TYPE,SIZE,URL&url=https://www.gearx.com/&size=48","https://search.google.com/local/reviews?placeid=ChIJ05Tg7vZ6ykwRBqdAqZvbMJo&q=bicycle+shop+near+Chesterfield,+New+York,+USA&authuser=0&hl=en",,https://www.facebook.com/OutdoorGearExchangeVT, ,https://www.instagram.com/outdoorgearexchange/,https://www.youtube.com/channel/UCLWV3EflaqSvGz1TJe7RYow
Skirack,85 Main St  Burlington  VT 05401  United States,85 Main St,Burlington,5401,Vermont,US,America/New_York,18026583313,,https://www.skirack.com/,skirack.com,Bicycle rental service,,Yes,368,4.6,open,"Saturday, 10 AM-6 PM; Sunday, 11 AM-5 PM; Monday, 10 AM-6 PM; Tuesday, 10 AM-6 PM; Wednesday, 10 AM-6 PM; Thursday, 10 AM-6 PM; Friday, 10 AM-6 PM; ",10 AM-6 PM,11 AM-5 PM,10 AM-6 PM,10 AM-6 PM,10 AM-6 PM,10 AM-6 PM,10 AM-6 PM,Lat 44.4756205,Lng -73.2157541,https://www.google.com/maps/place/?q=place_id:ChIJqShm7Pl6ykwRZWMVYRbqjb4,https://www.google.com/search?kgmid=/g/1260_bl21,https://lh5.googleusercontent.com/p/CIHM0ogKEICAgID4sOfxwAE,"https://t1.gstatic.com/faviconV2?client=SOCIAL&type=FAVICON&fallback_opts=TYPE,SIZE,URL&url=https://www.skirack.com/&size=48","https://search.google.com/local/reviews?placeid=ChIJqShm7Pl6ykwRZWMVYRbqjb4&q=bicycle+shop+near+Chesterfield,+New+York,+USA&authuser=0&hl=en",,https://www.facebook.com/Skirack/, ,https://instagram.com/skirackvt,https://www.youtube.com/@Skirack
Pinnacle Ski And Sports,1652 Mountain Rd  Stowe  VT 05672  United States,1652 Mountain Rd,Stowe,5672,Vermont,US,America/New_York,18022537222,,http://www.pinnacleskisports.com/,pinnacleskisports.com,Bicycle rental service,,Yes,231,4.5,open,"Saturday, 9 AM-6 PM; Sunday, 9 AM-5 PM; Monday, 9 AM-5 PM; Tuesday, 9 AM-5 PM; Wednesday, 9 AM-5 PM; Thursday, 9 AM-5 PM; Friday, 9 AM-6 PM; ",9 AM-6 PM,9 AM-5 PM,9 AM-5 PM,9 AM-5 PM,9 AM-5 PM,9 AM-5 PM,9 AM-6 PM,Lat 44.473372999999995,Lng -72.70955099999999,https://www.google.com/maps/place/?q=place_id:ChIJzW_FQ0qRtUwRp6y6k3Nsekk,https://www.google.com/search?kgmid=/g/1w6r7wm2,https://lh5.googleusercontent.com/p/AF1QipO5iW9Mp407nT1r7Ng8juE3JRL63XcPttoO6GJ5,"https://t1.gstatic.com/faviconV2?client=SOCIAL&type=FAVICON&fallback_opts=TYPE,SIZE,URL&url=http://www.pinnacleskisports.com/&size=48","https://search.google.com/local/reviews?placeid=ChIJzW_FQ0qRtUwRp6y6k3Nsekk&q=bicycle+shop+near+Johnson+village,+Vermont,+USA&authuser=0&hl=en",,https://www.facebook.com/PINNACLESKI/, ,https://www.instagram.com/pinnacleskiandsports/,
AJ's Ski & Sports,350 Mountain Rd  Stowe  VT 05672  United States,350 Mountain Rd,Stowe,5672,Vermont,US,America/New_York,18022534593,,http://stowesports.com/,stowesports.com,Bicycle rental service,,Yes,202,4.4,open,"Saturday, 9 AM-6 PM; Sunday, 9 AM-6 PM; Monday, 9 AM-6 PM; Tuesday, 9 AM-6 PM; Wednesday, 9 AM-6 PM; Thursday, 9 AM-6 PM; Friday, 9 AM-6 PM; ",9 AM-6 PM,9 AM-6 PM,9 AM-6 PM,9 AM-6 PM,9 AM-6 PM,9 AM-6 PM,9 AM-6 PM,Lat 44.4703686,Lng -72.6869475,https://www.google.com/maps/place/?q=place_id:ChIJffmKEviWtUwRLPTYksO-mQ8,https://www.google.com/search?kgmid=/g/1tfvyrn2,https://lh5.googleusercontent.com/p/CIHM0ogKEICAgID4043pjwE,"https://t1.gstatic.com/faviconV2?client=SOCIAL&type=FAVICON&fallback_opts=TYPE,SIZE,URL&url=http://stowesports.com/&size=48","https://search.google.com/local/reviews?placeid=ChIJffmKEviWtUwRLPTYksO-mQ8&q=bicycle+shop+near+Orleans+village,+Vermont,+USA&authuser=0&hl=en",1-800-226-6257, , ,,
First Stop Board Barn - Ski  Bike  Snowboard & Paddle Shop,8474 US-4  Killington  VT 05751  United States,8474 US-4,Killington,5751,Vermont,US,America/New_York,18024229050,,http://www.firststopboardbarn.com/,firststopboardbarn.com,Bicycle rental service,,Yes,170,4.8,open,"Saturday, 9 AM-6 PM; Sunday, 9 AM-5 PM; Monday, 9 AM-5 PM; Tuesday, 9 AM-5 PM; Wednesday, 9 AM-5 PM; Thursday, 9 AM-5 PM; Friday, 9 AM-5 PM; ",9 AM-6 PM,9 AM-5 PM,9 AM-5 PM,9 AM-5 PM,9 AM-5 PM,9 AM-5 PM,9 AM-5 PM,Lat 43.6006278,Lng -72.7503356,https://www.google.com/maps/place/?q=place_id:ChIJ32-mOoQs4IkRZyYvUPFtWgg,https://www.google.com/search?kgmid=/g/1thxrn2_,https://lh5.googleusercontent.com/p/CIHM0ogKEICAgIC8trizIQ,"https://t1.gstatic.com/faviconV2?client=SOCIAL&type=FAVICON&fallback_opts=TYPE,SIZE,URL&url=http://www.firststopboardbarn.com/&size=48","https://search.google.com/local/reviews?placeid=ChIJ32-mOoQs4IkRZyYvUPFtWgg&q=bicycle+shop+near+Old+Bennington+village,+Vermont,+USA&authuser=0&hl=en",,https://www.facebook.com/FirstStopBoardBarn/, ,https://www.instagram.com/firststopboardbarn/,
MountainOps,4081 Mountain Rd  Stowe  VT 05672  United States,4081 Mountain Rd,Stowe,5672,Vermont,US,America/New_York,18022534531,,http://www.mountainopsvt.com/,mountainopsvt.com,Bicycle rental service,,Yes,120,4.8,open,"Saturday, 9 AM-5 PM; Sunday, 9 AM-5 PM; Monday, 9 AM-5 PM; Tuesday, 9 AM-5 PM; Wednesday, 9 AM-5 PM; Thursday, 9 AM-5 PM; Friday, 9 AM-5 PM; ",9 AM-5 PM,9 AM-5 PM,9 AM-5 PM,9 AM-5 PM,9 AM-5 PM,9 AM-5 PM,9 AM-5 PM,Lat 44.4946633,Lng -72.7420669,https://www.google.com/maps/place/?q=place_id:ChIJL_fOPESRtUwRK9bnD3E_4ak,https://www.google.com/search?kgmid=/g/1tplkbfl,https://lh5.googleusercontent.com/p/AF1QipMcaplJMSGaPcr-i_4Fnv-7wm1Hw7Y1GUDz_jr6,"https://t1.gstatic.com/faviconV2?client=SOCIAL&type=FAVICON&fallback_opts=TYPE,SIZE,URL&url=http://www.mountainopsvt.com/&size=48","https://search.google.com/local/reviews?placeid=ChIJL_fOPESRtUwRK9bnD3E_4ak&q=bicycle+shop+near+Enosburg+Falls+village,+Vermont,+USA&authuser=0&hl=en",8022534531,https://www.facebook.com/p/MountainOps-100063683736841/, ,https://www.instagram.com/mountainops_vt/?hl=en,
The Boot Pro Ski & Bike,44 Pond St  Ludlow  VT 05149  United States,44 Pond St,Ludlow,5149,Vermont,US,America/New_York,18022282776,,http://www.thebootpro.net/,thebootpro.net,Bicycle rental service,,Yes,150,4.8,open,"Saturday, 9 AM-6 PM; Sunday, 9 AM-5 PM; Monday, 9 AM-5 PM; Tuesday, 10 AM-5 PM; Wednesday, 10 AM-5 PM; Thursday, 10 AM-5 PM; Friday, 10 AM-6 PM; ",9 AM-6 PM,9 AM-5 PM,9 AM-5 PM,10 AM-5 PM,10 AM-5 PM,10 AM-5 PM,10 AM-6 PM,Lat 43.3995649,Lng -72.7069781,https://www.google.com/maps/place/?q=place_id:ChIJxRZkgsvK4YkRabU5Vhmyqkg,https://www.google.com/search?kgmid=/g/1tltncmj,https://lh5.googleusercontent.com/p/AF1QipPviA1Gr4W9A3uBkYfXJR5pra1s1zmpl-fzV4ZV,"https://t1.gstatic.com/faviconV2?client=SOCIAL&type=FAVICON&fallback_opts=TYPE,SIZE,URL&url=http://www.thebootpro.net/&size=48","https://search.google.com/local/reviews?placeid=ChIJxRZkgsvK4YkRabU5Vhmyqkg&q=bicycle+shop+near+Ludlow+village,+Vermont,+USA&authuser=0&hl=en",802-228-2776,https://www.facebook.com/p/The-Boot-Pro-100062145890110/, ,https://www.instagram.com/thebootproskishop/,
Base Camp,2363 US-4  Killington  VT 05751  United States,2363 US-4,Killington,5751,Vermont,US,America/New_York,18027750166,,https://basecampvt.com/,basecampvt.com,Bicycle rental service,,Yes,98,4.6,open,"Saturday, 9 AM-6 PM; Sunday, 9 AM-5 PM; Monday, 9 AM-5 PM; Tuesday, 9 AM-5 PM; Wednesday, 9 AM-5 PM; Thursday, 9 AM-5 PM; Friday, 9 AM-6 PM; ",9 AM-6 PM,9 AM-5 PM,9 AM-5 PM,9 AM-5 PM,9 AM-5 PM,9 AM-5 PM,9 AM-6 PM,Lat 43.6685707,Lng -72.8029679,https://www.google.com/maps/place/?q=place_id:ChIJ8ytmkiAq4IkRwbKK2fdPUpc,https://www.google.com/search?kgmid=/g/1tffqbkv,https://lh5.googleusercontent.com/p/CIHM0ogKEICAgIDq0oSc8AE,"https://t1.gstatic.com/faviconV2?client=SOCIAL&type=FAVICON&fallback_opts=TYPE,SIZE,URL&url=https://basecampvt.com/&size=48","https://search.google.com/local/reviews?placeid=ChIJ8ytmkiAq4IkRwbKK2fdPUpc&q=bicycle+shop+near+Old+Bennington+village,+Vermont,+USA&authuser=0&hl=en",, , ,,
Vermont Bike & Brew,242 Academy Rd  Thetford Center  VT 05075  United States,242 Academy Rd,Thetford Center,5075,Vermont,US,America/New_York,18022742277,,https://vtbikeandbrew.com/,vtbikeandbrew.com,Bicycle rental service,,Yes,236,5,open,"Saturday, 8:30 AM-4:30 PM; Sunday, 8:30 AM-4:30 PM; Monday, 8:30 AM-5 PM; Tuesday, Closed; Wednesday, 8:30 AM-4:30 PM; Thursday, 8:30 AM-4:30 PM; Friday, 8:30 AM-4:30 PM; ",8:30 AM-4:30 PM,8:30 AM-4:30 PM,8:30 AM-5 PM,Closed,8:30 AM-4:30 PM,8:30 AM-4:30 PM,8:30 AM-4:30 PM,Lat 43.815681,Lng -72.23026399999999,https://www.google.com/maps/place/?q=place_id:ChIJDf6Il0zHtEwRurs11qIr5W4,https://www.google.com/search?kgmid=/g/11jmlxsn29,https://lh5.googleusercontent.com/p/AF1QipOOP7iaK2bII7oCGq8zOM9EvuZ6b9mYWu_dQXO_,"https://t1.gstatic.com/faviconV2?client=SOCIAL&type=FAVICON&fallback_opts=TYPE,SIZE,URL&url=https://vtbikeandbrew.com/&size=48","https://search.google.com/local/reviews?placeid=ChIJDf6Il0zHtEwRurs11qIr5W4&q=bicycle+shop+near+Northfield+village,+Vermont,+USA&authuser=0&hl=en",8022742277, , ,,
Rifugio Darling Hill,2099 Darling Hill Rd  Lyndonville  VT 05851  United States,2099 Darling Hill Rd,Lyndonville,5851,Vermont,US,America/New_York,18026268444,,http://rifugio.kceadventures.com/,rifugio.kceadventures.com,Bicycle club,,Yes,43,5,open,"Saturday, 9 AM-5 PM; Sunday, 9 AM-5 PM; Monday, Closed; Tuesday, 9 AM-5 PM; Wednesday, 9 AM-5 PM; Thursday, 9 AM-5 PM; Friday, 9 AM-5 PM; ",9 AM-5 PM,9 AM-5 PM,Closed,9 AM-5 PM,9 AM-5 PM,9 AM-5 PM,9 AM-5 PM,Lat 44.573712199999996,Lng -71.9721343,https://www.google.com/maps/place/?q=place_id:ChIJVzW9PPkwtEwRysZs5UrshxE,https://www.google.com/search?kgmid=/g/11f2shnsbk,https://lh5.googleusercontent.com/p/AF1QipN4IcHTrH6IWgSRQUjSSypzWL1_OvjluetbJVB5,"https://t1.gstatic.com/faviconV2?client=SOCIAL&type=FAVICON&fallback_opts=TYPE,SIZE,URL&url=http://rifugio.kceadventures.com/&size=48","https://search.google.com/local/reviews?placeid=ChIJVzW9PPkwtEwRysZs5UrshxE&q=bicycle+shop+near+Enosburg+Falls+village,+Vermont,+USA&authuser=0&hl=en",8603616008 | 8026268444, , ,,
Fast Bike Design,,,Enosburg Falls village,,Vermont,US,America/New_York,18028553667,,,,Bicycle wholesaler,Service establishment,Yes,,,open, ,,,,,,,,Lat 43.936856999999996,Lng -72.606563,https://www.google.com/maps/place/?q=place_id:ChIJQwj7dV0jtUwRU5dE2dkoLjE,https://www.google.com/search?kgmid=/g/11lg2mzrd_, , , , , , , , 
Watt Way EV,,,North Troy village,,Vermont,US,America/New_York,18028390792,,,,Electric bicycle store,Service establishment,Yes,,,open,"Saturday, Open 24 hours; Sunday, Open 24 hours; Monday, Open 24 hours; Tuesday, Open 24 hours; Wednesday, Open 24 hours; Thursday, Open 24 hours; Friday, Open 24 hours; ",Open 24 hours,Open 24 hours,Open 24 hours,Open 24 hours,Open 24 hours,Open 24 hours,Open 24 hours,Lat 46.423669,Lng -129.9427086,https://www.google.com/maps/place/?q=place_id:ChIJMSJu4RxHtEwRlxTBnS2SzOQ,https://www.google.com/search?kgmid=/g/11w3_dvffr, , , , , , , , 
Kingdom Bike Rentals,,,Barton village,,Vermont,US,America/New_York,18028585655,,http://www.kingdombikerentals.com/,kingdombikerentals.com,Bicycle rental service,Service establishment,Yes,87,5,open,"Saturday, 7 AM-6 PM; Sunday, 7 AM-6 PM; Monday, Closed; Tuesday, Closed; Wednesday, Closed; Thursday, Closed; Friday, 7 AM-6 PM; ",7 AM-6 PM,7 AM-6 PM,Closed,Closed,Closed,Closed,7 AM-6 PM,Lat 44.603860999999995,Lng -71.9094464,https://www.google.com/maps/place/?q=place_id:ChIJM6q9sfWLN00RoKQ-Z2bfr1o,https://www.google.com/search?kgmid=/g/11t883ls7n,https://lh5.googleusercontent.com/p/CIHM0ogKEICAgICxmqPeigE,"https://t1.gstatic.com/faviconV2?client=SOCIAL&type=FAVICON&fallback_opts=TYPE,SIZE,URL&url=http://www.kingdombikerentals.com/&size=48","https://search.google.com/local/reviews?placeid=ChIJM6q9sfWLN00RoKQ-Z2bfr1o&q=bicycle+shop+near+Barton+village,+Vermont,+USA&authuser=0&hl=en",,https://www.facebook.com/profile.php?id=100084951845987, ,,
Wheels On Wheels Mobile Bike Repair,,,Westminster village,,Vermont,US,America/New_York,18023910864,,https://www.wowbikerepair.com/,wowbikerepair.com,Bicycle repair shop,Service establishment,Yes,81,5,open,"Saturday, 9-10 AM; Sunday, Closed; Monday, Closed; Tuesday, Closed; Wednesday, Closed; Thursday, Closed; Friday, Closed; ",9-10 AM,Closed,Closed,Closed,Closed,Closed,Closed,Lat 44.442108999999995,Lng -73.0496606,https://www.google.com/maps/place/?q=place_id:ChIJQTXC0Wx3ykwR1Pt8c-YdgnY,https://www.google.com/search?kgmid=/g/11p56b87g6,https://lh5.googleusercontent.com/p/AF1QipP0Qz7526bHFRO5t8OWo7oTr4DBFapFi3XVN9fj,"https://t1.gstatic.com/faviconV2?client=SOCIAL&type=FAVICON&fallback_opts=TYPE,SIZE,URL&url=https://www.wowbikerepair.com/&size=48","https://search.google.com/local/reviews?placeid=ChIJQTXC0Wx3ykwR1Pt8c-YdgnY&q=bicycle+shop+near+Westminster+village,+Vermont,+USA&authuser=0&hl=en",,https://www.facebook.com/wowbikerepair, ,http://instagram.com/wowbikerepair,
RED CLOVER BIKES,,,Albany village,,Vermont,US,America/New_York,18022224748,,https://www.redcloverbikes.com/,redcloverbikes.com,Bicycle store,Bicycle repair shop,Yes,118,5,open, ,,,,,,,,Lat 43.877389,Lng -72.2103849,https://www.google.com/maps/place/?q=place_id:ChIJma1YiPyVtEwRelsGOTjgSys,https://www.google.com/search?kgmid=/g/11ngphx4b1,https://lh5.googleusercontent.com/p/CIHM0ogKEICAgIC2rL7jIQ,"https://t1.gstatic.com/faviconV2?client=SOCIAL&type=FAVICON&fallback_opts=TYPE,SIZE,URL&url=https://www.redcloverbikes.com/&size=48","https://search.google.com/local/reviews?placeid=ChIJma1YiPyVtEwRelsGOTjgSys&q=bicycle+shop+near+Albany+village,+Vermont,+USA&authuser=0&hl=en",, , ,,
Zerode Bikes US,,,Enosburg Falls village,,Vermont,US,America/Detroit,18022333798,,http://www.zerodebikeus.com/,zerodebikeus.com,Bicycle store,Service establishment,Yes,,,open,"Saturday, Closed; Sunday, Closed; Monday, 9 AM-5 PM; Tuesday, 9 AM-5 PM; Wednesday, 9 AM-5 PM; Thursday, 9 AM-5 PM; Friday, 9 AM-5 PM; ",Closed,Closed,9 AM-5 PM,9 AM-5 PM,9 AM-5 PM,9 AM-5 PM,9 AM-5 PM,Lat 46.423669,Lng -129.9427086,https://www.google.com/maps/place/?q=place_id:ChIJo6ajmsS14qkRl1oZnHKAMKw,https://www.google.com/search?kgmid=/g/11rkfx2w6m,https://lh5.googleusercontent.com/p/AF1QipMBJa9RQ4LSKjcYoumhfvNy2rEzPCG9XV449004,"https://t1.gstatic.com/faviconV2?client=SOCIAL&type=FAVICON&fallback_opts=TYPE,SIZE,URL&url=http://www.zerodebikeus.com/&size=48", ,, , , , 
The Magic Wheel Bike Shop,34 Church Hill Rd  Graniteville  VT 05654  United States,34 Church Hill Rd,Graniteville,5654,Vermont,US,America/New_York,18025523434,,http://www.magicwheelvt.com/,magicwheelvt.com,Bicycle store, ,No,,,permanently closed, ,,,,,,,,Lat 44.159929,Lng -72.470818,https://www.google.com/maps/place/?q=place_id:ChIJ7WoCZNcDtUwROqiN7lwFu6s,https://www.google.com/search?kgmid=/g/1yfjkn90w,https://lh5.googleusercontent.com/p/yizdT-GwQVOrULsLg9Z6BQ,"https://t1.gstatic.com/faviconV2?client=SOCIAL&type=FAVICON&fallback_opts=TYPE,SIZE,URL&url=http://www.magicwheelvt.com/&size=48", ,, , , , 
Bootlegger Bikes - Jeffersonville,4968 VT-15  Jeffersonville  VT 05464  United States,4968 VT-15,Jeffersonville,5464,Vermont,US,America/New_York,18026448370,,http://www.bootleggerbikes.com/,bootleggerbikes.com,Bicycle store,Bicycle repair shop,Yes,83,5,permanently closed, ,,,,,,,,Lat 44.6460471,Lng -72.83176999999999,https://www.google.com/maps/place/?q=place_id:ChIJ-XgXEJDztUwRLIX5TR7uCL8,https://www.google.com/search?kgmid=/g/11g6vjl82k,https://lh5.googleusercontent.com/p/CIHM0ogKEICAgID4v5fjJA,"https://t1.gstatic.com/faviconV2?client=SOCIAL&type=FAVICON&fallback_opts=TYPE,SIZE,URL&url=http://www.bootleggerbikes.com/&size=48",https://search.google.com/local/reviews?placeid=ChIJ-XgXEJDztUwRLIX5TR7uCL8&q=Bootlegger+Bikes+-+Jeffersonville&authuser=0&hl=en,, , , , 
Betty's Bikes,1 Lake St  Burlington  VT 05401  United States,1 Lake St,Burlington,5401,Vermont,US,America/New_York,18023223889,bettysbikes@gmail.com,https://bettysbikes.org/,bettysbikes.org,Used bicycle shop, ,Yes,10,5,Temporarily closed, ,,,,,,,,Lat 44.4820782,Lng -73.2241543,https://www.google.com/maps/place/?q=place_id:ChIJJ6mweU1vykwR_uk2aXpOgXk,https://www.google.com/search?kgmid=/g/11vk_cfznp,https://lh5.googleusercontent.com/p/AF1QipPvuxTnPBPeLRxO2MNTV_KZidjBnBPIs3Be-89Z,"https://t1.gstatic.com/faviconV2?client=SOCIAL&type=FAVICON&fallback_opts=TYPE,SIZE,URL&url=https://bettysbikes.org/&size=48","https://search.google.com/local/reviews?placeid=ChIJJ6mweU1vykwR_uk2aXpOgXk&q=bicycle+shop+near+Chesterfield,+New+York,+USA&authuser=0&hl=en",,https://www.facebook.com/BettysBikes2015/, ,https://www.instagram.com/bettys_bikes/,"https://www.youtube.com/channel/UCy0xceAWnrtgccXl3JKnxvQ""Keyword"
Village Sport Shop,511 Broad St  Lyndonville  VT 05851  United States,511 Broad St,Lyndonville,5851,Vermont,US,America/New_York,18026268448,,http://www.villagesportshop.com/,villagesportshop.com,Bicycle rental service,,Yes,79,4.7,Temporarily closed, ,,,,,,,,Lat 44.5269289,Lng -72.0007554,https://www.google.com/maps/place/?q=place_id:ChIJSZfzuiM3tEwRjkTj4QEHrzQ,https://www.google.com/search?kgmid=/g/1tfd6kz9,https://lh5.googleusercontent.com/p/AF1QipMAP3BkOVyQ6i-mQtnJTET8j3ztmDGUizdJm9zW,"https://t1.gstatic.com/faviconV2?client=SOCIAL&type=FAVICON&fallback_opts=TYPE,SIZE,URL&url=http://www.villagesportshop.com/&size=48","https://search.google.com/local/reviews?placeid=ChIJSZfzuiM3tEwRjkTj4QEHrzQ&q=bicycle+shop+near+Old+Bennington+village,+Vermont,+USA&authuser=0&hl=en",, , , , 