Name,Full_Address,Street_Address,City,Zip,State,Country,Timezone,Phone_1,Email,Website,Domain,First_category,Second_category,Claimed_google_my_business,Reviews_count,Average_rating,Business Status,Hours,Saturday,Sunday,Monday,Tuesday,Wednesday,Thursday,Friday,Latitude,Longitude,GMB_URL,Google_Knowledge_URL,Image_URL,Favicon,Review_URL,Phone From WEBSITE,Facebook URL,Twitter URL,Instagram URL,Youtube URL
BicycleSPACE - Ivy City,1512 Okie St NE  Washington  DC 20002  United States,1512 Okie St NE,Washington,20002,District of Columbia,US,America/New_York,12028539390,contact@bicyclespacedc.com,https://www.bicyclespacedc.com/,bicyclespacedc.com,Bicycle store,Bicycle repair shop,Yes,223,4.2,open,"Friday, 12-7 PM; Saturday, 11 AM-6 PM; Sunday, 11 AM-6 PM; Monday, 12-7 PM; Tuesday, 12-7 PM; Wednesday, 12-7 PM; Thursday, 12-7 PM; ",11 AM-6 PM,11 AM-6 PM,12-7 PM,12-7 PM,12-7 PM,12-7 PM,12-7 PM,Lat 38.9156112,Lng -76.98208609999999,https://www.google.com/maps/place/?q=place_id:ChIJF72g-XO4t4kRM8jUouuH5Bc,https://www.google.com/search?kgmid=/g/1tk4s134,https://lh5.googleusercontent.com/p/AF1QipOc72OsfMepUJ0QGdJatKAqpMjmqygZALP9ujNw,"https://t1.gstatic.com/faviconV2?client=SOCIAL&type=FAVICON&fallback_opts=TYPE,SIZE,URL&url=https://www.bicyclespacedc.com/&size=48","https://search.google.com/local/reviews?placeid=ChIJF72g-XO4t4kRM8jUouuH5Bc&q=bicycle+shop+near+Laurel,+Maryland,+USA&authuser=0&hl=en",,https://www.facebook.com/BicycleSPACE/, ,https://www.instagram.com/bicyclespace/,
Gearin' Up Bicycles,10 Harry Thomas Way NE  Washington  DC 20002  United States,10 Harry Thomas Way NE,Washington,20002,District of Columbia,US,America/New_York,12029704425,gearinup@waba.org,https://waba.org/gearinup/,waba.org,Bicycle store,Bicycle repair shop,Yes,152,4.8,open,"Saturday, 12-6 PM; Sunday, Closed; Monday, Closed; Tuesday, 12-7 PM; Wednesday, 12-7 PM; Thursday, 12-7 PM; Friday, 12-7 PM; ",12-6 PM,Closed,Closed,12-7 PM,12-7 PM,12-7 PM,12-7 PM,Lat 38.9108103,Lng -77.0045402,https://www.google.com/maps/place/?q=place_id:ChIJv6BiJAW4t4kR3lJc3aFhGp8,https://www.google.com/search?kgmid=/g/11b6v0yrnx,https://lh5.googleusercontent.com/p/CIHM0ogKEICAgICayLWzcA,"https://t1.gstatic.com/faviconV2?client=SOCIAL&type=FAVICON&fallback_opts=TYPE,SIZE,URL&url=https://waba.org/gearinup/&size=48","https://search.google.com/local/reviews?placeid=ChIJv6BiJAW4t4kR3lJc3aFhGp8&q=bicycle+shop+near+Berwyn+Heights+town,+Maryland,+USA&authuser=0&hl=en",, , ,https://www.instagram.com/stories/highlights/18495913570040018/,
The Daily Rider,600 H St NE suite d  Washington  DC 20002  United States,600 H St NE suite d,Washington,20002,District of Columbia,US,America/New_York,12023960704,info@thedailyriderdc.com,http://thedailyriderdc.com/,thedailyriderdc.com,Bicycle store,Bicycle repair shop,Yes,140,4.5,open,"Saturday, 10 AM-6 PM; Sunday, 12-4 PM; Monday, Closed; Tuesday, 10 AM-6 PM; Wednesday, 10 AM-6 PM; Thursday, 10 AM-6 PM; Friday, 10 AM-6 PM; ",10 AM-6 PM,12-4 PM,Closed,10 AM-6 PM,10 AM-6 PM,10 AM-6 PM,10 AM-6 PM,Lat 38.900347,Lng -76.9970101,https://www.google.com/maps/place/?q=place_id:ChIJj0flOj64t4kRUPTXnjpBD-U,https://www.google.com/search?kgmid=/g/11h1gyx4q,https://lh5.googleusercontent.com/p/AF1QipMEUY47QdVTmsmFUNfrDxfSuPZtfRhiNrPOphhi,"https://t1.gstatic.com/faviconV2?client=SOCIAL&type=FAVICON&fallback_opts=TYPE,SIZE,URL&url=http://thedailyriderdc.com/&size=48","https://search.google.com/local/reviews?placeid=ChIJj0flOj64t4kRUPTXnjpBD-U&q=bicycle+shop+near+Berwyn+Heights+town,+Maryland,+USA&authuser=0&hl=en",, ,https://twitter.com/TheDailyRiderDC,,
Nomad Bicycle Works mobile bike and e-bike repair,1221 Hamilton St NW  Washington  DC 20011  United States,1221 Hamilton St NW,Washington,20011,District of Columbia,US,America/New_York,12023225020,nomad.bicycleworks@gmail.com,http://nomadbicycleworks.com/,nomadbicycleworks.com,Bicycle repair shop, ,Yes,273,5,open,"Saturday, Closed; Sunday, Closed; Monday, 9:30 AM-2 PM; Tuesday, 9:30 AM-2 PM; Wednesday, 9:30 AM-2 PM; Thursday, 9:30 AM-2 PM; Friday, 9:30 AM-2 PM; ",Closed,Closed,9:30 AM-2 PM,9:30 AM-2 PM,9:30 AM-2 PM,9:30 AM-2 PM,9:30 AM-2 PM,Lat 38.9530841,Lng -77.02891509999999,https://www.google.com/maps/place/?q=place_id:ChIJvQkoSdq3t4kR213nfLTfHQM,https://www.google.com/search?kgmid=/g/11b88m224b,https://lh5.googleusercontent.com/p/AF1QipOUxazArHudTgdeT2-8QR4Ayy2rFO4-9n9gBabF,"https://t1.gstatic.com/faviconV2?client=SOCIAL&type=FAVICON&fallback_opts=TYPE,SIZE,URL&url=http://nomadbicycleworks.com/&size=48","https://search.google.com/local/reviews?placeid=ChIJvQkoSdq3t4kR213nfLTfHQM&q=bicycle+shop+near+Berwyn+Heights+town,+Maryland,+USA&authuser=0&hl=en",2023225020, , ,,
E-MILE: The Electric Ride rental Wheelchairs and Scooters  Scooter Repair and Luggage Storage,1012 14th St NW R1  Washington  DC 20005  United States,1012 14th St NW R1,Washington,20005,District of Columbia,US,America/New_York,17029190032,ride1@e-milerider.co,http://www.e-milerider.co/,e-milerider.co,Bicycle repair shop,,Yes,126,3.3,open,"Saturday, 10 AM-5 PM; Sunday, Closed; Monday, 10 AM-5 PM; Tuesday, 10 AM-5 PM; Wednesday, 10 AM-5 PM; Thursday, 10 AM-5 PM; Friday, 10 AM-5 PM; ",10 AM-5 PM,Closed,10 AM-5 PM,10 AM-5 PM,10 AM-5 PM,10 AM-5 PM,10 AM-5 PM,Lat 38.9032398,Lng -77.03220329999999,https://www.google.com/maps/place/?q=place_id:ChIJXTT7KYm3t4kR-YDDORsKRDY,https://www.google.com/search?kgmid=/g/11s3jxk8k6,https://lh5.googleusercontent.com/p/AF1QipN32kJRfaaJNoGXhJkJsas0yJZj-LBtDZFWVdgX,"https://t1.gstatic.com/faviconV2?client=SOCIAL&type=FAVICON&fallback_opts=TYPE,SIZE,URL&url=http://www.e-milerider.co/&size=48","https://search.google.com/local/reviews?placeid=ChIJXTT7KYm3t4kR-YDDORsKRDY&q=bicycle+shop+near+Berwyn+Heights+town,+Maryland,+USA&authuser=0&hl=en",702-919-0032, , ,,
Bicycle Pro Shop,3403 M St NW  Washington  DC 20007  United States,3403 M St NW,Washington,20007,District of Columbia,US,America/New_York,12023370311,sales@bicycleproshop.com,http://www.bicycleproshop.com/,bicycleproshop.com,Bicycle store,Bicycle repair shop,Yes,217,4.5,open,"Saturday, 10 AM-6 PM; Sunday, 12-5 PM; Monday, Closed; Tuesday, 11 AM-7 PM; Wednesday, 11 AM-7 PM; Thursday, 11 AM-7 PM; Friday, 11 AM-7 PM; ",10 AM-6 PM,12-5 PM,Closed,11 AM-7 PM,11 AM-7 PM,11 AM-7 PM,11 AM-7 PM,Lat 38.905235999999995,Lng -77.068069,https://www.google.com/maps/place/?q=place_id:ChIJ5WZCAka2t4kRiml0mznHyms,https://www.google.com/search?kgmid=/g/1w456hgy,https://lh5.googleusercontent.com/p/AF1QipMJM9edTrdXtGamarLvEM45kbwcC1Y8i5KkxNi9,"https://t1.gstatic.com/faviconV2?client=SOCIAL&type=FAVICON&fallback_opts=TYPE,SIZE,URL&url=http://www.bicycleproshop.com/&size=48","https://search.google.com/local/reviews?placeid=ChIJ5WZCAka2t4kRiml0mznHyms&q=bicycle+shop+near+Berwyn+Heights+town,+Maryland,+USA&authuser=0&hl=en",+12023370311 | +15712974227,https://www.facebook.com/BicycleProShop/, ,https://www.instagram.com/bicycleproshop/,
Silver Cycles DC,1314 14th St NW Suite A  Washington  DC 20005  United States,1314 14th St NW Suite A,Washington,20005,District of Columbia,US,America/New_York,12024501034,store@silvercycles.com,http://silvercycles.com/,silvercycles.com,Bicycle repair shop,Bicycle Shop,Yes,59,4.4,open,"Saturday, 10 AM-4 PM; Sunday, 11 AM-4 PM; Monday, 10 AM-6 PM; Tuesday, 10 AM-6 PM; Wednesday, 10 AM-6 PM; Thursday, 10 AM-6 PM; Friday, 10 AM-6 PM; ",10 AM-4 PM,11 AM-4 PM,10 AM-6 PM,10 AM-6 PM,10 AM-6 PM,10 AM-6 PM,10 AM-6 PM,Lat 38.907803,Lng -77.0323008,https://www.google.com/maps/place/?q=place_id:ChIJg4I4uha3t4kRJDyE797I_sk,https://www.google.com/search?kgmid=/g/11pcs0dnrl,https://lh5.googleusercontent.com/p/AF1QipPk_yI4-aYjystdzpmfqoFknu78rw4IlchnCF5N,"https://t1.gstatic.com/faviconV2?client=SOCIAL&type=FAVICON&fallback_opts=TYPE,SIZE,URL&url=http://silvercycles.com/&size=48","https://search.google.com/local/reviews?placeid=ChIJg4I4uha3t4kRJDyE797I_sk&q=bicycle+shop+near+Berwyn+Heights+town,+Maryland,+USA&authuser=0&hl=en",3015851889 | 131414 | 20005 | 2024501034, , ,,
The Bike House Sunday Clinic--Brookland,3405 8th St NE  Washington  DC 20017  United States,3405 8th St NE,Washington,20017,District of Columbia,US,America/New_York,,thebikehouse@gmail.com,https://www.thebikehouse.org/,thebikehouse.org,Bicycle repair shop, ,No,3,5,open,"Saturday, Closed; Sunday, 12-3 PM; Monday, Closed; Tuesday, Closed; Wednesday, Closed; Thursday, Closed; Friday, Closed; ",Closed,12-3 PM,Closed,Closed,Closed,Closed,Closed,Lat 38.9315681,Lng -76.99469189999999,https://www.google.com/maps/place/?q=place_id:ChIJazeY8bbJt4kRj533-KeYJnE,https://www.google.com/search?kgmid=/g/11gv0zb1_6,https://lh5.googleusercontent.com/p/CIHM0ogKEICAgIC0x9qucQ,"https://t1.gstatic.com/faviconV2?client=SOCIAL&type=FAVICON&fallback_opts=TYPE,SIZE,URL&url=https://www.thebikehouse.org/&size=48","https://search.google.com/local/reviews?placeid=ChIJazeY8bbJt4kRj533-KeYJnE&q=bicycle+shop+near+Berwyn+Heights+town,+Maryland,+USA&authuser=0&hl=en",,https://www.facebook.com/bikehousedc/,http://twitter.com/thebikehouse,https://www.instagram.com/thebikehouse/?hl=en,
Fly E-Bike DC,3927 Georgia Ave NW  Washington  DC 20011  United States,3927 Georgia Ave NW,Washington,20011,District of Columbia,US,America/New_York,12407899982,,https://www.flyebike.com/,flyebike.com,Electric bicycle store,Bicycle Shop,Yes,62,4.4,open,"Saturday, 10 AM-7 PM; Sunday, 10 AM-6 PM; Monday, 10 AM-7 PM; Tuesday, 10 AM-7 PM; Wednesday, 10 AM-7 PM; Thursday, 10 AM-7 PM; Friday, 10 AM-7 PM; ",10 AM-7 PM,10 AM-6 PM,10 AM-7 PM,10 AM-7 PM,10 AM-7 PM,10 AM-7 PM,10 AM-7 PM,Lat 38.9394089,Lng -77.0246573,https://www.google.com/maps/place/?q=place_id:ChIJL8UEbC3Jt4kRdV6S0jwDAXQ,https://www.google.com/search?kgmid=/g/11kskrlk_d,https://lh5.googleusercontent.com/p/CIHM0ogKEICAgIDdya618gE,"https://t1.gstatic.com/faviconV2?client=SOCIAL&type=FAVICON&fallback_opts=TYPE,SIZE,URL&url=https://www.flyebike.com/&size=48","https://search.google.com/local/reviews?placeid=ChIJL8UEbC3Jt4kRdV6S0jwDAXQ&q=bicycle+shop+near+Berwyn+Heights+town,+Maryland,+USA&authuser=0&hl=en",,https://www.facebook.com/flyebike/,https://twitter.com/Flyebike_,https://www.instagram.com/flyebike_official/,https://www.youtube.com/@FLYEBIKE
The Bike House Saturday Clinic--Petworth,1240 Upshur St NW  Washington  DC 20011  United States,1240 Upshur St NW,Washington,20011,District of Columbia,US,America/New_York,,,https://www.thebikehouse.org/,thebikehouse.org,Bicycle repair shop, ,No,3,5,open, ,,,,,,,,Lat 38.941736999999996,Lng -77.0275387,https://www.google.com/maps/place/?q=place_id:ChIJkW1suRHJt4kR8X4W2-Xwd50,https://www.google.com/search?kgmid=/g/11v_9v5_np,https://lh5.googleusercontent.com/p/XWLfH2Y7oI7f4RbeMws93Q,"https://t1.gstatic.com/faviconV2?client=SOCIAL&type=FAVICON&fallback_opts=TYPE,SIZE,URL&url=https://www.thebikehouse.org/&size=48","https://search.google.com/local/reviews?placeid=ChIJkW1suRHJt4kR8X4W2-Xwd50&q=bicycle+shop+near+Berwyn+Heights+town,+Maryland,+USA&authuser=0&hl=en",,https://www.facebook.com/bikehousedc/,http://twitter.com/thebikehouse,https://www.instagram.com/thebikehouse/?hl=en,
Eric's Mobile Workshop Bike Repair,18th St NE  Washington  DC 20002  United States,18th St NE,Washington,20002,District of Columbia,US,America/New_York,12023021925,,https://www.ericsmobileworkshop.com/,ericsmobileworkshop.com,Bicycle store,Bicycle repair shop,Yes,112,4.7,open,"Saturday, Open 24 hours; Sunday, Closed; Monday, Open 24 hours; Tuesday, Open 24 hours; Wednesday, Open 24 hours; Thursday, Open 24 hours; Friday, Open 24 hours; ",Open 24 hours,Closed,Open 24 hours,Open 24 hours,Open 24 hours,Open 24 hours,Open 24 hours,Lat 38.897309,Lng -76.9801574,https://www.google.com/maps/place/?q=place_id:ChIJ9cNJ-Ny5t4kR5Wo1cSM-8P4,https://www.google.com/search?kgmid=/g/11jwfbf67d,https://lh5.googleusercontent.com/p/AF1QipPdojKnwj6Kzc7Zf-9ayt21d9GHczN_58dd7aiD,"https://t1.gstatic.com/faviconV2?client=SOCIAL&type=FAVICON&fallback_opts=TYPE,SIZE,URL&url=https://www.ericsmobileworkshop.com/&size=48","https://search.google.com/local/reviews?placeid=ChIJ9cNJ-Ny5t4kR5Wo1cSM-8P4&q=bicycle+shop+near+Berwyn+Heights+town,+Maryland,+USA&authuser=0&hl=en",, , ,,
simpleenergy,212 7th St SE  Washington  DC 20003  United States,212 7th St SE,Washington,20003,District of Columbia,US,America/New_York,18007556020,,,,Bicycle wholesaler, ,No,,,open,"Friday, 10 AM-10 PM; Saturday, Closed; Sunday, Closed; Monday, 10 AM-10 PM; Tuesday, 10 AM-10 PM; Wednesday, 10 AM-10 PM; Thursday, 10 AM-10 PM; ",Closed,Closed,10 AM-10 PM,10 AM-10 PM,10 AM-10 PM,10 AM-10 PM,10 AM-10 PM,Lat 38.88684,Lng -76.9958297,https://www.google.com/maps/place/?q=place_id:ChIJq6pWeDG4t4kRK2NLTOWJyX4,https://www.google.com/search?kgmid=/g/11w7c93n59,https://lh5.googleusercontent.com/p/YcKhyxpzf7KEO0c1sGZjIA, , , , , , , 
Green Line Cycle Repair,1351 Spring Rd NW  Washington  DC 20010  United States,1351 Spring Rd NW,Washington,20010,District of Columbia,US,America/New_York,19546467005,,http://www.greenlinecyclerepair.com/,greenlinecyclerepair.com,Bicycle repair shop, ,Yes,19,5,open,"Saturday, Closed; Sunday, Closed; Monday, 9 AM-5 PM; Tuesday, 9 AM-5 PM; Wednesday, 9 AM-5 PM; Thursday, 9 AM-5 PM; Friday, 9 AM-5 PM; ",Closed,Closed,9 AM-5 PM,9 AM-5 PM,9 AM-5 PM,9 AM-5 PM,9 AM-5 PM,Lat 38.9369957,Lng -77.0315629,https://www.google.com/maps/place/?q=place_id:ChIJGbnviH_Jt4kRhuXX0YC6a48,https://www.google.com/search?kgmid=/g/11xv31cmvz,https://lh5.googleusercontent.com/p/AF1QipME0OxuUREAN0V1R_iQegI52_oE_L6ASq4VRnY,"https://t1.gstatic.com/faviconV2?client=SOCIAL&type=FAVICON&fallback_opts=TYPE,SIZE,URL&url=http://www.greenlinecyclerepair.com/&size=48","https://search.google.com/local/reviews?placeid=ChIJGbnviH_Jt4kRhuXX0YC6a48&q=bicycle+shop+near+Berwyn+Heights+town,+Maryland,+USA&authuser=0&hl=en",, , ,,
District Cycle Works,2603 P St NW  Washington  DC 20007  United States,2603 P St NW,Washington,20007,District of Columbia,US,America/New_York,,,http://districtcycleworks.com/,districtcycleworks.com,Bicycle repair shop,Bicycle Shop,Yes,55,4.8,open, ,,,,,,,,Lat 38.9095176,Lng -77.05499449999999,https://www.google.com/maps/place/?q=place_id:ChIJKySBlcq3t4kRd5Q97dXioAs,https://www.google.com/search?kgmid=/g/11bc6z7x5c,https://lh5.googleusercontent.com/p/AF1QipNjGGbJntQSLMKyjinEVpN2M8m5XhcrmVLlmXld,"https://t1.gstatic.com/faviconV2?client=SOCIAL&type=FAVICON&fallback_opts=TYPE,SIZE,URL&url=http://districtcycleworks.com/&size=48","https://search.google.com/local/reviews?placeid=ChIJKySBlcq3t4kRd5Q97dXioAs&q=bicycle+shop+near+Berwyn+Heights+town,+Maryland,+USA&authuser=0&hl=en",, , ,http://instagram.com/districtcycleworks,
Upshift Workshop,2501 Champlain St NW  Washington  DC 20009  United States,2501 Champlain St NW,Washington,20009,District of Columbia,US,America/New_York,,,http://www.upshiftdc.com/,upshiftdc.com,Bicycle repair shop, ,Yes,55,4.8,open,"Saturday, 11 AM-4 PM; Sunday, 12-4 PM; Monday, Closed; Tuesday, Closed; Wednesday, Closed; Thursday, 12-3 PM | 4:30-7 PM; Friday, 12-3 PM | 4:30-7 PM; ",11 AM-4 PM,12-4 PM,Closed,Closed,Closed,12-3 PM | 4:30-7 PM,12-3 PM | 4:30-7 PM,Lat 38.9231991,Lng -77.0411882,https://www.google.com/maps/place/?q=place_id:ChIJr6Vr5KHJt4kRSD0miJFhtrs,https://www.google.com/search?kgmid=/g/11n0d3468l,https://lh5.googleusercontent.com/p/AF1QipMuQVA5e__G8UWSv1AAbfEMPIu2A9omjN6eBYpz,"https://t1.gstatic.com/faviconV2?client=SOCIAL&type=FAVICON&fallback_opts=TYPE,SIZE,URL&url=http://www.upshiftdc.com/&size=48","https://search.google.com/local/reviews?placeid=ChIJr6Vr5KHJt4kRSD0miJFhtrs&q=bicycle+shop+near+Berwyn+Heights+town,+Maryland,+USA&authuser=0&hl=en",,http://facebook.com/upshiftdc, ,https://www.instagram.com/upshift_dc,
Conte's Bike Shop,1412 Q St NW  Washington  DC 20009  United States,1412 Q St NW,Washington,20009,District of Columbia,US,America/New_York,12023872453,,http://www.contebikes.com/,contebikes.com,Bicycle store,Bicycle repair shop,Yes,353,4.6,open,"Saturday, 10 AM-6 PM; Sunday, 11 AM-5 PM; Monday, 10 AM-7 PM; Tuesday, 10 AM-7 PM; Wednesday, 10 AM-7 PM; Thursday, 10 AM-7 PM; Friday, 10 AM-7 PM; ",10 AM-6 PM,11 AM-5 PM,10 AM-7 PM,10 AM-7 PM,10 AM-7 PM,10 AM-7 PM,10 AM-7 PM,Lat 38.910927099999995,Lng -77.0325857,https://www.google.com/maps/place/?q=place_id:ChIJaXgj09-3t4kRvMPLUch3Jn8,https://www.google.com/search?kgmid=/g/11h94kbk1d,https://lh5.googleusercontent.com/p/AF1QipNKT98S9OgjXSEZr8u_g1Y_MTB2WvmuPqWkKWya,"https://t1.gstatic.com/faviconV2?client=SOCIAL&type=FAVICON&fallback_opts=TYPE,SIZE,URL&url=http://www.contebikes.com/&size=48","https://search.google.com/local/reviews?placeid=ChIJaXgj09-3t4kRvMPLUch3Jn8&q=bicycle+shop+near+Berwyn+Heights+town,+Maryland,+USA&authuser=0&hl=en",,https://www.facebook.com/contesbikeshop/?ref=br_rs, ,https://www.instagram.com/contesbikeshop/?hl=en,
Happy Go,5516 Connecticut Ave NW  Washington  DC 20015  United States,5516 Connecticut Ave NW,Washington,20015,District of Columbia,US,America/New_York,12024813300,,http://happygobikes.com/,happygobikes.com,Bicycle store,Bicycle repair shop,Yes,93,5,open, ,,,,,,,,Lat 38.9634682,Lng -77.0751374,https://www.google.com/maps/place/?q=place_id:ChIJD7ERUFHJt4kRZZHksC6svlY,https://www.google.com/search?kgmid=/g/11rz2st4cc,https://lh5.googleusercontent.com/p/AF1QipM1HRNvXRdC_v0I5I_baLxAE6w4xvlEA0ck11MF,"https://t1.gstatic.com/faviconV2?client=SOCIAL&type=FAVICON&fallback_opts=TYPE,SIZE,URL&url=http://happygobikes.com/&size=48","https://search.google.com/local/reviews?placeid=ChIJD7ERUFHJt4kRZZHksC6svlY&q=bicycle+shop+near+Berwyn+Heights+town,+Maryland,+USA&authuser=0&hl=en",, , ,,
Conte's Bike Shop,1331 4th St SE Suite 107  Washington  DC 20003  United States,1331 4th St SE Suite 107,Washington,20003,District of Columbia,US,America/New_York,12025589866,,https://contebikes.com/about/washington-dc-navy-yard-pg242.htm,contebikes.com,Bicycle store,Bicycle repair shop,Yes,495,4.8,open,"Saturday, 10 AM-6 PM; Sunday, 11 AM-5 PM; Monday, 10 AM-7 PM; Tuesday, 10 AM-7 PM; Wednesday, 10 AM-7 PM; Thursday, 10 AM-7 PM; Friday, 10 AM-7 PM; ",10 AM-6 PM,11 AM-5 PM,10 AM-7 PM,10 AM-7 PM,10 AM-7 PM,10 AM-7 PM,10 AM-7 PM,Lat 38.874313799999996,Lng -77.00093509999999,https://www.google.com/maps/place/?q=place_id:ChIJLzVzs9G5t4kR-gmGLrUSo44,https://www.google.com/search?kgmid=/g/11c2j3d7_3,https://lh5.googleusercontent.com/p/CIHM0ogKEICAgICElf--zwE,"https://t1.gstatic.com/faviconV2?client=SOCIAL&type=FAVICON&fallback_opts=TYPE,SIZE,URL&url=https://contebikes.com/about/washington-dc-navy-yard-pg242.htm&size=48","https://search.google.com/local/reviews?placeid=ChIJLzVzs9G5t4kR-gmGLrUSo44&q=bicycle+shop+near+Berwyn+Heights+town,+Maryland,+USA&authuser=0&hl=en",2025589866,https://www.facebook.com/contesbikeshop/?ref=br_rs, ,https://www.instagram.com/contesbikeshop/?hl=en,
Conte's Bike Shop,3410 Wisconsin Ave NW  Washington  DC 20016  United States,3410 Wisconsin Ave NW,Washington,20016,District of Columbia,US,America/New_York,12023910804,,https://www.contebikes.com/about/washington-dc-cathedral-commons-pg266.htm,contebikes.com,Bicycle store,Bicycle repair shop,Yes,261,4.6,open,"Saturday, 10 AM-6 PM; Sunday, 11 AM-5 PM; Monday, 10 AM-7 PM; Tuesday, 10 AM-7 PM; Wednesday, 10 AM-7 PM; Thursday, 10 AM-7 PM; Friday, 10 AM-7 PM; ",10 AM-6 PM,11 AM-5 PM,10 AM-7 PM,10 AM-7 PM,10 AM-7 PM,10 AM-7 PM,10 AM-7 PM,Lat 38.9351777,Lng -77.07300169999999,https://www.google.com/maps/place/?q=place_id:ChIJNZ4bRtnJt4kRcwAnTt4EMpk,https://www.google.com/search?kgmid=/g/11gh2pr95y,https://lh5.googleusercontent.com/p/AF1QipP5JjuviounC3O9bFaEAfSXnJkCJmSNlIr7G9xE,"https://t1.gstatic.com/faviconV2?client=SOCIAL&type=FAVICON&fallback_opts=TYPE,SIZE,URL&url=https://www.contebikes.com/about/washington-dc-cathedral-commons-pg266.htm&size=48","https://search.google.com/local/reviews?placeid=ChIJNZ4bRtnJt4kRcwAnTt4EMpk&q=bicycle+shop+near+Berwyn+Heights+town,+Maryland,+USA&authuser=0&hl=en",2023910804,https://www.facebook.com/contesbikeshop/?ref=br_rs, ,https://www.instagram.com/contesbikeshop/?hl=en,
Trek Bicycle,2227 Town Ctr Dr SE  Washington  DC 20020  United States,2227 Town Ctr Dr SE,Washington,20020,District of Columbia,US,America/New_York,17712103900,,https://www.trekbikes.com/us/en_US/retail/skyland/?y_source=1_MTAwMDUzOTc4NC03MTUtbG9jYXRpb24ud2Vic2l0ZQ%3D%3D,trekbikes.com,Bicycle store,Bicycle repair shop,Yes,18,4.8,open,"Saturday, 10 AM-6 PM; Sunday, Closed; Monday, Closed; Tuesday, 11 AM-6 PM; Wednesday, 11 AM-6 PM; Thursday, 11 AM-6 PM; Friday, 11 AM-6 PM; ",10 AM-6 PM,Closed,Closed,11 AM-6 PM,11 AM-6 PM,11 AM-6 PM,11 AM-6 PM,Lat 38.860942099999995,Lng -76.9676851,https://www.google.com/maps/place/?q=place_id:ChIJodspy1G5t4kR_rmvhMaGQpc,https://www.google.com/search?kgmid=/g/11v014wbp5,https://lh5.googleusercontent.com/p/AF1QipM7gRiK74EU-G7RVB1tENrTRmygwgZE1EqXn4sp,"https://t1.gstatic.com/faviconV2?client=SOCIAL&type=FAVICON&fallback_opts=TYPE,SIZE,URL&url=https://www.trekbikes.com/us/en_US/retail/skyland/?y_source=1_MTAwMDUzOTc4NC03MTUtbG9jYXRpb24ud2Vic2l0ZQ%3D%3D&size=48","https://search.google.com/local/reviews?placeid=ChIJodspy1G5t4kR_rmvhMaGQpc&q=bicycle+shop+near+Berwyn+Heights+town,+Maryland,+USA&authuser=0&hl=en",,https://www.facebook.com/TrekBicycle,https://twitter.com/trekbikes,https://instagram.com/trekbikes/,https://www.youtube.com/user/trekbikesusa
hmelectronics,212 7th St SE  Washington  DC 20003  United States,212 7th St SE,Washington,20003,District of Columbia,US,America/New_York,+9118007556020 | ,,http://hmelectronics.shop/,hmelectronics.shop,Bicycle store, ,No,,,open,"Friday, 10 AM-10 PM; Saturday, Closed; Sunday, Closed; Monday, 10 AM-10 PM; Tuesday, 10 AM-10 PM; Wednesday, 10 AM-10 PM; Thursday, 10 AM-10 PM; ",Closed,Closed,10 AM-10 PM,10 AM-10 PM,10 AM-10 PM,10 AM-10 PM,10 AM-10 PM,Lat 38.88684,Lng -76.9958297,https://www.google.com/maps/place/?q=place_id:ChIJq6pWeDG4t4kR7nt-x1tLK6c,https://www.google.com/search?kgmid=/g/11y403pj2r,https://lh5.googleusercontent.com/p/YcKhyxpzf7KEO0c1sGZjIA,"https://t1.gstatic.com/faviconV2?client=SOCIAL&type=FAVICON&fallback_opts=TYPE,SIZE,URL&url=http://hmelectronics.shop/&size=48", ,, , ,,
RS industries pvt Ltd,212 7th St SE  Washington  DC 20003  United States,212 7th St SE,Washington,20003,District of Columbia,US,America/New_York,+9118007556020 | ,,http://rs-industries.in/,rs-industries.in,Bicycle store, ,No,,,open, ,,,,,,,,Lat 38.88684,Lng -76.9958297,https://www.google.com/maps/place/?q=place_id:ChIJq6pWeDG4t4kRkmOYpPltp4o,https://www.google.com/search?kgmid=/g/11vx7gpvk2,https://lh5.googleusercontent.com/p/YcKhyxpzf7KEO0c1sGZjIA,"https://t1.gstatic.com/faviconV2?client=SOCIAL&type=FAVICON&fallback_opts=TYPE,SIZE,URL&url=http://rs-industries.in/&size=48", ,, , ,,
vishu.lifestyle,212 7th St SE  Washington  DC 20003  United States,212 7th St SE,Washington,20003,District of Columbia,US,America/New_York,+9118007556020 | ,,http://usavishal.in/,usavishal.in,Bicycle store, ,No,,,open,"Friday, 10 AM-10 PM; Saturday, Closed; Sunday, Closed; Monday, 10 AM-10 PM; Tuesday, 10 AM-10 PM; Wednesday, 10 AM-10 PM; Thursday, 10 AM-10 PM; ",Closed,Closed,10 AM-10 PM,10 AM-10 PM,10 AM-10 PM,10 AM-10 PM,10 AM-10 PM,Lat 38.88684,Lng -76.9958297,https://www.google.com/maps/place/?q=place_id:ChIJq6pWeDG4t4kRRzU4NffmZ3E,https://www.google.com/search?kgmid=/g/11w2vdpv29,https://lh5.googleusercontent.com/p/YcKhyxpzf7KEO0c1sGZjIA,"https://t1.gstatic.com/faviconV2?client=SOCIAL&type=FAVICON&fallback_opts=TYPE,SIZE,URL&url=http://usavishal.in/&size=48", ,, , , , 
Brompton Junction,1214 Wisconsin Ave NW  Washington  DC 20007  United States,1214 Wisconsin Ave NW,Washington,20007,District of Columbia,US,America/New_York,12028514571,,http://us.brompton.com/,us.brompton.com,Bicycle store, ,Yes,14,5,open,"Saturday, 11 AM-7 PM; Sunday, 12-6 PM; Monday, 11 AM-7 PM; Tuesday, 11 AM-7 PM; Wednesday, 11 AM-7 PM; Thursday, 11 AM-7 PM; Friday, 11 AM-7 PM; ",11 AM-7 PM,12-6 PM,11 AM-7 PM,11 AM-7 PM,11 AM-7 PM,11 AM-7 PM,11 AM-7 PM,Lat 38.9056332,Lng -77.063046,https://www.google.com/maps/place/?q=place_id:ChIJX0CtRQC3t4kRasciyaq4En8,https://www.google.com/search?kgmid=/g/11vt7bdry6,https://lh5.googleusercontent.com/p/CIABIhBJR_tXf-bdgEzbblk2vxWT,"https://t1.gstatic.com/faviconV2?client=SOCIAL&type=FAVICON&fallback_opts=TYPE,SIZE,URL&url=http://us.brompton.com/&size=48","https://search.google.com/local/reviews?placeid=ChIJX0CtRQC3t4kRasciyaq4En8&q=bicycle+shop+near+Berwyn+Heights+town,+Maryland,+USA&authuser=0&hl=en",,https://www.facebook.com/BromptonBicycle,https://twitter.com/BromptonBicycle,https://www.instagram.com/bromptonbicycle/,https://www.youtube.com/user/bromptonbicycle
King Electric Bikes,502 23rd St NW  Washington  DC 20037  United States,502 23rd St NW,Washington,20037,District of Columbia,US,America/New_York,12024554823,,http://www.kingmicromobility.com/,kingmicromobility.com,Electric bicycle store,Bicycle rental service,Yes,121,4.9,open,"Saturday, 10 AM-6 PM; Sunday, 10 AM-6 PM; Monday, Closed; Tuesday, 10 AM-6 PM; Wednesday, 10 AM-6 PM; Thursday, 10 AM-6 PM; Friday, 10 AM-6 PM; ",10 AM-6 PM,10 AM-6 PM,Closed,10 AM-6 PM,10 AM-6 PM,10 AM-6 PM,10 AM-6 PM,Lat 38.8964828,Lng -77.0505017,https://www.google.com/maps/place/?q=place_id:ChIJC_kx-_M0uwsRK8yCxrBsrQA,https://www.google.com/search?kgmid=/g/11smn_r40v,https://lh5.googleusercontent.com/p/CIABIhADyc5UghZaK2fUb70ACPBC,"https://t1.gstatic.com/faviconV2?client=SOCIAL&type=FAVICON&fallback_opts=TYPE,SIZE,URL&url=http://www.kingmicromobility.com/&size=48","https://search.google.com/local/reviews?placeid=ChIJC_kx-_M0uwsRK8yCxrBsrQA&q=bicycle+shop+near+Berwyn+Heights+town,+Maryland,+USA&authuser=0&hl=en",(202) 455-4823,https://www.facebook.com/KingMicromobility,https://twitter.com/kingelectric_,hhtps://instagram.com/kingelectricbikes,
REI Co-op,201 M St NE  Washington  DC 20002  United States,201 M St NE,Washington,20002,District of Columbia,US,America/New_York,12025432040,,https://www.rei.com/stores/washington-dc?y_source=1_MzcwODAzOC03MTUtbG9jYXRpb24ud2Vic2l0ZQ%3D%3D,rei.com,Bicycle repair shop,,Yes,889,4.2,open,"Saturday, 10 AM-9 PM; Sunday, 10 AM-7 PM; Monday, 10 AM-9 PM; Tuesday, 10 AM-9 PM; Wednesday, 10 AM-9 PM; Thursday, 10 AM-9 PM; Friday, 10 AM-9 PM; ",10 AM-9 PM,10 AM-7 PM,10 AM-9 PM,10 AM-9 PM,10 AM-9 PM,10 AM-9 PM,10 AM-9 PM,Lat 38.904934,Lng -77.0029606,https://www.google.com/maps/place/?q=place_id:ChIJpeRfAxm4t4kRkWfz_pWhQZ4,https://www.google.com/search?kgmid=/g/11cp76c6kv,https://lh5.googleusercontent.com/p/CIHM0ogKEICAgICEt9Tz8QE,"https://t1.gstatic.com/faviconV2?client=SOCIAL&type=FAVICON&fallback_opts=TYPE,SIZE,URL&url=https://www.rei.com/stores/washington-dc?y_source=1_MzcwODAzOC03MTUtbG9jYXRpb24ud2Vic2l0ZQ%3D%3D&size=48","https://search.google.com/local/reviews?placeid=ChIJpeRfAxm4t4kRkWfz_pWhQZ4&q=bicycle+shop+near+Berwyn+Heights+town,+Maryland,+USA&authuser=0&hl=en",+12025432040 | 7033799400 | 3017701751 | 7035061938 | 5715226568,https://www.facebook.com/REI/, ,https://www.instagram.com/rei/,https://www.youtube.com/user/reifindout/
Free Outdoor Bicycle Repair Station,Metropolitan Branch Trail  Washington  DC 20002  United States,Metropolitan Branch Trail,Washington,20002,District of Columbia,US,America/New_York,13019663067,,,,Bicycle repair shop, ,No,17,3.6,Temporarily closed, ,,,,,,,,Lat 38.910798299999996,Lng -77.0015951,https://www.google.com/maps/place/?q=place_id:ChIJPYsvLQW4t4kRPT7LLrti-L4,https://www.google.com/search?kgmid=/g/11c2kzf60k,https://lh5.googleusercontent.com/p/CIHM0ogKEICAgICcu6jHbw, ,"https://search.google.com/local/reviews?placeid=ChIJPYsvLQW4t4kRPT7LLrti-L4&q=bicycle+shop+near+Riverdale+Park+town,+Maryland,+USA&authuser=0&hl=en", , , , , 
ToolPik,212 7th St SE  Washington  DC 20003  United States,212 7th St SE,Washington,20003,District of Columbia,US,America/New_York,+9118007556020 | ,,,,Bicycle store, ,No,,,Temporarily closed, ,,,,,,,,Lat 38.88684,Lng -76.9958297,https://www.google.com/maps/place/?q=place_id:ChIJq6pWeDG4t4kRol4sjQGUHYs,https://www.google.com/search?kgmid=/g/11vljpnj6m,https://lh5.googleusercontent.com/p/YcKhyxpzf7KEO0c1sGZjIA, , , , , , , 
Lonewulf Unicycles,125 U St NW B  Washington  DC 20001  United States,125 U St NW B,Washington,20001,District of Columbia,US,America/New_York,13013578686,,,,Bicycle store, ,Yes,1,5,Temporarily closed, ,,,,,,,,Lat 38.917204999999996,Lng -77.0130731,https://www.google.com/maps/place/?q=place_id:ChIJtbQ_JPm3t4kRYLl7BydKCa0,https://www.google.com/search?kgmid=/g/11b821wyt1,https://lh5.googleusercontent.com/p/AF1QipOecwMev_-UbKTjgHe85Xmw21vXPQ8OZsJgkLYh, ,"https://search.google.com/local/reviews?placeid=ChIJtbQ_JPm3t4kRYLl7BydKCa0&q=bicycle+shop+near+Seat+Pleasant,+Maryland,+USA&authuser=0&hl=en", , , , , 
Trek Bicycle Washington D.C. Georgetown,3411 M St NW  Washington  DC 20007  United States,3411 M St NW,Washington,20007,District of Columbia,US,America/New_York,12029653601,,https://www.trekbikes.com/us/en_US/retail/washington_dc_georgetown/?y_source=1_MTM3ODM1MjItNzE1LWxvY2F0aW9uLndlYnNpdGU%3D,trekbikes.com,Bicycle store,Bicycle rental service,Yes,547,4.9,Temporarily closed, ,,,,,,,,Lat 38.905183699999995,Lng -77.06832829999999,https://www.google.com/maps/place/?q=place_id:ChIJs5lNBEa2t4kR1-GVMP8BnPs,https://www.google.com/search?kgmid=/g/11ddzq157t,https://lh5.googleusercontent.com/p/AF1QipOgC7rzzejBZQRQLJxn_yVaMLAzmMZpCqN-s_41,"https://t1.gstatic.com/faviconV2?client=SOCIAL&type=FAVICON&fallback_opts=TYPE,SIZE,URL&url=https://www.trekbikes.com/us/en_US/retail/washington_dc_georgetown/?y_source=1_MTM3ODM1MjItNzE1LWxvY2F0aW9uLndlYnNpdGU%3D&size=48","https://search.google.com/local/reviews?placeid=ChIJs5lNBEa2t4kR1-GVMP8BnPs&q=bicycle+shop+near+Laurel,+Maryland,+USA&authuser=0&hl=en",,https://www.facebook.com/TrekBicycleGeorgetown,https://twitter.com/trekbikes,https://instagram.com/trekbikes/,https://www.youtube.com/user/trekbikesusa
Super E-bikes,201 M St NE  Washington  DC 20002  United States,201 M St NE,Washington,20002,District of Columbia,US,America/New_York,12133946698,,http://super-ebikes.com/,super-ebikes.com,Bicycle store, ,No,1,5,Temporarily closed, ,,,,,,,,Lat 38.9053912,Lng -77.0027073,https://www.google.com/maps/place/?q=place_id:ChIJw1vtf9y5t4kRnbVAeP87ntQ,https://www.google.com/search?kgmid=/g/11krrzwvzp,https://lh5.googleusercontent.com/p/CIHM0ogKEICAgICp8ZijDA,"https://t1.gstatic.com/faviconV2?client=SOCIAL&type=FAVICON&fallback_opts=TYPE,SIZE,URL&url=http://super-ebikes.com/&size=48","https://search.google.com/local/reviews?placeid=ChIJw1vtf9y5t4kRnbVAeP87ntQ&q=bicycle+shop+near+Berwyn+Heights+town,+Maryland,+USA&authuser=0&hl=en",, , , , 