Name,Full_Address,Street_Address,City,Zip,State,Country,Timezone,Phone_1,Email,Website,Domain,First_category,Second_category,Claimed_google_my_business,Reviews_count,Average_rating,Business Status,Hours,Saturday,Sunday,Monday,Tuesday,Wednesday,Thursday,Friday,Latitude,Longitude,GMB_URL,Google_Knowledge_URL,Image_URL,Favicon,Review_URL,Phone From WEBSITE,Facebook URL,Twitter URL,Instagram URL,Youtube URL
Art's Old Town Bicycle Repair,Main St  Wheeling  WV 26003  United States,Main St,Wheeling,26003,West Virginia,US,America/New_York,13042386778,artsotbr@gmail.com,https://artsotbr.com/,artsotbr.com,Bicycle store, ,No,2,5,open, ,,,,,,,,Lat 40.075530799999996,Lng -80.7251548,https://www.google.com/maps/place/?q=place_id:ChIJWVVGxIvZNYgR4OKFhIV_990,https://www.google.com/search?kgmid=/g/11snnn16x8,https://lh5.googleusercontent.com/p/1WBpCfChlEke1lZ3NWp-mA,"https://t1.gstatic.com/faviconV2?client=SOCIAL&type=FAVICON&fallback_opts=TYPE,SIZE,URL&url=https://artsotbr.com/&size=48","https://search.google.com/local/reviews?placeid=ChIJWVVGxIvZNYgR4OKFhIV_990&q=bicycle+shop+near+Wheeling,+west-virginia,+USA&authuser=0&hl=en",, , ,,
Wheelcraft Bicycles,2187 National Rd  Wheeling  WV 26003  United States,2187 National Rd,Wheeling,26003,West Virginia,US,America/New_York,13042422100,dhollis@wheelcraftbicycles.com,http://www.wheelcraftbicycles.com/,wheelcraftbicycles.com,Bicycle store, ,Yes,38,4.9,open,"Friday, 10 AM-6 PM; Saturday, 10 AM-4 PM; Sunday, Closed; Monday, Closed; Tuesday, 10 AM-6 PM; Wednesday, 10 AM-6 PM; Thursday, 10 AM-6 PM; ",10 AM-4 PM,Closed,Closed,10 AM-6 PM,10 AM-6 PM,10 AM-6 PM,10 AM-6 PM,Lat 40.044917,Lng -80.65967959999999,https://www.google.com/maps/place/?q=place_id:ChIJO1eKihnbNYgRxxG2Myi-hAA,https://www.google.com/search?kgmid=/g/1tglhzm4,https://lh5.googleusercontent.com/p/CIHM0ogKEICAgIC425WNdA,"https://t1.gstatic.com/faviconV2?client=SOCIAL&type=FAVICON&fallback_opts=TYPE,SIZE,URL&url=http://www.wheelcraftbicycles.com/&size=48","https://search.google.com/local/reviews?placeid=ChIJO1eKihnbNYgRxxG2Myi-hAA&q=bicycle+shop+near+Wheeling,+west-virginia,+USA&authuser=0&hl=en",304.242.2100,https://www.facebook.com/wheelcraftbicycles, ,https://www.instagram.com/wheelcraftbicycles/,
Blackwater Bikes,685 William Ave  Davis  WV 26260  United States,685 William Ave,Davis,26260,West Virginia,US,America/New_York,13042595286,info@blackwaterbikes.com,https://blackwaterbikes.com/,blackwaterbikes.com,Bicycle store, ,Yes,65,4.8,open,"Saturday, 10 AM-5 PM; Sunday, 10 AM-4 PM; Monday, 10 AM-5 PM; Tuesday, 10 AM-5 PM; Wednesday, 10 AM-5 PM; Thursday, 10 AM-5 PM; Friday, 10 AM-6 PM; ",10 AM-5 PM,10 AM-4 PM,10 AM-5 PM,10 AM-5 PM,10 AM-5 PM,10 AM-5 PM,10 AM-6 PM,Lat 39.1276855,Lng -79.4685287,https://www.google.com/maps/place/?q=place_id:ChIJq_nyLtTLSogRNuoUWuBZH0g,https://www.google.com/search?kgmid=/g/1td6h525,https://lh5.googleusercontent.com/p/CIHM0ogKEICAgIDW_ZfVdg,"https://t1.gstatic.com/faviconV2?client=SOCIAL&type=FAVICON&fallback_opts=TYPE,SIZE,URL&url=https://blackwaterbikes.com/&size=48","https://search.google.com/local/reviews?placeid=ChIJq_nyLtTLSogRNuoUWuBZH0g&q=bicycle+shop+near+Kenova,+west-virginia,+USA&authuser=0&hl=en",,https://www.facebook.com/BlackwaterBikes, ,https://www.instagram.com/blackwaterbikes/,
Eastern Panhandle Bicycle Company,805 E Moler Ave  Martinsburg  WV 25404  United States,805 E Moler Ave,Martinsburg,25404,West Virginia,US,America/New_York,13042633760,info@epbicycles.com,http://www.epbicycles.com/,epbicycles.com,Bicycle store, ,Yes,67,4.2,open,"Saturday, 9 AM-2 PM; Sunday, Closed; Monday, Closed; Tuesday, 9 AM-5 PM; Wednesday, 9 AM-5 PM; Thursday, 9 AM-5 PM; Friday, 9 AM-6 PM; ",9 AM-2 PM,Closed,Closed,9 AM-5 PM,9 AM-5 PM,9 AM-5 PM,9 AM-6 PM,Lat 39.465053499999996,Lng -77.9477539,https://www.google.com/maps/place/?q=place_id:ChIJ8UpJBjUCyokREGeGO2tUGZY,https://www.google.com/search?kgmid=/g/1ttq31__,https://lh5.googleusercontent.com/p/CIHM0ogKEICAgICyiKfRQg,"https://t1.gstatic.com/faviconV2?client=SOCIAL&type=FAVICON&fallback_opts=TYPE,SIZE,URL&url=http://www.epbicycles.com/&size=48","https://search.google.com/local/reviews?placeid=ChIJ8UpJBjUCyokREGeGO2tUGZY&q=bicycle+shop+near+Kingwood,+west-virginia,+USA&authuser=0&hl=en",,https://www.facebook.com/easternpanhandlebicycles/?ref=tn_tnmn, ,https://www.instagram.com/epbicycles/,https://www.youtube.com/channel/UCD5zDxNCdlzAwHq2DeUSJ4g
Positive Spin,1216 University Ave  Morgantown  WV 26505  United States,1216 University Ave,Morgantown,26505,West Virginia,US,America/New_York,13049332633,info@positivespin.org,http://www.positivespin.org/,positivespin.org,Bicycle repair shop, ,Yes,20,5,open,"Friday, Closed; Saturday, Closed; Sunday, Closed; Monday, Closed; Tuesday, 5-10 PM; Wednesday, Closed; Thursday, Closed; ",Closed,Closed,Closed,5-10 PM,Closed,Closed,Closed,Lat 39.6297247,Lng -79.95813629999999,https://www.google.com/maps/place/?q=place_id:ChIJwSvDNmd8NYgRF23oBLrcatE,https://www.google.com/search?kgmid=/g/11fz39427m,https://lh5.googleusercontent.com/p/CIABIhBmIMhyaTW4yvWc2f4_hIf_,"https://t1.gstatic.com/faviconV2?client=SOCIAL&type=FAVICON&fallback_opts=TYPE,SIZE,URL&url=http://www.positivespin.org/&size=48","https://search.google.com/local/reviews?placeid=ChIJwSvDNmd8NYgRF23oBLrcatE&q=bicycle+shop+near+Morgantown,+west-virginia,+USA&authuser=0&hl=en",304-933-2633,https://facebook.com/positivespinwv, ,,
Greenbrier Bikes,916 3rd Ave  Marlinton  WV 24954  United States,916 3rd Ave,Marlinton,24954,West Virginia,US,America/New_York,13045917021,shop@greenbrierbikes.com,http://greenbrierbikes.com/,greenbrierbikes.com,Bicycle store,Bicycle rental service,Yes,31,5,open,"Saturday, 9 AM-4 PM; Sunday, Closed; Monday, Closed; Tuesday, 9 AM-4 PM; Wednesday, 9 AM-4 PM; Thursday, 9 AM-4 PM; Friday, 9 AM-4 PM; ",9 AM-4 PM,Closed,Closed,9 AM-4 PM,9 AM-4 PM,9 AM-4 PM,9 AM-4 PM,Lat 38.221683899999995,Lng -80.0951211,https://www.google.com/maps/place/?q=place_id:ChIJz_N2oLeBTIgROT1FC0SNs6g,https://www.google.com/search?kgmid=/g/11rgdspb0n,https://lh5.googleusercontent.com/p/AF1QipMdymRcxH2_w9BDCyGvVSda1hbanYIUnL4_bRJj,"https://t1.gstatic.com/faviconV2?client=SOCIAL&type=FAVICON&fallback_opts=TYPE,SIZE,URL&url=http://greenbrierbikes.com/&size=48","https://search.google.com/local/reviews?placeid=ChIJz_N2oLeBTIgROT1FC0SNs6g&q=bicycle+shop+near+Kenova,+west-virginia,+USA&authuser=0&hl=en",,https://www.facebook.com/GreenbrierBikes/, ,,
MTB Doc,126 W Main St  Bridgeport  WV 26330  United States,126 W Main St,Bridgeport,26330,West Virginia,US,America/New_York,13048414417,steve@mtbdoc.com,https://www.mtbdoc.com/,mtbdoc.com,Bicycle repair shop, ,Yes,10,5,open, ,,,,,,,,Lat 39.285038199999995,Lng -80.25232249999999,https://www.google.com/maps/place/?q=place_id:ChIJ_Rny_llnSogRSL5wOr2AHGI,https://www.google.com/search?kgmid=/g/11yb6b4j59,https://lh5.googleusercontent.com/p/AF1QipMmmEW10Vp6uiMYa_TO9Kb-OTthnLotFe8bhvgq,"https://t1.gstatic.com/faviconV2?client=SOCIAL&type=FAVICON&fallback_opts=TYPE,SIZE,URL&url=https://www.mtbdoc.com/&size=48","https://search.google.com/local/reviews?placeid=ChIJ_Rny_llnSogRSL5wOr2AHGI&q=bicycle+shop+near+Blennerhassett,+west-virginia,+USA&authuser=0&hl=en",3048414417,https://www.facebook.com/103721674597313, ,https://www.instagram.com/mtb_doc,
On The Lake Electric Bike Company  LLC,,,Pea Ridge,,west-virginia,US,America/New_York,14402182453,,https://www.onthelakebikes.com/,onthelakebikes.com,Bicycle rental service,Bicycle Shop,Yes,47,5,open, ,,,,,,,,Lat 41.766025,Lng -80.9550864,https://www.google.com/maps/place/?q=place_id:ChIJ_Vr7J9ZnhWYRh34L17m8TkE,https://www.google.com/search?kgmid=/g/11nnmd8h2l,https://lh5.googleusercontent.com/p/AF1QipNweqBAKUm5qwAQirOKmA2jh6HKNGMUGNlCMGYK,"https://t1.gstatic.com/faviconV2?client=SOCIAL&type=FAVICON&fallback_opts=TYPE,SIZE,URL&url=https://www.onthelakebikes.com/&size=48","https://search.google.com/local/reviews?placeid=ChIJ_Vr7J9ZnhWYRh34L17m8TkE&q=bicycle+shop+near+Geneva,+Ohio,+USA&authuser=0&hl=en",,https://www.facebook.com/onthelakebikes, ,https://www.instagram.com/onthelakebikes/,https://www.youtube.com/@onthelakeelectricbikecompa3605/featured
BFR,,,Morgantown,,west-virginia,US,America/New_York,,,https://www.pinkbike.com/u/BFR-WV/,pinkbike.com,Bicycle store,Service establishment,Yes,,,open, ,,,,,,,,Lat 39.625271,Lng -79.94359299999999,https://www.google.com/maps/place/?q=place_id:ChIJzYmyLg_Ae04RuZKlH3CQSxU,https://www.google.com/search?kgmid=/g/11p60f_c3b,https://lh5.googleusercontent.com/p/AF1QipMUyxEm_c3qxaUEkNE-ofdafD-7eKstxYwirPF7,"https://t1.gstatic.com/faviconV2?client=SOCIAL&type=FAVICON&fallback_opts=TYPE,SIZE,URL&url=https://www.pinkbike.com/u/BFR-WV/&size=48", ,,https://www.facebook.com/pinkbikecom,https://twitter.com/pinkbike,https://www.instagram.com/pinkbike,https://www.youtube.com/pinkbike
MTB Shock Doc,126 W Main St  Bridgeport  WV 26330  United States,126 W Main St,Bridgeport,26330,West Virginia,US,America/New_York,13048414417,,http://www.mtbdoc.com/,mtbdoc.com,Bicycle repair shop,Computer repair service,Yes,1,5,open,"Saturday, 10 AM-6 PM; Sunday, Closed; Monday, 10 AM-6 PM; Tuesday, 10 AM-6 PM; Wednesday, 10 AM-6 PM; Thursday, 10 AM-6 PM; Friday, 10 AM-6 PM; ",10 AM-6 PM,Closed,10 AM-6 PM,10 AM-6 PM,10 AM-6 PM,10 AM-6 PM,10 AM-6 PM,Lat 39.2850077,Lng -80.2523391,https://www.google.com/maps/place/?q=place_id:ChIJrTM2Es0lSogRz5e8xPq6Uqw,https://www.google.com/search?kgmid=/g/11rwr2d0q6,https://lh5.googleusercontent.com/p/AF1QipP9pJB6CDxYUz3Wyw10bkNojgw6M1rYC1d6LteK,"https://t1.gstatic.com/faviconV2?client=SOCIAL&type=FAVICON&fallback_opts=TYPE,SIZE,URL&url=http://www.mtbdoc.com/&size=48","https://search.google.com/local/reviews?placeid=ChIJrTM2Es0lSogRz5e8xPq6Uqw&q=bicycle+shop+near+Mannington,+west-virginia,+USA&authuser=0&hl=en",3048414417,https://www.facebook.com/103721674597313, ,https://www.instagram.com/mtb_doc,
Big Bear Bike Rentals,66 North Bend Rail-Trail  Salem  WV 26426  United States,66 North Bend Rail-Trail,Salem,26426,West Virginia,US,America/New_York,13047820508,,,,Bicycle rental service,Bicycle repair shop,No,,,open,"Saturday, 10 AM-12 AM; Sunday, Closed; Monday, Closed; Tuesday, Closed; Wednesday, Closed; Thursday, Closed; Friday, Closed; ",10 AM-12 AM,Closed,Closed,Closed,Closed,Closed,Closed,Lat 39.287130999999995,Lng -80.54365399999999,https://www.google.com/maps/place/?q=place_id:ChIJ40MpA-AVSogRn6piH-RGpzA,https://www.google.com/search?kgmid=/g/11bywvp0_m,https://lh5.googleusercontent.com/p/VwiR48g9eaBLnxLhsFu8og, , , , , , , 
RentaBikeNow for Store #62,115 W German St  Shepherdstown  WV 25443  United States,115 W German St,Shepherdstown,25443,West Virginia,US,America/New_York,18474414292,,,,Bicycle rental service, ,Yes,,,open, ,,,,,,,,Lat 39.4310927,Lng -77.8061507,https://www.google.com/maps/place/?q=place_id:ChIJoeZd2ZH7yYkRwH7WH5JYkpo,https://www.google.com/search?kgmid=/g/1tgf45gh,https://lh5.googleusercontent.com/p/OGlIU1HeY7X5ROQuL82uJw, , , , , , , 
Country Trails Bikes,1 Railroad St  Cairo  WV 26337  United States,1 Railroad St,Cairo,26337,West Virginia,US,America/New_York,13046283100,,,,Bicycle rental service,Bicycle Shop,No,5,5,open, ,,,,,,,,Lat 39.208984199999996,Lng -81.156199,https://www.google.com/maps/place/?q=place_id:ChIJWVbc8iOWSYgREm-sAJqYJHg,https://www.google.com/search?kgmid=/g/1td8ztmg,https://lh5.googleusercontent.com/p/CIHM0ogKEICAgIDk4PPlCg, ,"https://search.google.com/local/reviews?placeid=ChIJWVbc8iOWSYgREm-sAJqYJHg&q=bicycle+shop+near+Keyser,+west-virginia,+USA&authuser=0&hl=en", , , , , 
Harvey Family Mountain Bike Shop,Mt Hope  WV 25880  United States,Mt Hope  WV 25880,Mt Hope,25880,West Virginia,US,America/New_York,,,,,Bicycle repair shop, ,No,2,5,open, ,,,,,,,,Lat 37.918484299999996,Lng -81.1207858,https://www.google.com/maps/place/?q=place_id:ChIJm8TzSPWUTogRWqDM8I36Cw4,https://www.google.com/search?kgmid=/g/11g8yb6hwm, , ,"https://search.google.com/local/reviews?placeid=ChIJm8TzSPWUTogRWqDM8I36Cw4&q=bicycle+shop+near+Shady+Spring,+west-virginia,+USA&authuser=0&hl=en", , , , , 
Summit Bikes,179 Matrix Ln  New Cumberland  WV 26047  United States,179 Matrix Ln,New Cumberland,26047,West Virginia,US,America/New_York,13045644553,,,,Bicycle store, ,No,7,5,open,"Friday, 11 AM-6 PM; Saturday, 10 AM-4 PM; Sunday, Closed; Monday, Closed; Tuesday, 11 AM-6 PM; Wednesday, 11 AM-6 PM; Thursday, 11 AM-6 PM; ",10 AM-4 PM,Closed,Closed,11 AM-6 PM,11 AM-6 PM,11 AM-6 PM,11 AM-6 PM,Lat 40.531875899999996,Lng -80.587745,https://www.google.com/maps/place/?q=place_id:ChIJEcJeeFU8NIgRJj50Wq32rMw,https://www.google.com/search?kgmid=/g/1tg8238p, , ,"https://search.google.com/local/reviews?placeid=ChIJEcJeeFU8NIgRJj50Wq32rMw&q=bicycle+shop+near+Toronto,+Ohio,+USA&authuser=0&hl=en", , , , , 
Zirkle Cycles,1268 Cassity Rd  Mabie  WV 26278  United States,1268 Cassity Rd,Mabie,26278,West Virginia,US,America/New_York,12409607148,,,,Bicycle store, ,Yes,1,4,open,"Friday, 6:30 AM-8 PM; Saturday, 6:30 AM-8 PM; Sunday, Closed; Monday, 6 AM-8 PM; Tuesday, 6 AM-8 PM; Wednesday, 6 AM-8 PM; Thursday, 6 AM-8 PM; ",6:30 AM-8 PM,Closed,6 AM-8 PM,6 AM-8 PM,6 AM-8 PM,6 AM-8 PM,6:30 AM-8 PM,Lat 38.8530355,Lng -79.9835046,https://www.google.com/maps/place/?q=place_id:ChIJrZx_ACQDS4gRGMLQzqIK_8k,https://www.google.com/search?kgmid=/g/11y4ymllmy,https://lh5.googleusercontent.com/p/AF1QipN4of44jT-tbCb5Q_CD3wcVfoGOm0kDEP8MO19v, ,"https://search.google.com/local/reviews?placeid=ChIJrZx_ACQDS4gRGMLQzqIK_8k&q=bicycle+shop+near+Keyser,+west-virginia,+USA&authuser=0&hl=en", , , , , 
Arrowhead Bike Farm and Campground,8263 Gatewood Rd  Fayetteville  WV 25840  United States,8263 Gatewood Rd,Fayetteville,25840,West Virginia,US,America/New_York,13049005501,,https://arrowheadbikefarm.com/,arrowheadbikefarm.com,Bicycle rental service,Bar,Yes,413,4.9,open, ,,,,,,,,Lat 38.040279,Lng -81.0805772,https://www.google.com/maps/place/?q=place_id:ChIJ134-Tp--TogROVZBpDojEBg,https://www.google.com/search?kgmid=/g/11b7hq61rz,https://lh5.googleusercontent.com/p/CIHM0ogKEICAgID6y_XYJA,"https://t1.gstatic.com/faviconV2?client=SOCIAL&type=FAVICON&fallback_opts=TYPE,SIZE,URL&url=https://arrowheadbikefarm.com/&size=48","https://search.google.com/local/reviews?placeid=ChIJ134-Tp--TogROVZBpDojEBg&q=bicycle+shop+near+Fayetteville,+west-virginia,+USA&authuser=0&hl=en",304-900-5501,https://www.facebook.com/arrowheadbikefarm/,https://twitter.com/ahbikefarm,https://www.instagram.com/arrowheadbikefarm/,
River City Bikes & River Adventures,114 Honaker Hollow Rd  Ronceverte  WV 24970  United States,114 Honaker Hollow Rd,Ronceverte,24970,West Virginia,US,America/New_York,13049925187,,https://rivercitybikes-riveradventures.com/,rivercitybikes-riveradventures.com,Bicycle rental service,Canoe & kayak rental service,Yes,23,5,open,"Saturday, 8:30 AM-6:30 PM; Sunday, 8:30 AM-6:30 PM; Monday, 8:30 AM-6:30 PM; Tuesday, Closed; Wednesday, Closed; Thursday, 8:30 AM-6:30 PM; Friday, 8:30 AM-6:30 PM; ",8:30 AM-6:30 PM,8:30 AM-6:30 PM,8:30 AM-6:30 PM,Closed,Closed,8:30 AM-6:30 PM,8:30 AM-6:30 PM,Lat 37.7669778,Lng -80.3945389,https://www.google.com/maps/place/?q=place_id:ChIJG4imzm83TIgR2805VyWS7Gw,https://www.google.com/search?kgmid=/g/11vzqw1k5r,https://lh5.googleusercontent.com/p/AF1QipOmoaOAi3ISccRgRDPnJYzq568MJOtXWsKjQ_B9,"https://t1.gstatic.com/faviconV2?client=SOCIAL&type=FAVICON&fallback_opts=TYPE,SIZE,URL&url=https://rivercitybikes-riveradventures.com/&size=48","https://search.google.com/local/reviews?placeid=ChIJG4imzm83TIgR2805VyWS7Gw&q=bicycle+shop+near+Shady+Spring,+west-virginia,+USA&authuser=0&hl=en",3049925187,https://www.facebook.com/profile.php?id=61557940695964#, ,,
pipestem E- bike rental,15063 WV-20  Pipestem  WV 25979  United States,15063 WV-20,Pipestem,25979,West Virginia,US,America/New_York,18502121974,,https://pipestembikerental.com/,pipestembikerental.com,Bicycle rental service, ,Yes,2,5,open,"Saturday, 8 AM-6 PM; Sunday, 8 AM-6 PM; Monday, 8 AM-6 PM; Tuesday, 8 AM-6 PM; Wednesday, 8 AM-6 PM; Thursday, 8 AM-6 PM; Friday, 8 AM-6 PM; ",8 AM-6 PM,8 AM-6 PM,8 AM-6 PM,8 AM-6 PM,8 AM-6 PM,8 AM-6 PM,8 AM-6 PM,Lat 37.5906179,Lng -80.9154987,https://www.google.com/maps/place/?q=place_id:ChIJm47PBfF9TogRrR9-Kh8EvYw,https://www.google.com/search?kgmid=/g/11svypl586,https://lh5.googleusercontent.com/p/AF1QipNpMGvLaZuMzb00MzuQs2yPkwN0DiX8TXO8E6pj,"https://t1.gstatic.com/faviconV2?client=SOCIAL&type=FAVICON&fallback_opts=TYPE,SIZE,URL&url=https://pipestembikerental.com/&size=48","https://search.google.com/local/reviews?placeid=ChIJm47PBfF9TogRrR9-Kh8EvYw&q=bicycle+shop+near+Bradley,+west-virginia,+USA&authuser=0&hl=en",8502121974 | 3047161946, , ,,
Shepherdstown Pedal & Paddle,115 W German St  Shepherdstown  WV 25443  United States,115 W German St,Shepherdstown,25443,West Virginia,US,America/New_York,13048763000,,http://www.thepedalpaddle.com/,thepedalpaddle.com,Bicycle rental service,Bicycle repair shop,Yes,156,4.8,open,"Friday, 11 AM-7 PM; Saturday, 11 AM-7 PM; Sunday, 11 AM-5 PM; Monday, Closed; Tuesday, Closed; Wednesday, 11 AM-7 PM; Thursday, 11 AM-7 PM; ",11 AM-7 PM,11 AM-5 PM,Closed,Closed,11 AM-7 PM,11 AM-7 PM,11 AM-7 PM,Lat 39.4311315,Lng -77.8062415,https://www.google.com/maps/place/?q=place_id:ChIJoeZd2ZH7yYkRn4PMjeatRK8,https://www.google.com/search?kgmid=/g/1thf9jhn,https://lh5.googleusercontent.com/p/CIHM0ogKEICAgICE0aG9VQ,"https://t1.gstatic.com/faviconV2?client=SOCIAL&type=FAVICON&fallback_opts=TYPE,SIZE,URL&url=http://www.thepedalpaddle.com/&size=48","https://search.google.com/local/reviews?placeid=ChIJoeZd2ZH7yYkRn4PMjeatRK8&q=bicycle+shop+near+Keyser,+west-virginia,+USA&authuser=0&hl=en",1-304-876-3000,https://www.facebook.com/ShepherdstownPedalPaddle/, ,https://www.instagram.com/thepedalpaddle/,
Ebike Tours by Snowshoe Mountain,10 Snowshoe Dr  Snowshoe  WV 26209  United States,10 Snowshoe Dr,Snowshoe,26209,West Virginia,US,America/New_York,18774414386,,https://www.snowshoemtn.com/things-to-do/activity-details/ebike-tours,snowshoemtn.com,Bicycle rental service,Adventure sports center,Yes,1,5,open, ,,,,,,,,Lat 38.4103397,Lng -79.9951753,https://www.google.com/maps/place/?q=place_id:ChIJOxWro5FxS4gRh41vaAvWIpw,https://www.google.com/search?kgmid=/g/11vk_7t0fy, ,"https://t1.gstatic.com/faviconV2?client=SOCIAL&type=FAVICON&fallback_opts=TYPE,SIZE,URL&url=https://www.snowshoemtn.com/things-to-do/activity-details/ebike-tours&size=48","https://search.google.com/local/reviews?placeid=ChIJOxWro5FxS4gRh41vaAvWIpw&q=bicycle+shop+near+Spencer,+west-virginia,+USA&authuser=0&hl=en",, , , , 
Free Spirit Adventures,135 Bicycle Ln  Caldwell  WV 24925  United States,135 Bicycle Ln,Caldwell,24925,West Virginia,US,America/New_York,13045360333,,http://www.freespiritadventures.com/,freespiritadventures.com,Bicycle rental service,Bicycle repair shop,Yes,5,3.8,open,"Saturday, Closed; Sunday, Closed; Monday, 9 AM-5 PM; Tuesday, 9 AM-5 PM; Wednesday, 9 AM-5 PM; Thursday, 9 AM-5 PM; Friday, 9 AM-5 PM; ",Closed,Closed,9 AM-5 PM,9 AM-5 PM,9 AM-5 PM,9 AM-5 PM,9 AM-5 PM,Lat 37.7724611,Lng -80.3668922,https://www.google.com/maps/place/?q=place_id:ChIJq6qqqgFMTIgRjaHWUNGc70I,https://www.google.com/search?kgmid=/g/1tdh93_p,https://lh5.googleusercontent.com/p/AF1QipNOUfyOTmMwOmI6vOq1zr-9AOmGoQuBXn5oMlcb,"https://t1.gstatic.com/faviconV2?client=SOCIAL&type=FAVICON&fallback_opts=TYPE,SIZE,URL&url=http://www.freespiritadventures.com/&size=48","https://search.google.com/local/reviews?placeid=ChIJq6qqqgFMTIgRjaHWUNGc70I&q=bicycle+shop+near+Williamson,+west-virginia,+USA&authuser=0&hl=en",3045360333,https://www.facebook.com/free.s.adv, ,,
Wheelbilly Bikes,3547 Teays Valley Road  Hurricane  WV 25526  United States,3547 Teays Valley Road,Hurricane,25526,West Virginia,US,America/New_York,13044218000,,http://wheelbillybikes.com/,wheelbillybikes.com,Bicycle store, ,Yes,32,4.8,open,"Saturday, 9 AM-5 PM; Sunday, Closed; Monday, Closed; Tuesday, 10 AM-6 PM; Wednesday, 10 AM-6 PM; Thursday, 10 AM-6 PM; Friday, 10 AM-6 PM; ",9 AM-5 PM,Closed,Closed,10 AM-6 PM,10 AM-6 PM,10 AM-6 PM,10 AM-6 PM,Lat 38.442482999999996,Lng -81.98325679999999,https://www.google.com/maps/place/?q=place_id:ChIJ8dTHNQ-zSIgRXqBoaayQG6s,https://www.google.com/search?kgmid=/g/11nxvcp29q,https://lh5.googleusercontent.com/p/CIHM0ogKEICAgIDOx7PMlQE,"https://t1.gstatic.com/faviconV2?client=SOCIAL&type=FAVICON&fallback_opts=TYPE,SIZE,URL&url=http://wheelbillybikes.com/&size=48","https://search.google.com/local/reviews?placeid=ChIJ8dTHNQ-zSIgRXqBoaayQG6s&q=bicycle+shop+near+Kenova,+west-virginia,+USA&authuser=0&hl=en",1-304-421-8000,https://www.facebook.com/wheelbillybikes/, ,https://www.instagram.com/wheelbillybikes/,
Pike Street Bikes  LLC,215 Pike St  Shinnston  WV 26431  United States,215 Pike St,Shinnston,26431,West Virginia,US,America/New_York,13045923000,,http://pikestreetbikeswv.com/,pikestreetbikeswv.com,Bicycle store, ,Yes,66,4.9,open,"Saturday, 10 AM-2 PM; Sunday, Closed; Monday, 10 AM-6 PM; Tuesday, 10 AM-6 PM; Wednesday, 10 AM-6 PM; Thursday, Closed; Friday, 10 AM-6 PM; ",10 AM-2 PM,Closed,10 AM-6 PM,10 AM-6 PM,10 AM-6 PM,Closed,10 AM-6 PM,Lat 39.395095,Lng -80.3017237,https://www.google.com/maps/place/?q=place_id:ChIJa2nRn8FvSogRmOhwssIti18,https://www.google.com/search?kgmid=/g/1tfk9q8c,https://lh5.googleusercontent.com/p/AF1QipOEG4PgcAUdYf84BvAoBklo8kEua5ZIw2ilAwzV,"https://t1.gstatic.com/faviconV2?client=SOCIAL&type=FAVICON&fallback_opts=TYPE,SIZE,URL&url=http://pikestreetbikeswv.com/&size=48","https://search.google.com/local/reviews?placeid=ChIJa2nRn8FvSogRmOhwssIti18&q=bicycle+shop+near+Kenova,+west-virginia,+USA&authuser=0&hl=en",3045923000,https://www.facebook.com/pikestreetbikes, ,https://www.instagram.com/pikestreetbikes/,
New River Bike,221 N Court St  Fayetteville  WV 25840  United States,221 N Court St,Fayetteville,25840,West Virginia,US,America/New_York,13045742453,,http://www.newriverbikes.com/,newriverbikes.com,Bicycle store, ,Yes,50,4.6,open,"Saturday, 10 AM-4 PM; Sunday, Closed; Monday, 10 AM-6 PM; Tuesday, 10 AM-6 PM; Wednesday, Closed; Thursday, 10 AM-6 PM; Friday, 10 AM-6 PM; ",10 AM-4 PM,Closed,10 AM-6 PM,10 AM-6 PM,Closed,10 AM-6 PM,10 AM-6 PM,Lat 38.0542127,Lng -81.10492579999999,https://www.google.com/maps/place/?q=place_id:ChIJA5SpaM--TogR26uPpoXd83w,https://www.google.com/search?kgmid=/g/1tw1fjc5,https://lh5.googleusercontent.com/p/CIHM0ogKEICAgICH4bj3Ug,"https://t1.gstatic.com/faviconV2?client=SOCIAL&type=FAVICON&fallback_opts=TYPE,SIZE,URL&url=http://www.newriverbikes.com/&size=48","https://search.google.com/local/reviews?placeid=ChIJA5SpaM--TogR26uPpoXd83w&q=bicycle+shop+near+Kingwood,+west-virginia,+USA&authuser=0&hl=en",,https://www.facebook.com/newriverbikes/?fref=ts, ,http://instagram.com/volitionmag_,
Jeff's Bike Shop,704 6th Ave  Huntington  WV 25701  United States,704 6th Ave,Huntington,25701,West Virginia,US,America/New_York,13045222453,,http://www.jeffsbikeshop.com/,jeffsbikeshop.com,Bicycle store, ,Yes,67,4.3,open,"Saturday, 10 AM-3 PM; Sunday, Closed; Monday, Closed; Tuesday, 10 AM-6 PM; Wednesday, 10 AM-6 PM; Thursday, 10 AM-6 PM; Friday, 10 AM-6 PM; ",10 AM-3 PM,Closed,Closed,10 AM-6 PM,10 AM-6 PM,10 AM-6 PM,10 AM-6 PM,Lat 38.417741299999996,Lng -82.4461532,https://www.google.com/maps/place/?q=place_id:ChIJA5yC-9oJRogRsnRab5cZO74,https://www.google.com/search?kgmid=/g/1tjyv8yt,https://lh5.googleusercontent.com/p/AF1QipO_C0g58T6lvYIiX1FU2Yl23EeV4Yma6IfDG5NS,"https://t1.gstatic.com/faviconV2?client=SOCIAL&type=FAVICON&fallback_opts=TYPE,SIZE,URL&url=http://www.jeffsbikeshop.com/&size=48","https://search.google.com/local/reviews?placeid=ChIJA5yC-9oJRogRsnRab5cZO74&q=bicycle+shop+near+Kenova,+west-virginia,+USA&authuser=0&hl=en",3045222453, , ,,
John's Cyclery,309 MacCorkle Ave  St Albans  WV 25177  United States,309 MacCorkle Ave,St Albans,25177,West Virginia,US,America/New_York,13047272180,,http://www.johnscyclery.com/,johnscyclery.com,Bicycle store, ,Yes,138,4.8,open,"Saturday, 9 AM-5 PM; Sunday, Closed; Monday, 10 AM-6 PM; Tuesday, Closed; Wednesday, 10 AM-6 PM; Thursday, 10 AM-6 PM; Friday, 10 AM-6 PM; ",9 AM-5 PM,Closed,10 AM-6 PM,Closed,10 AM-6 PM,10 AM-6 PM,10 AM-6 PM,Lat 38.3891189,Lng -81.83323639999999,https://www.google.com/maps/place/?q=place_id:ChIJA63lVN3KSIgRpvJt15ss_qw,https://www.google.com/search?kgmid=/g/1tvq4tk0,https://lh5.googleusercontent.com/p/CIHM0ogKEICAgICDsO6BPQ,"https://t1.gstatic.com/faviconV2?client=SOCIAL&type=FAVICON&fallback_opts=TYPE,SIZE,URL&url=http://www.johnscyclery.com/&size=48","https://search.google.com/local/reviews?placeid=ChIJA63lVN3KSIgRpvJt15ss_qw&q=bicycle+shop+near+Kenova,+west-virginia,+USA&authuser=0&hl=en",,https://www.facebook.com/Johns-Cyclery-192084254834/, ,https://instagram.com/johnscyclery,
Speed Vision Bikes,722 Valley Falls Rd  Fairmont  WV 26554  United States,722 Valley Falls Rd,Fairmont,26554,West Virginia,US,America/New_York,13049334533,,http://www.speedvision.bike/,speedvision.bike,Bicycle store, ,Yes,36,4.8,open,"Saturday, Closed; Sunday, Closed; Monday, 11 AM-6 PM; Tuesday, 11 AM-6 PM; Wednesday, 12-6 PM; Thursday, 11 AM-6 PM; Friday, 11 AM-6 PM; ",Closed,Closed,11 AM-6 PM,11 AM-6 PM,12-6 PM,11 AM-6 PM,11 AM-6 PM,Lat 39.3938784,Lng -80.06928239999999,https://www.google.com/maps/place/?q=place_id:ChIJC5jZedyJSogRocmJqbrXNwM,https://www.google.com/search?kgmid=/g/11gkb4tplf,https://lh5.googleusercontent.com/p/AF1QipOMqpTb9qU4W0rRzrZTi6wQiuaqmyUz1ZJX13B1,"https://t1.gstatic.com/faviconV2?client=SOCIAL&type=FAVICON&fallback_opts=TYPE,SIZE,URL&url=http://www.speedvision.bike/&size=48","https://search.google.com/local/reviews?placeid=ChIJC5jZedyJSogRocmJqbrXNwM&q=bicycle+shop+near+Pleasant+Valley,+west-virginia,+USA&authuser=0&hl=en",, , ,,
Elk City Cycles,613 Tennessee Ave  Charleston  WV 25302  United States,613 Tennessee Ave,Charleston,25302,West Virginia,US,America/New_York,16812651014,,http://www.elkcitycycles.com/,elkcitycycles.com,Bicycle store,Bicycle repair shop,Yes,46,4.8,open,"Saturday, 9 AM-4 PM; Sunday, Closed; Monday, Closed; Tuesday, 10 AM-6 PM; Wednesday, 10 AM-6 PM; Thursday, 10 AM-6 PM; Friday, 10 AM-6 PM; ",9 AM-4 PM,Closed,Closed,10 AM-6 PM,10 AM-6 PM,10 AM-6 PM,10 AM-6 PM,Lat 38.3609459,Lng -81.6419295,https://www.google.com/maps/place/?q=place_id:ChIJE70lKgfTSIgRyd0eQ0cZoWE,https://www.google.com/search?kgmid=/g/11m876g7wj,https://lh5.googleusercontent.com/p/AF1QipNJ748EXZj76JTKmKhxpNHcKuwvueEhcFcuRAo,"https://t1.gstatic.com/faviconV2?client=SOCIAL&type=FAVICON&fallback_opts=TYPE,SIZE,URL&url=http://www.elkcitycycles.com/&size=48","https://search.google.com/local/reviews?placeid=ChIJE70lKgfTSIgRyd0eQ0cZoWE&q=bicycle+shop+near+Kenova,+west-virginia,+USA&authuser=0&hl=en",, , ,,
Bigfoot Braxxie's Bikes,601 Elk St  Gassaway  WV 26624  United States,601 Elk St,Gassaway,26624,West Virginia,US,America/New_York,13048530002,,https://bigfootbraxxiesbikes.com/,bigfootbraxxiesbikes.com,Bicycle store,Bicycle rental service,Yes,10,5,open,"Saturday, 11 AM-3 PM; Sunday, Closed; Monday, Closed; Tuesday, Closed; Wednesday, 10 AM-5 PM; Thursday, 10 AM-5 PM; Friday, 10 AM-5 PM; ",11 AM-3 PM,Closed,Closed,Closed,10 AM-5 PM,10 AM-5 PM,10 AM-5 PM,Lat 38.6732519,Lng -80.7744325,https://www.google.com/maps/place/?q=place_id:ChIJeQLC9vrfS4gRmoxPxyWJyqg,https://www.google.com/search?kgmid=/g/11tw_8tbm5,https://lh5.googleusercontent.com/p/CIHM0ogKEICAgICxmoq97wE,"https://t1.gstatic.com/faviconV2?client=SOCIAL&type=FAVICON&fallback_opts=TYPE,SIZE,URL&url=https://bigfootbraxxiesbikes.com/&size=48","https://search.google.com/local/reviews?placeid=ChIJeQLC9vrfS4gRmoxPxyWJyqg&q=bicycle+shop+near+Follansbee,+west-virginia,+USA&authuser=0&hl=en",,https://www.facebook.com/ThemeRexStudio/,https://twitter.com/ThemerexThemes,https://www.instagram.com/themerex_net/,
Trail Labs  LLC,465 Cortland Rd  Davis  WV 26260  United States,465 Cortland Rd,Davis,26260,West Virginia,US,America/New_York,13044608559,,http://www.trail-labs.com/,trail-labs.com,Bicycle store,Beer store,Yes,29,5,open, ,,,,,,,,Lat 39.0509237,Lng -79.4385447,https://www.google.com/maps/place/?q=place_id:ChIJf-d0dXbNSogR1PvWsW8n-U8,https://www.google.com/search?kgmid=/g/11pv8vf9f9,https://lh5.googleusercontent.com/p/CIHM0ogKEICAgIDu-beQiwE,"https://t1.gstatic.com/faviconV2?client=SOCIAL&type=FAVICON&fallback_opts=TYPE,SIZE,URL&url=http://www.trail-labs.com/&size=48","https://search.google.com/local/reviews?placeid=ChIJf-d0dXbNSogR1PvWsW8n-U8&q=bicycle+shop+near+Moorefield,+west-virginia,+USA&authuser=0&hl=en",,https://www.facebook.com/traillabswv, ,https://www.instagram.com/trail_labs_wv/,
Hammer Cycles  LLC.,403 Washington St W  Lewisburg  WV 24901  United States,403 Washington St W,Lewisburg,24901,West Virginia,US,America/New_York,13046613566,,http://hammercycleswv.com/,hammercycleswv.com,Bicycle store, ,Yes,28,5,open,"Saturday, 10 AM-4 PM; Sunday, Closed; Monday, Closed; Tuesday, 10 AM-5 PM; Wednesday, 10 AM-5 PM; Thursday, 10 AM-5 PM; Friday, 10 AM-6 PM; ",10 AM-4 PM,Closed,Closed,10 AM-5 PM,10 AM-5 PM,10 AM-5 PM,10 AM-6 PM,Lat 37.8051813,Lng -80.45477,https://www.google.com/maps/place/?q=place_id:ChIJheEnpfJHTIgRhLqrx0G45lU,https://www.google.com/search?kgmid=/g/11fpmcws17,https://lh5.googleusercontent.com/p/AF1QipNrGgw4XStf9AeyqgagqdrA09z1gx2RTq9OaS6f,"https://t1.gstatic.com/faviconV2?client=SOCIAL&type=FAVICON&fallback_opts=TYPE,SIZE,URL&url=http://hammercycleswv.com/&size=48","https://search.google.com/local/reviews?placeid=ChIJheEnpfJHTIgRhLqrx0G45lU&q=bicycle+shop+near+Kenova,+west-virginia,+USA&authuser=0&hl=en",13046613566,https://www.facebook.com/hammercycleswv,https://twitter.com/hammercycleswv,https://www.instagram.com/hammercycles/,
Charleston Bicycle Center,409 53rd St SE  Charleston  WV 25304  United States,409 53rd St SE,Charleston,25304,West Virginia,US,America/New_York,13049258348,,http://www.wvcbc.com/,wvcbc.com,Bicycle store,Bicycle repair shop,No,71,4.7,open,"Saturday, 12-4 PM; Sunday, Closed; Monday, Closed; Tuesday, 12-6 PM; Wednesday, 12-6 PM; Thursday, 12-6 PM; Friday, 12-6 PM; ",12-4 PM,Closed,Closed,12-6 PM,12-6 PM,12-6 PM,12-6 PM,Lat 38.316387899999995,Lng -81.57421289999999,https://www.google.com/maps/place/?q=place_id:ChIJMRQOTg4rT4gRExk5bJXsuko,https://www.google.com/search?kgmid=/g/1tdrx_vb,https://lh5.googleusercontent.com/p/CIHM0ogKEICAgIDklse4aQ,"https://t1.gstatic.com/faviconV2?client=SOCIAL&type=FAVICON&fallback_opts=TYPE,SIZE,URL&url=http://www.wvcbc.com/&size=48","https://search.google.com/local/reviews?placeid=ChIJMRQOTg4rT4gRExk5bJXsuko&q=bicycle+shop+near+Kenova,+west-virginia,+USA&authuser=0&hl=en",,https://www.facebook.com/charlestonbicyclecenter, ,https://www.instagram.com/charlestonbicyclecenter,
Joey's Bike Shop LLC,19 3rd St  Elkins  WV 26241  United States,19 3rd St,Elkins,26241,West Virginia,US,America/New_York,13046360219,,https://joeysbikeshop.com/,joeysbikeshop.com,Bicycle store, ,Yes,29,4.9,open,"Saturday, 9 AM-1 PM; Sunday, Closed; Monday, 9 AM-5 PM; Tuesday, 9 AM-5 PM; Wednesday, Closed; Thursday, 9 AM-5 PM; Friday, 9 AM-5 PM; ",9 AM-1 PM,Closed,9 AM-5 PM,9 AM-5 PM,Closed,9 AM-5 PM,9 AM-5 PM,Lat 38.9253388,Lng -79.8501142,https://www.google.com/maps/place/?q=place_id:ChIJ-ZYjj8njSogRKhPgPgUAnIY,https://www.google.com/search?kgmid=/g/1tsjfb57,https://lh5.googleusercontent.com/p/AF1QipPLIgf86w-RaJBuBjybADB_TIvmRoHLg1mWUQsp,"https://t1.gstatic.com/faviconV2?client=SOCIAL&type=FAVICON&fallback_opts=TYPE,SIZE,URL&url=https://joeysbikeshop.com/&size=48","https://search.google.com/local/reviews?placeid=ChIJ-ZYjj8njSogRKhPgPgUAnIY&q=bicycle+shop+near+Follansbee,+west-virginia,+USA&authuser=0&hl=en",30463602193046355065 | 3046360219 | 3046355065,https://www.facebook.com/237696261669, ,https://www.instagram.com/joeys.bike.shop,
We Bike WV,918 Fortney St  Morgantown  WV 26505  United States,918 Fortney St,Morgantown,26505,West Virginia,US,America/New_York,13042824365,,http://webikewv.org/,webikewv.org,Used bicycle shop, ,Yes,1,5,open,"Friday, Closed; Saturday, Closed; Sunday, 10 AM-1:30 PM; Monday, Closed; Tuesday, 6-8 PM; Wednesday, Closed; Thursday, Closed; ",Closed,10 AM-1:30 PM,Closed,6-8 PM,Closed,Closed,Closed,Lat 39.6311679,Lng -79.9415576,https://www.google.com/maps/place/?q=place_id:ChIJ8WD0LAB7NYgRQCyJY-LVBIk,https://www.google.com/search?kgmid=/g/11y6vjt_zn,https://lh5.googleusercontent.com/p/CIHM0ogKEICAgIDrv_-iLQ,"https://t1.gstatic.com/faviconV2?client=SOCIAL&type=FAVICON&fallback_opts=TYPE,SIZE,URL&url=http://webikewv.org/&size=48","https://search.google.com/local/reviews?placeid=ChIJ8WD0LAB7NYgRQCyJY-LVBIk&q=bicycle+shop+near+Morgantown,+west-virginia,+USA&authuser=0&hl=en",,https://www.facebook.com/webikewv, ,https://www.instagram.com/webikewv,
Mercer Street Bicycle Co-Op & Mercantile,868 Mercer St  Princeton  WV 24740  United States,868 Mercer St,Princeton,24740,West Virginia,US,America/New_York,13043081721,,http://bicycles4kids.org/,bicycles4kids.org,Used bicycle shop, ,Yes,6,5,open,"Friday, 10 AM-6 PM; Saturday, 10 AM-6 PM; Sunday, Closed; Monday, Closed; Tuesday, 10 AM-6 PM; Wednesday, 10 AM-6 PM; Thursday, 10 AM-6 PM; ",10 AM-6 PM,Closed,Closed,10 AM-6 PM,10 AM-6 PM,10 AM-6 PM,10 AM-6 PM,Lat 37.3697473,Lng -81.095061,https://www.google.com/maps/place/?q=place_id:ChIJ9VxwnSJrTogR-Aawi41sWws,https://www.google.com/search?kgmid=/g/11whphnzh6,https://lh5.googleusercontent.com/p/xTAfzw-x6uYL-s3lMVE5zA,"https://t1.gstatic.com/faviconV2?client=SOCIAL&type=FAVICON&fallback_opts=TYPE,SIZE,URL&url=http://bicycles4kids.org/&size=48",https://search.google.com/local/reviews?placeid=ChIJ9VxwnSJrTogR-Aawi41sWws&q=Mercer+Street+Bicycle+Co-Op+%26+Mercantile&authuser=0&hl=en,, , ,,
Snowcreek Mountain Sports,52 Silver Creek Rd  Snowshoe  WV 26209  United States,52 Silver Creek Rd,Snowshoe,26209,West Virginia,US,America/New_York,13045724321,,http://www.skibarn.net/,skibarn.net,Bicycle rental service,,Yes,107,4.8,open,"Saturday, 8 AM-6 PM; Sunday, 8 AM-6 PM; Monday, 8 AM-6 PM; Tuesday, 8 AM-6 PM; Wednesday, 8 AM-6 PM; Thursday, 8 AM-6 PM; Friday, 8 AM-6 PM; ",8 AM-6 PM,8 AM-6 PM,8 AM-6 PM,8 AM-6 PM,8 AM-6 PM,8 AM-6 PM,8 AM-6 PM,Lat 38.435803,Lng -79.999743,https://www.google.com/maps/place/?q=place_id:ChIJq6qqqk53S4gRnmzZGaJcBUs,https://www.google.com/search?kgmid=/g/1tgs1mmc,https://lh5.googleusercontent.com/p/CIHM0ogKEICAgIDZkaGQHA,"https://t1.gstatic.com/faviconV2?client=SOCIAL&type=FAVICON&fallback_opts=TYPE,SIZE,URL&url=http://www.skibarn.net/&size=48","https://search.google.com/local/reviews?placeid=ChIJq6qqqk53S4gRnmzZGaJcBUs&q=bicycle+shop+near+Coal,+west-virginia,+USA&authuser=0&hl=en",,https://www.facebook.com/TheSkiBarn/, ,,
Trails Edge Cycles,1302 S Eisenhower Dr  Beckley  WV 25801  United States,1302 S Eisenhower Dr,Beckley,25801,West Virginia,US,America/New_York,13042552884,trailsedgecycles@gmail.com,http://www.trailsedgecycles.com/,trailsedgecycles.com,Bicycle store, ,Yes,3,5,permanently closed, ,,,,,,,,Lat 37.7638651,Lng -81.1575436,https://www.google.com/maps/place/?q=place_id:ChIJS_rf6sqNTogR45YUe7M-exE,https://www.google.com/search?kgmid=/g/11sttkklsr,https://lh5.googleusercontent.com/p/CIHM0ogKEICAgIDJ9Pr4Pg,"https://t1.gstatic.com/faviconV2?client=SOCIAL&type=FAVICON&fallback_opts=TYPE,SIZE,URL&url=http://www.trailsedgecycles.com/&size=48","https://search.google.com/local/reviews?placeid=ChIJS_rf6sqNTogR45YUe7M-exE&q=bicycle+shop+near+Daniels,+west-virginia,+USA&authuser=0&hl=en",13042552884,https://www.facebook.com/profile.php?id=100092582177976, ,,
Performance Inc,833 Robert C Byrd Dr  Sophia  WV 25921  United States,833 Robert C Byrd Dr,Sophia,25921,West Virginia,US,America/New_York,18007272453,,https://performancebike.com/,performancebike.com,Bicycle store, ,No,1,5,permanently closed, ,,,,,,,,Lat 37.7281195,Lng -81.2443476,https://www.google.com/maps/place/?q=place_id:ChIJ1V82wwT0TogR2MCUrQoh_BU,https://www.google.com/search?kgmid=/g/1wh4gk4d,https://lh5.googleusercontent.com/p/CIHM0ogKEICAgID4xq2KbQ,"https://t1.gstatic.com/faviconV2?client=SOCIAL&type=FAVICON&fallback_opts=TYPE,SIZE,URL&url=https://performancebike.com/&size=48","https://search.google.com/local/reviews?placeid=ChIJ1V82wwT0TogR2MCUrQoh_BU&q=bicycle+shop+near+Helen,+west-virginia,+USA&authuser=0&hl=en",1-800-727-2453,//www.facebook.com/performancebike, ,//instagram.com/performancebike,//www.youtube.com/user/PerformanceBikes?sub_confirmation=1
Three Points Cycle,807 N Mildred St Unit 5  Ranson  WV 25438  United States,807 N Mildred St Unit 5,Ranson,25438,West Virginia,US,America/New_York,13047285181,,https://threepointscycles.net/,threepointscycles.net,Bicycle store, ,No,,,permanently closed, ,,,,,,,,Lat 39.3054233,Lng -77.8638179,https://www.google.com/maps/place/?q=place_id:ChIJB7_ERBMBtokR2ryTWuS3iU8,https://www.google.com/search?kgmid=/g/1262l96mr,https://lh5.googleusercontent.com/p/CIHM0ogKEICAgID8sqOFtQE,"https://t1.gstatic.com/faviconV2?client=SOCIAL&type=FAVICON&fallback_opts=TYPE,SIZE,URL&url=https://threepointscycles.net/&size=48", ,, , ,http://instagram.com/threepointscycles,
Pete's Bike Shop,1800 18th St Suite B  Nitro  WV 25143  United States,1800 18th St Suite B,Nitro,25143,West Virginia,US,America/New_York,,,http://petesbikeshop.net/?utm_source=gmb&utm_medium=referral,petesbikeshop.net,Bicycle store, ,Yes,20,5,permanently closed, ,,,,,,,,Lat 38.4201974,Lng -81.8429034,https://www.google.com/maps/place/?q=place_id:ChIJheWmR9XLSIgRWVsoAtlZyKE,https://www.google.com/search?kgmid=/g/11k_5cb_cy,https://lh5.googleusercontent.com/p/AF1QipNXv-BVZDCfLAEOx0e8r_dYepiBW4AVl74vhtbw,"https://t1.gstatic.com/faviconV2?client=SOCIAL&type=FAVICON&fallback_opts=TYPE,SIZE,URL&url=http://petesbikeshop.net/?utm_source=gmb&utm_medium=referral&size=48","https://search.google.com/local/reviews?placeid=ChIJheWmR9XLSIgRWVsoAtlZyKE&q=bicycle+shop+near+Cross+Lanes,+west-virginia,+USA&authuser=0&hl=en",, , , , 
Outlaw Motorized Bicycles,1230 17th St  Huntington  WV 25701  United States,1230 17th St,Huntington,25701,West Virginia,US,America/New_York,13049620665,,,,Bicycle repair shop,,Yes,1,1,Temporarily closed, ,,,,,,,,Lat 38.4116314,Lng -82.4243079,https://www.google.com/maps/place/?q=place_id:ChIJvdiGVC0IRogRHl_mDpVLDgo,https://www.google.com/search?kgmid=/g/11hcv0q189,https://lh5.googleusercontent.com/p/AF1QipMZQIC6GI2IJcYkzPQYEsZI4yiS6YZ670daviML, ,"https://search.google.com/local/reviews?placeid=ChIJvdiGVC0IRogRHl_mDpVLDgo&q=bicycle+shop+near+Matoaka,+west-virginia,+USA&authuser=0&hl=en", , , , , 