County,City,ZIP
Albany,Laramie,82070
Albany,Laramie,82071
Albany,Laramie,82072
Albany,Laramie,82073
Albany,Rock River,82083
Big Horn,Basin,82410
Big Horn,Burlington,82411
Big Horn,Byron,82412
Big Horn,Cowley,82420
Big Horn,Deaver,82421
Big Horn,Frannie,82423
Big Horn,Greybull,82426
Big Horn,Lovell,82431
Big Horn,Manderson,82432
Campbell,Gillette,82716
Campbell,Gillette,82717
Campbell,Gillette,82718
Campbell,Wright,82732
Carbon,Baggs,82321
Carbon,Dixon,82323
Carbon,Elk Mountain,82324
Carbon,Encampment,82325
Carbon,Hanna,82327
Carbon,Medicine Bow,82329
Carbon,Rawlins,82301
Carbon,Riverside,82325
Carbon,Saratoga,82331
Carbon,Sinclair,82334
Converse,Douglas,82633
Converse,Glenrock,82637
Converse,Lost Springs,82224
Converse,Rolling Hills,82637
Crook,Hulett,82720
Crook,Moorcroft,82721
Crook,Pine Haven,82721
Crook,Sundance,82729
Fremont,Dubois,82513
Fremont,Hudson,82515
Fremont,Lander,82520
Fremont,Pavillion,82523
Fremont,Riverton,82501
Fremont,Shoshoni,82649
Goshen,Fort Laramie,82212
Goshen,La Grange,82221
Goshen,Lingle,82223
Goshen,Torrington,82240
Goshen,Yoder,82244
Hot Springs,East Thermopolis,82443
Hot Springs,Kirby,82430
Hot Springs,Thermopolis,82443
Johnson,Buffalo,82834
Johnson,Kaycee,82639
Laramie,Albin,82050
Laramie,Burns,82053
Laramie,Cheyenne,82001
Laramie,Cheyenne,82002
Laramie,Cheyenne,82003
Laramie,Cheyenne,82006
Laramie,Cheyenne,82007
Laramie,Cheyenne,82008
Laramie,Cheyenne,82009
Laramie,Cheyenne,82010
Laramie,Pine Bluffs,82082
Lincoln,Afton,83110
Lincoln,Alpine,83128
Lincoln,Cokeville,83114
Lincoln,Diamondville,83116
Lincoln,Kemmerer,83101
Lincoln,La Barge,83123
Lincoln,Opal,83124
Lincoln,Star Valley Ranch,83127
Lincoln,Thayne,83127
Natrona,Bar Nunn,82601
Natrona,Casper,82601
Natrona,Casper,82602
Natrona,Casper,82604
Natrona,Casper,82605
Natrona,Casper,82609
Natrona,Edgerton,82635
Natrona,Evansville,82636
Natrona,Midwest,82643
Natrona,Mills,82644
Niobrara,Lusk,82225
Niobrara,Manville,82227
Niobrara,Van Tassell,82242
Park,Cody,82414
Park,Frannie,82423
Park,Meeteetse,82433
Park,Powell,82435
Platte,Chugwater,82210
Platte,Glendo,82213
Platte,Guernsey,82214
Platte,Hartville,82215
Platte,Wheatland,82201
Sheridan,Clearmont,82835
Sheridan,Dayton,82836
Sheridan,Ranchester,82839
Sheridan,Sheridan,82801
Sublette,Big Piney,83113
Sublette,Marbleton,83113
Sublette,Pinedale,82941
Sweetwater,Bairoil,82322
Sweetwater,Granger,82934
Sweetwater,Green River,82935
Sweetwater,Rock Springs,82901
Sweetwater,Rock Springs,82902
Sweetwater,Superior,82945
Sweetwater,Wamsutter,82336
Teton,Jackson,83001
Teton,Jackson,83002
Uinta,Bear River,82930
Uinta,Evanston,82930
Uinta,Evanston,82931
Uinta,Lyman,82937
Uinta,Mountain View,82939
Washakie,Ten Sleep,82442
Washakie,Worland,82401
Weston,Newcastle,82701
Weston,Upton,82730
