Name,Full_Address,Street_Address,City,Zip,State,Country,Timezone,Phone_1,Email,Website,Domain,First_category,Second_category,Claimed_google_my_business,Reviews_count,Average_rating,Business Status,Hours,Saturday,Sunday,Monday,Tuesday,Wednesday,Thursday,Friday,Latitude,Longitude,GMB_URL,Google_Knowledge_URL,Image_URL,Favicon,Review_URL,Phone From WEBSITE,Facebook URL,Twitter URL,Instagram URL,Youtube URL
Gannett Peak Sports,371 Main St  Lander  WY 82520  United States,371 Main St,Lander,82520,Wyoming,US,America/Denver,13073322926,gannettpeaksports@gmail.com,http://gannettpeaksports.com/,gannettpeaksports.com,Bicycle store,Bicycle rental service,Yes,98,4.9,open,"Saturday, 9 AM-5 PM; Sunday, 10 AM-2 PM; Monday, 10 AM-6 PM; Tuesday, 10 AM-6 PM; Wednesday, 10 AM-6 PM; Thursday, 10 AM-6 PM; Friday, 10 AM-6 PM; ",9 AM-5 PM,10 AM-2 PM,10 AM-6 PM,10 AM-6 PM,10 AM-6 PM,10 AM-6 PM,10 AM-6 PM,Lat 42.8332151,Lng -108.7327438,https://www.google.com/maps/place/?q=place_id:ChIJa2c1JOYBWYcRH-v1p3tiB3g,https://www.google.com/search?kgmid=/g/1tdcs03s,https://lh5.googleusercontent.com/p/CIHM0ogKEICAgIDquY-JsQE,"https://t1.gstatic.com/faviconV2?client=SOCIAL&type=FAVICON&fallback_opts=TYPE,SIZE,URL&url=http://gannettpeaksports.com/&size=48","https://search.google.com/local/reviews?placeid=ChIJa2c1JOYBWYcRH-v1p3tiB3g&q=bicycle+shop+near+Thermopolis,+wyoming,+USA&authuser=0&hl=en",13073322926,https://www.facebook.com/GannettPeakSports/, ,https://www.instagram.com/gannettpeaksports/,
High-Gear Recreation,70 Circle Dr  Afton  WY 83110  United States,70 Circle Dr,Afton,83110,Wyoming,US,America/Denver,14357641690,highgearrecreation@gmail.com,https://www.highgearrecreation.com/,highgearrecreation.com,Bicycle repair shop, ,Yes,2,5,open,"Saturday, Closed; Sunday, Closed; Monday, 5-9 PM; Tuesday, 5-9 PM; Wednesday, 5-9 PM; Thursday, 5-9 PM; Friday, 5-9 PM; ",Closed,Closed,5-9 PM,5-9 PM,5-9 PM,5-9 PM,5-9 PM,Lat 42.6939263,Lng -110.9294978,https://www.google.com/maps/place/?q=place_id:ChIJ6WwntjlzVocR76dPRHno68U,https://www.google.com/search?kgmid=/g/11w5bbt0lf,https://lh5.googleusercontent.com/p/rPMKPLwQvJikESJW9QBrgA,"https://t1.gstatic.com/faviconV2?client=SOCIAL&type=FAVICON&fallback_opts=TYPE,SIZE,URL&url=https://www.highgearrecreation.com/&size=48",https://search.google.com/local/reviews?placeid=ChIJ6WwntjlzVocR76dPRHno68U&q=High-Gear+Recreation&authuser=0&hl=en,4357641690,https://www.facebook.com/profile.php?id=61564020867484, ,,
EBike of the Rockies,3330 Interstate 80 Service Rd  Cheyenne  WY 82009  United States,3330 Interstate 80 Service Rd,Cheyenne,82009,Wyoming,US,America/Denver,19703056126,info@ebikeoftherockies.com,http://ebikeoftherockies.com/,ebikeoftherockies.com,Bicycle store, ,Yes,14,4.4,open,"Friday, 10 AM-4 PM; Saturday, Closed; Sunday, Closed; Monday, 10 AM-4 PM; Tuesday, 10 AM-4 PM; Wednesday, 10 AM-4 PM; Thursday, 10 AM-4 PM; ",Closed,Closed,10 AM-4 PM,10 AM-4 PM,10 AM-4 PM,10 AM-4 PM,10 AM-4 PM,Lat 41.1599353,Lng -104.6485459,https://www.google.com/maps/place/?q=place_id:ChIJ-2qixNqPgwIR2vBDVofRbtI,https://www.google.com/search?kgmid=/g/11sbl_lc1s,https://lh5.googleusercontent.com/p/CIHM0ogKEICAgICLx_f5EA,"https://t1.gstatic.com/faviconV2?client=SOCIAL&type=FAVICON&fallback_opts=TYPE,SIZE,URL&url=http://ebikeoftherockies.com/&size=48","https://search.google.com/local/reviews?placeid=ChIJ-2qixNqPgwIR2vBDVofRbtI&q=bicycle+shop+near+Fox+Farm-College,+wyoming,+USA&authuser=0&hl=en",,https://www.facebook.com/profile.php?id=100087710133655, ,https://www.instagram.com/ebikeoftherockies/?hl=en,
Grand Targhee Resort,Alta  WY 83414  United States,Alta  WY 83414,Alta,83414,Wyoming,US,America/Denver,13073532300,info@grandtarghee.com,https://www.grandtarghee.com/,grandtarghee.com,Bicycle rental service,,Yes,1406,4.5,open, ,,,,,,,,Lat 43.7835908,Lng -110.9464028,https://www.google.com/maps/place/?q=place_id:ChIJV18CjmClU1MRZBG8zk1Or9A,https://www.google.com/search?kgmid=/m/0dkvjp,https://lh5.googleusercontent.com/p/CIHM0ogKEICAgIC79fGVqgE,"https://t1.gstatic.com/faviconV2?client=SOCIAL&type=FAVICON&fallback_opts=TYPE,SIZE,URL&url=https://www.grandtarghee.com/&size=48","https://search.google.com/local/reviews?placeid=ChIJV18CjmClU1MRZBG8zk1Or9A&q=bicycle+shop+near+Alta,+wyoming,+USA&authuser=0&hl=en",+13073532300 | +18008274433,https://www.facebook.com/grandtarghee, ,https://www.instagram.com/grandtargheeresort/,https://www.youtube.com/user/GrandTargheeResort
Hoback Sports,520 W Broadway  Jackson  WY 83001  United States,520 W Broadway,Jackson,83001,Wyoming,US,America/Denver,13077335335,info@hobacksports.com,http://www.hobacksports.com/,hobacksports.com,Bicycle rental service,,Yes,179,4.1,open,"Saturday, 10 AM-6 PM; Sunday, 10 AM-6 PM; Monday, 10 AM-6 PM; Tuesday, 10 AM-6 PM; Wednesday, 10 AM-6 PM; Thursday, 10 AM-6 PM; Friday, 10 AM-6 PM; ",10 AM-6 PM,10 AM-6 PM,10 AM-6 PM,10 AM-6 PM,10 AM-6 PM,10 AM-6 PM,10 AM-6 PM,Lat 43.4773596,Lng -110.7698643,https://www.google.com/maps/place/?q=place_id:ChIJaaKIcG8aU1MR7zb05YGZkP4,https://www.google.com/search?kgmid=/g/1wrtcjb4,https://lh5.googleusercontent.com/p/AF1QipPOvE0uX5ddy2RZrSbzAhuuVkG5AXXgz9BFqQxF,"https://t1.gstatic.com/faviconV2?client=SOCIAL&type=FAVICON&fallback_opts=TYPE,SIZE,URL&url=http://www.hobacksports.com/&size=48","https://search.google.com/local/reviews?placeid=ChIJaaKIcG8aU1MR7zb05YGZkP4&q=bicycle+shop+near+Rafter+J+Ranch,+wyoming,+USA&authuser=0&hl=en",3077335335 | 307-733-5335,http://facebook.com/hobacksports, ,https://www.instagram.com/hobacksports/,
Pedego Electric Bikes Jackson Hole,1745 High School Rd #510  Jackson  WY 83001  United States,1745 High School Rd #510,Jackson,83001,Wyoming,US,America/Denver,18669733346,info@pedegojacksonhole.com,https://pedegoelectricbikes.com/dealers/jackson/,pedegoelectricbikes.com,Bicycle store,Bicycle rental service,Yes,141,5,open,"Saturday, Closed; Sunday, Closed; Monday, 9 AM-7 PM; Tuesday, 9 AM-7 PM; Wednesday, 9 AM-7 PM; Thursday, 11 AM-7 PM; Friday, 9 AM-7 PM; ",Closed,Closed,9 AM-7 PM,9 AM-7 PM,9 AM-7 PM,11 AM-7 PM,9 AM-7 PM,Lat 43.459224,Lng -110.7987538,https://www.google.com/maps/place/?q=place_id:ChIJgeNFPGcRU1MRq2rfQ7ZUVPY,https://www.google.com/search?kgmid=/g/11f55gqr_k,https://lh5.googleusercontent.com/p/AF1QipPss5QEhY_nXSZE9lzGY_qzpEOjkroGoopg6UAz,"https://t1.gstatic.com/faviconV2?client=SOCIAL&type=FAVICON&fallback_opts=TYPE,SIZE,URL&url=https://pedegoelectricbikes.com/dealers/jackson/&size=48","https://search.google.com/local/reviews?placeid=ChIJgeNFPGcRU1MRq2rfQ7ZUVPY&q=bicycle+shop+near+Thermopolis,+wyoming,+USA&authuser=0&hl=en",18669733346,https://www.facebook.com/847829292245682, ,https://www.instagram.com/pedego,https://www.youtube.com/@PedegoElectricBikes
Snow King Mountain Sports,400 E Snow King Ave  Jackson  WY 83001  United States,400 E Snow King Ave,Jackson,83001,Wyoming,US,America/Denver,13072015096,info@snowkingmountain.com,https://snowkingmountain.com/,snowkingmountain.com,Bicycle rental service,,Yes,63,4.5,open,"Saturday, 9 AM-6 PM; Sunday, 9 AM-6 PM; Monday, 9 AM-6 PM; Tuesday, 9 AM-6 PM; Wednesday, 9 AM-6 PM; Thursday, 9 AM-6 PM; Friday, 9 AM-6 PM; ",9 AM-6 PM,9 AM-6 PM,9 AM-6 PM,9 AM-6 PM,9 AM-6 PM,9 AM-6 PM,9 AM-6 PM,Lat 43.473433799999995,Lng -110.7560017,https://www.google.com/maps/place/?q=place_id:ChIJX6NoRUAaU1MR_pT64b5Ilg8,https://www.google.com/search?kgmid=/g/11bxd7jxm5,https://lh5.googleusercontent.com/p/CIHM0ogKEICAgIDO7tKrQg,"https://t1.gstatic.com/faviconV2?client=SOCIAL&type=FAVICON&fallback_opts=TYPE,SIZE,URL&url=https://snowkingmountain.com/&size=48","https://search.google.com/local/reviews?placeid=ChIJX6NoRUAaU1MR_pT64b5Ilg8&q=bicycle+shop+near+Rafter+J+Ranch,+wyoming,+USA&authuser=0&hl=en",3072015464,https://www.facebook.com/SnowKingMountain/, ,https://www.instagram.com/snowkingmountain/,https://www.youtube.com/user/SnowKingSkiArea
Teton Village Sports,3285 Village Dr  Teton Village  WY 83025  United States,3285 Village Dr,Teton Village,83025,Wyoming,US,America/Denver,13077332181,info@tetonvillagesports.com,http://www.tetonvillagesports.com/,tetonvillagesports.com,Bicycle rental service,,Yes,114,4.5,open,"Saturday, 10 AM-5 PM; Sunday, 10 AM-5 PM; Monday, 10 AM-5 PM; Tuesday, 10 AM-5 PM; Wednesday, 10 AM-5 PM; Thursday, 10 AM-5 PM; Friday, 10 AM-5 PM; ",10 AM-5 PM,10 AM-5 PM,10 AM-5 PM,10 AM-5 PM,10 AM-5 PM,10 AM-5 PM,10 AM-5 PM,Lat 43.586902599999995,Lng -110.8280029,https://www.google.com/maps/place/?q=place_id:ChIJF4bVMdcFU1MRRz4rbm6u4b4,https://www.google.com/search?kgmid=/g/1tm0sv1g,https://lh5.googleusercontent.com/p/AF1QipPf1wMKUw0B7jec4NUzF2IK-IpuOYUKvr8Q3QbP,"https://t1.gstatic.com/faviconV2?client=SOCIAL&type=FAVICON&fallback_opts=TYPE,SIZE,URL&url=http://www.tetonvillagesports.com/&size=48","https://search.google.com/local/reviews?placeid=ChIJF4bVMdcFU1MRRz4rbm6u4b4&q=bicycle+shop+near+Teton+Village,+wyoming,+USA&authuser=0&hl=en",307-733-2181 | (307) 733-2181,https://www.facebook.com/tetonvillagesport, ,https://www.instagram.com/tetonvillagesports/,
Wheel Wranglers Bike Shop,1090 US-89 Box 8173  Jackson  WY 83002  United States,1090 US-89 Box 8173,Jackson,83002,Wyoming,US,America/Denver,13076902799,info@wheelwranglers.com,https://wheelwranglers.com/,wheelwranglers.com,Bicycle rental service,,Yes,190,5,open,"Saturday, 10 AM-4 PM; Sunday, Closed; Monday, Closed; Tuesday, 10 AM-5:30 PM; Wednesday, 10 AM-5:30 PM; Thursday, 10 AM-5:30 PM; Friday, 10 AM-5:30 PM; ",10 AM-4 PM,Closed,Closed,10 AM-5:30 PM,10 AM-5:30 PM,10 AM-5:30 PM,10 AM-5:30 PM,Lat 43.464112199999995,Lng -110.792926,https://www.google.com/maps/place/?q=place_id:ChIJicvK76J1U1MR8RQXUcCruoI,https://www.google.com/search?kgmid=/g/11h126vzpy,https://lh5.googleusercontent.com/p/CIHM0ogKEICAgICLvtz9BA,"https://t1.gstatic.com/faviconV2?client=SOCIAL&type=FAVICON&fallback_opts=TYPE,SIZE,URL&url=https://wheelwranglers.com/&size=48","https://search.google.com/local/reviews?placeid=ChIJicvK76J1U1MR8RQXUcCruoI&q=bicycle+shop+near+Thermopolis,+wyoming,+USA&authuser=0&hl=en",307-690-2799, , ,,
The Bike Mill,109 Main St  Lander  WY 82520  United States,109 Main St,Lander,82520,Wyoming,US,America/Denver,13073355435,landerbikemill@gmail.com,http://thebikemill.com/,thebikemill.com,Bicycle store,Bicycle rental service,Yes,45,4.9,open,"Saturday, 8:30 AM-4 PM; Sunday, Closed; Monday, 8:30 AM-6 PM; Tuesday, 8:30 AM-6 PM; Wednesday, 8:30 AM-6 PM; Thursday, 8:30 AM-6 PM; Friday, 8:30 AM-6 PM; ",8:30 AM-4 PM,Closed,8:30 AM-6 PM,8:30 AM-6 PM,8:30 AM-6 PM,8:30 AM-6 PM,8:30 AM-6 PM,Lat 42.8322192,Lng -108.7274918,https://www.google.com/maps/place/?q=place_id:ChIJB4XyCe8BWYcRj7BsajBadpU,https://www.google.com/search?kgmid=/g/1pty_n6n5,https://lh5.googleusercontent.com/p/CIHM0ogKEICAgIDEz_e1mgE,"https://t1.gstatic.com/faviconV2?client=SOCIAL&type=FAVICON&fallback_opts=TYPE,SIZE,URL&url=http://thebikemill.com/&size=48","https://search.google.com/local/reviews?placeid=ChIJB4XyCe8BWYcRj7BsajBadpU&q=bicycle+shop+near+Thermopolis,+wyoming,+USA&authuser=0&hl=en",307-335-5435,https://www.facebook.com/trailbeta/, ,https://www.instagram.com/thebikemill/,
Pedal House,207 S 1st St  Laramie  WY 82070  United States,207 S 1st St,Laramie,82070,Wyoming,US,America/Denver,13077425533,pedalhouse@gmail.com,http://www.pedalhouse.com/,pedalhouse.com,Bicycle store,Bicycle rental service,Yes,108,4.9,open,"Friday, 10 AM-6 PM; Saturday, 10 AM-4 PM; Sunday, 10 AM-2 PM; Monday, Closed; Tuesday, 10 AM-6 PM; Wednesday, 10 AM-6 PM; Thursday, 10 AM-6 PM; ",10 AM-4 PM,10 AM-2 PM,Closed,10 AM-6 PM,10 AM-6 PM,10 AM-6 PM,10 AM-6 PM,Lat 41.3117811,Lng -105.59601579999999,https://www.google.com/maps/place/?q=place_id:ChIJV4JSPOKPaIcR5OjyGAUPhjs,https://www.google.com/search?kgmid=/g/1vxzb2_s,https://lh5.googleusercontent.com/p/CIHM0ogKEICAgID2ss613wE,"https://t1.gstatic.com/faviconV2?client=SOCIAL&type=FAVICON&fallback_opts=TYPE,SIZE,URL&url=http://www.pedalhouse.com/&size=48","https://search.google.com/local/reviews?placeid=ChIJV4JSPOKPaIcR5OjyGAUPhjs&q=bicycle+shop+near+Laramie,+wyoming,+USA&authuser=0&hl=en",13077425533,https://www.facebook.com/wehangbikethieves/, ,https://www.instagram.com/pedal_house/?hl=en,https://www.youtube.com/channel/UCuac3pv1J2SFHoF0CYLciSw/
Star Valley High Output  LLC,1913 Allred Rd  Afton  WY 83110  United States,1913 Allred Rd,Afton,83110,Wyoming,US,America/Denver,13078878080,starvalleyhighoutput@gmail.com,http://www.starvalleyhighoutput.com/?utm_source=google&utm_medium=wix_google_business_profile&utm_campaign=1127114866128931375,starvalleyhighoutput.com,Bicycle rental service, ,Yes,1,5,open,"Saturday, 7 AM-7 PM; Sunday, 7 AM-7 PM; Monday, 7 AM-7 PM; Tuesday, 7 AM-7 PM; Wednesday, 7 AM-7 PM; Thursday, 7 AM-7 PM; Friday, 7 AM-7 PM; ",7 AM-7 PM,7 AM-7 PM,7 AM-7 PM,7 AM-7 PM,7 AM-7 PM,7 AM-7 PM,7 AM-7 PM,Lat 42.7499397,Lng -110.9537525,https://www.google.com/maps/place/?q=place_id:ChIJcwT8YpoNVocRKeyffgjkk5I,https://www.google.com/search?kgmid=/g/11xnnwbypg,https://lh5.googleusercontent.com/p/AF1QipPKGZrFP8tIOVpcBoEhi63hhwZ52Cx8elRjlBqN,"https://t1.gstatic.com/faviconV2?client=SOCIAL&type=FAVICON&fallback_opts=TYPE,SIZE,URL&url=http://www.starvalleyhighoutput.com/?utm_source=google&utm_medium=wix_google_business_profile&utm_campaign=1127114866128931375&size=48","https://search.google.com/local/reviews?placeid=ChIJcwT8YpoNVocRKeyffgjkk5I&q=bicycle+shop+near+Fairview,+wyoming,+USA&authuser=0&hl=en",, , ,,
Wanderlust Gear and Repair,139 W 2nd S St  Green River  WY 82935  United States,139 W 2nd S St,Green River,82935,Wyoming,US,America/Denver,13077070201,wanderlustgearandrepair@outlook.com,https://www.wanderlustgearandrepair.com/,wanderlustgearandrepair.com,Bicycle store,Bicycle repair shop,Yes,4,5,open,"Saturday, 12-6 PM; Sunday, Closed; Monday, Closed; Tuesday, Closed; Wednesday, Closed; Thursday, Closed; Friday, 12-6 PM; ",12-6 PM,Closed,Closed,Closed,Closed,Closed,12-6 PM,Lat 41.5274782,Lng -109.471896,https://www.google.com/maps/place/?q=place_id:ChIJobYEGpV9WocR7zsNEKm6Np4,https://www.google.com/search?kgmid=/g/11y42rfw3g,https://lh5.googleusercontent.com/p/AF1QipNg18Jt5RokoFQYSZsoxGSgEU11kudTrMGEwJP4,"https://t1.gstatic.com/faviconV2?client=SOCIAL&type=FAVICON&fallback_opts=TYPE,SIZE,URL&url=https://www.wanderlustgearandrepair.com/&size=48","https://search.google.com/local/reviews?placeid=ChIJobYEGpV9WocR7zsNEKm6Np4&q=bicycle+shop+near+Lyman,+wyoming,+USA&authuser=0&hl=en",, , ,,
Happy Trails Outdoor Rentals,401 E Rams Horn  Dubois  WY 82513  United States,401 E Rams Horn,Dubois,82513,Wyoming,US,America/Denver,13075431441,,,,Bicycle rental service, ,Yes,1,5,open,"Saturday, 9 AM-6 PM; Sunday, 9 AM-6 PM; Monday, 9 AM-6 PM; Tuesday, 9 AM-6 PM; Wednesday, 9 AM-6 PM; Thursday, 9 AM-6 PM; Friday, 9 AM-6 PM; ",9 AM-6 PM,9 AM-6 PM,9 AM-6 PM,9 AM-6 PM,9 AM-6 PM,9 AM-6 PM,9 AM-6 PM,Lat 43.5334724,Lng -109.6281042,https://www.google.com/maps/place/?q=place_id:ChIJ445YZABfTVMRRdbiAcPRTs8,https://www.google.com/search?kgmid=/g/11v_4lf2fx,https://lh5.googleusercontent.com/p/AF1QipOwecrzJrU0h-1cnjd-VVtYyQPAHyI5w3ICKtQQ, ,"https://search.google.com/local/reviews?placeid=ChIJ445YZABfTVMRRdbiAcPRTs8&q=bicycle+shop+near+Dubois,+wyoming,+USA&authuser=0&hl=en", , , , , 
Two Tired Bike Shop,1800 W Uinta St  Evanston  WY 82930  United States,1800 W Uinta St,Evanston,82930,Wyoming,US,America/Denver,13073139087,,,,Bicycle repair shop, ,Yes,4,4,open, ,,,,,,,,Lat 41.266242899999995,Lng -110.9755086,https://www.google.com/maps/place/?q=place_id:ChIJP6iSnKV5UYcRejIWuenYmSs,https://www.google.com/search?kgmid=/g/11rcwhlvpw,https://lh5.googleusercontent.com/p/_jGOOpizqr_WjGKvOq8sJg, ,"https://search.google.com/local/reviews?placeid=ChIJP6iSnKV5UYcRejIWuenYmSs&q=bicycle+shop+near+Lyman,+wyoming,+USA&authuser=0&hl=en", , , , , 
DC Bike Shop,162 N Clark St  Powell  WY 82435  United States,162 N Clark St,Powell,82435,Wyoming,US,America/Denver,,,,,Bicycle repair shop, ,Yes,,,open, ,,,,,,,,Lat 44.7538853,Lng -108.75655809999999,https://www.google.com/maps/place/?q=place_id:ChIJZSUJ0wpTSVMRcUz8Z5l7cAg,https://www.google.com/search?kgmid=/g/11xv9z42s5,https://lh5.googleusercontent.com/p/shxCOO3TC8jzh9CM4dRz8Q, , , , , , , 
Beyolite LLC,1309 Coffeen Ave STE 1200  Sheridan  WY 82801  United States,1309 Coffeen Ave STE 1200,Sheridan,82801,Wyoming,US,America/Denver,,,,,Bicycle store, ,No,,,open,"Friday, 9 AM-5 PM; Saturday, Closed; Sunday, Closed; Monday, 9 AM-5 PM; Tuesday, 9 AM-5 PM; Wednesday, 9 AM-5 PM; Thursday, 9 AM-5 PM; ",Closed,Closed,9 AM-5 PM,9 AM-5 PM,9 AM-5 PM,9 AM-5 PM,9 AM-5 PM,Lat 44.7841692,Lng -106.940957,https://www.google.com/maps/place/?q=place_id:ChIJA5K1OwDxNVMRk5utmTTFRvI,https://www.google.com/search?kgmid=/g/11wh30t8dl,https://lh5.googleusercontent.com/p/huPOKgnVOsO5-gL3gSVwJw, , , , , , , 
Mike Cedar Bmx,789 College Dr  Casper  WY 82601  United States,789 College Dr,Casper,82601,Wyoming,US,America/Denver,13072354168,,,,Bicycle store, ,No,,,open,"Saturday, 10 AM-5 PM; Sunday, Closed; Monday, 10 AM-5 PM; Tuesday, 10 AM-5 PM; Wednesday, 10 AM-5 PM; Thursday, 10 AM-5 PM; Friday, 10 AM-5 PM; ",10 AM-5 PM,Closed,10 AM-5 PM,10 AM-5 PM,10 AM-5 PM,10 AM-5 PM,10 AM-5 PM,Lat 42.8255139,Lng -106.3344824,https://www.google.com/maps/place/?q=place_id:ChIJdQS4J0a7YIcRgKiOMbPw7b0,https://www.google.com/search?kgmid=/g/1tg5clds,https://lh5.googleusercontent.com/p/CIHM0ogKEICAgICk_quPvQE, , , , , , , 
Bates Creek Bicycle Repair,173 Pine Dr  Star Valley Ranch  WY 83127  United States,173 Pine Dr,Star Valley Ranch,83127,Wyoming,US,America/Denver,13072775167,,http://batescreekbike.weebly.com/,batescreekbike.weebly.com,Bicycle repair shop,Bicycle rental service,Yes,1,5,open,"Saturday, 9 AM-8 PM; Sunday, 9 AM-8 PM; Monday, 9 AM-7 PM; Tuesday, 9 AM-7 PM; Wednesday, 9 AM-7 PM; Thursday, 1-8 PM; Friday, 9 AM-8 PM; ",9 AM-8 PM,9 AM-8 PM,9 AM-7 PM,9 AM-7 PM,9 AM-7 PM,1-8 PM,9 AM-8 PM,Lat 43.0023377,Lng -110.980537,https://www.google.com/maps/place/?q=place_id:ChIJ6z-jRYS7YIcRMWNBsHZyZ_M,https://www.google.com/search?kgmid=/g/11byp62cpb,https://lh5.googleusercontent.com/p/AF1QipOZM4VCDnFYQV5t3XfJl8oHg__r-7qmb0Lc0_Kq,"https://t1.gstatic.com/faviconV2?client=SOCIAL&type=FAVICON&fallback_opts=TYPE,SIZE,URL&url=http://batescreekbike.weebly.com/&size=48","https://search.google.com/local/reviews?placeid=ChIJ6z-jRYS7YIcRMWNBsHZyZ_M&q=bicycle+shop+near+Thermopolis,+wyoming,+USA&authuser=0&hl=en",,//facebook.com/batescreekbikerepair, ,//instagram.com/batescreekbikerepair,
Wheelies BMX Shop,1313 Middle Fork Dr  Gillette  WY 82718  United States,1313 Middle Fork Dr,Gillette,82718,Wyoming,US,America/Denver,13076892665,,https://sites.google.com/view/wheeliesbmx/wheelies-bmx-shop,sites.google.com,Bicycle store,Bicycle repair shop,Yes,2,5,open,"Friday, 10 AM-6 PM; Saturday, 10 AM-5 PM; Sunday, Closed; Monday, 10 AM-6 PM; Tuesday, 10 AM-6 PM; Wednesday, 10 AM-6 PM; Thursday, 10 AM-6 PM; ",10 AM-5 PM,Closed,10 AM-6 PM,10 AM-6 PM,10 AM-6 PM,10 AM-6 PM,10 AM-6 PM,Lat 44.273956,Lng -105.522759,https://www.google.com/maps/place/?q=place_id:ChIJ30bv3WaVNFMRmrkZ6-bYGXE,https://www.google.com/search?kgmid=/g/11tk82919p,https://lh5.googleusercontent.com/p/AF1QipNkseyNWBOcCIzmydO159ZtgIdfqJj6Jiu3aHq0,"https://t1.gstatic.com/faviconV2?client=SOCIAL&type=FAVICON&fallback_opts=TYPE,SIZE,URL&url=https://sites.google.com/view/wheeliesbmx/wheelies-bmx-shop&size=48","https://search.google.com/local/reviews?placeid=ChIJ30bv3WaVNFMRmrkZ6-bYGXE&q=bicycle+shop+near+Gillette,+wyoming,+USA&authuser=0&hl=en",, , ,,
Larsen's Bicycles,637 Big Horn Ave  Worland  WY 82401  United States,637 Big Horn Ave,Worland,82401,Wyoming,US,America/Denver,13073472727,,https://larsensbicycles.com/,larsensbicycles.com,Bicycle store, ,Yes,17,5,open,"Saturday, 10 AM-2 PM; Sunday, Closed; Monday, 10 AM-6 PM; Tuesday, 10 AM-6 PM; Wednesday, 10 AM-6 PM; Thursday, 10 AM-6 PM; Friday, 10 AM-6 PM; ",10 AM-2 PM,Closed,10 AM-6 PM,10 AM-6 PM,10 AM-6 PM,10 AM-6 PM,10 AM-6 PM,Lat 44.016987199999996,Lng -107.9602755,https://www.google.com/maps/place/?q=place_id:ChIJ4ZNAMWJtS1MRI_EV73-4jks,https://www.google.com/search?kgmid=/g/1tfyd75m,https://lh5.googleusercontent.com/p/AF1QipMAzYqyvkEJj05toLPgf0i49KRBxbedR7yg8FQl,"https://t1.gstatic.com/faviconV2?client=SOCIAL&type=FAVICON&fallback_opts=TYPE,SIZE,URL&url=https://larsensbicycles.com/&size=48","https://search.google.com/local/reviews?placeid=ChIJ4ZNAMWJtS1MRI_EV73-4jks&q=bicycle+shop+near+Thermopolis,+wyoming,+USA&authuser=0&hl=en",3073472727, , ,,
Joyvagen Bicycle Shop,901 12th St  Cody  WY 82414  United States,901 12th St,Cody,82414,Wyoming,US,America/Denver,13075270640,,http://www.joyvagen.com/,joyvagen.com,Bicycle store,Bicycle rack,Yes,58,4.8,open,"Saturday, 10 AM-6 PM; Sunday, Closed; Monday, 10 AM-6:30 PM; Tuesday, 10 AM-6:30 PM; Wednesday, 10 AM-6:30 PM; Thursday, 10 AM-6:30 PM; Friday, 10 AM-6:30 PM; ",10 AM-6 PM,Closed,10 AM-6:30 PM,10 AM-6:30 PM,10 AM-6:30 PM,10 AM-6:30 PM,10 AM-6:30 PM,Lat 44.5280747,Lng -109.0641969,https://www.google.com/maps/place/?q=place_id:ChIJ8Y08xNoeTFMRto6kw8v9i3Q,https://www.google.com/search?kgmid=/g/11cn94hjqz,https://lh5.googleusercontent.com/p/CIHM0ogKEICAgID4jN653wE,"https://t1.gstatic.com/faviconV2?client=SOCIAL&type=FAVICON&fallback_opts=TYPE,SIZE,URL&url=http://www.joyvagen.com/&size=48","https://search.google.com/local/reviews?placeid=ChIJ8Y08xNoeTFMRto6kw8v9i3Q&q=bicycle+shop+near+Wheatland,+wyoming,+USA&authuser=0&hl=en",,https://www.facebook.com/pg/Joyvagen/, ,http://instagram.com/joyvagen,
Hoff's Bikesmith,265 W Broadway  Jackson  WY 83001  United States,265 W Broadway,Jackson,83001,Wyoming,US,America/Denver,13072030444,,https://hoffsbikesmith.com/,hoffsbikesmith.com,Bicycle store,Bicycle rental service,Yes,82,4.9,open,"Saturday, Closed; Sunday, Closed; Monday, 11 AM-5 PM; Tuesday, 11 AM-5 PM; Wednesday, 11 AM-5 PM; Thursday, 11 AM-5 PM; Friday, 11 AM-5 PM; ",Closed,Closed,11 AM-5 PM,11 AM-5 PM,11 AM-5 PM,11 AM-5 PM,11 AM-5 PM,Lat 43.479893999999994,Lng -110.7659235,https://www.google.com/maps/place/?q=place_id:ChIJBX9x110aU1MRsnbZZ4Btz7g,https://www.google.com/search?kgmid=/g/11bw6h4296,https://lh5.googleusercontent.com/p/AF1QipOtD05OYbxUx-RbtYO2U6weSv64es76p2wBUVna,"https://t1.gstatic.com/faviconV2?client=SOCIAL&type=FAVICON&fallback_opts=TYPE,SIZE,URL&url=https://hoffsbikesmith.com/&size=48","https://search.google.com/local/reviews?placeid=ChIJBX9x110aU1MRsnbZZ4Btz7g&q=bicycle+shop+near+Thermopolis,+wyoming,+USA&authuser=0&hl=en",, , ,,
Link Cycling,263 N 3rd St  Laramie  WY 82072  United States,263 N 3rd St,Laramie,82072,Wyoming,US,America/Denver,13077619260,,https://thelinkinnovations.com/,thelinkinnovations.com,Bicycle store, ,Yes,20,5,open,"Friday, 10 AM-6 PM; Saturday, 10 AM-5 PM; Sunday, Closed; Monday, 12-5 PM; Tuesday, 10 AM-6 PM; Wednesday, 10 AM-6 PM; Thursday, 10 AM-6 PM; ",10 AM-5 PM,Closed,12-5 PM,10 AM-6 PM,10 AM-6 PM,10 AM-6 PM,10 AM-6 PM,Lat 41.3143166,Lng -105.59298749999999,https://www.google.com/maps/place/?q=place_id:ChIJBY9MFW2QaIcR1EO49P_MJuQ,https://www.google.com/search?kgmid=/g/11qb5jj2zt,https://lh5.googleusercontent.com/p/AF1QipNcgfWZ3kBYToEWaXHWflEins0U2M8U67WPhx8,"https://t1.gstatic.com/faviconV2?client=SOCIAL&type=FAVICON&fallback_opts=TYPE,SIZE,URL&url=https://thelinkinnovations.com/&size=48","https://search.google.com/local/reviews?placeid=ChIJBY9MFW2QaIcR1EO49P_MJuQ&q=bicycle+shop+near+Laramie,+wyoming,+USA&authuser=0&hl=en",,https://www.facebook.com/linkcycleinnovations, ,https://www.instagram.com/linkinnovations/,https://www.youtube.com/channel/UCoYcb4h8mWb18UkoEu6pgoA/featured
Geared Up,14 N Franklin Ave  Pinedale  WY 82941  United States,14 N Franklin Ave,Pinedale,82941,Wyoming,US,America/Denver,13073995539,,http://www.gearedupbikes.com/,gearedupbikes.com,Bicycle store,Bicycle rental service,Yes,36,4.9,open,"Saturday, 10 AM-3 PM; Sunday, Closed; Monday, Closed; Tuesday, 10 AM-5 PM; Wednesday, 10 AM-5 PM; Thursday, 10 AM-5 PM; Friday, 10 AM-5 PM; ",10 AM-3 PM,Closed,Closed,10 AM-5 PM,10 AM-5 PM,10 AM-5 PM,10 AM-5 PM,Lat 42.8669525,Lng -109.8642339,https://www.google.com/maps/place/?q=place_id:ChIJCRv-9E2XV4cRgGwYtqgnMso,https://www.google.com/search?kgmid=/g/11h3pyzz9l,https://lh5.googleusercontent.com/p/CIHM0ogKEICAgIDGyMD5aQ,"https://t1.gstatic.com/faviconV2?client=SOCIAL&type=FAVICON&fallback_opts=TYPE,SIZE,URL&url=http://www.gearedupbikes.com/&size=48","https://search.google.com/local/reviews?placeid=ChIJCRv-9E2XV4cRgGwYtqgnMso&q=bicycle+shop+near+Kemmerer,+wyoming,+USA&authuser=0&hl=en",, , ,,
The Bike and Trike,612 Broadway St  Rock Springs  WY 82901  United States,612 Broadway St,Rock Springs,82901,Wyoming,US,America/Denver,13073829677,,https://bikeandtrike.com/,bikeandtrike.com,Bicycle store,Bicycle repair shop,Yes,168,4.9,open,"Saturday, 10 AM-4 PM; Sunday, Closed; Monday, 8 AM-6 PM; Tuesday, 8 AM-6 PM; Wednesday, 8 AM-6 PM; Thursday, 8 AM-6 PM; Friday, 8 AM-6 PM; ",10 AM-4 PM,Closed,8 AM-6 PM,8 AM-6 PM,8 AM-6 PM,8 AM-6 PM,8 AM-6 PM,Lat 41.5869796,Lng -109.21780749999999,https://www.google.com/maps/place/?q=place_id:ChIJIZ5d-PFgWocRshdgYIBYWY0,https://www.google.com/search?kgmid=/g/1tp8_jcp,https://lh5.googleusercontent.com/p/AF1QipO1fXbqqpwlP2e0qs4CaC6wAndY48ic21J27i-c,"https://t1.gstatic.com/faviconV2?client=SOCIAL&type=FAVICON&fallback_opts=TYPE,SIZE,URL&url=https://bikeandtrike.com/&size=48","https://search.google.com/local/reviews?placeid=ChIJIZ5d-PFgWocRshdgYIBYWY0&q=bicycle+shop+near+Thermopolis,+wyoming,+USA&authuser=0&hl=en",, , ,,
E-Bikes of Jackson Hole,150 Scott Ln Unit C  Jackson  WY 83002  United States,150 Scott Ln Unit C,Jackson,83002,Wyoming,US,America/Denver,13077337375,,https://ebikejacksonhole.com/,ebikejacksonhole.com,Bicycle store,Bicycle repair shop,Yes,69,4.8,open,"Saturday, 11 AM-5 PM; Sunday, Closed; Monday, 11 AM-5 PM; Tuesday, 11 AM-5 PM; Wednesday, 11 AM-5 PM; Thursday, 11 AM-5 PM; Friday, 11 AM-5 PM; ",11 AM-5 PM,Closed,11 AM-5 PM,11 AM-5 PM,11 AM-5 PM,11 AM-5 PM,11 AM-5 PM,Lat 43.472335099999995,Lng -110.7818889,https://www.google.com/maps/place/?q=place_id:ChIJP4u6AWYaU1MR0CM-gTMOMCg,https://www.google.com/search?kgmid=/g/11f08zyb68,https://lh5.googleusercontent.com/p/CIHM0ogKEICAgICqpuPztwE,"https://t1.gstatic.com/faviconV2?client=SOCIAL&type=FAVICON&fallback_opts=TYPE,SIZE,URL&url=https://ebikejacksonhole.com/&size=48","https://search.google.com/local/reviews?placeid=ChIJP4u6AWYaU1MR0CM-gTMOMCg&q=bicycle+shop+near+Rafter+J+Ranch,+wyoming,+USA&authuser=0&hl=en",1-307-733-7375,https://www.facebook.com/ebikesjh, ,https://www.instagram.com/ebikesjh/,
Pedego Electric Bikes Teton Village,7680 Granite Loop Rd  Teton Village  WY 83025  United States,7680 Granite Loop Rd,Teton Village,83025,Wyoming,US,America/Denver,13076901969,,https://pedegoelectricbikes.com/dealers/teton-village/,pedegoelectricbikes.com,Bicycle store,Bicycle rental service,Yes,1,5,open,"Friday, 9 AM-5 PM; Saturday, 9 AM-5 PM; Sunday, 9 AM-5 PM; Monday, 9 AM-5 PM; Tuesday, 9 AM-5 PM; Wednesday, 9 AM-5 PM; Thursday, 9 AM-5 PM; ",9 AM-5 PM,9 AM-5 PM,9 AM-5 PM,9 AM-5 PM,9 AM-5 PM,9 AM-5 PM,9 AM-5 PM,Lat 43.589248,Lng -110.826911,https://www.google.com/maps/place/?q=place_id:ChIJPU5j7LoFU1MRAaQ9dxErNQw,https://www.google.com/search?kgmid=/g/11rbdxgdfc,https://lh5.googleusercontent.com/p/AF1QipMkkePohZRK4xP3vCa5zFfhNtqdOvpPzKXCiYJ3,"https://t1.gstatic.com/faviconV2?client=SOCIAL&type=FAVICON&fallback_opts=TYPE,SIZE,URL&url=https://pedegoelectricbikes.com/dealers/teton-village/&size=48","https://search.google.com/local/reviews?placeid=ChIJPU5j7LoFU1MRAaQ9dxErNQw&q=bicycle+shop+near+Pavillion,+wyoming,+USA&authuser=0&hl=en",, , , , 
Rock On Wheels,900 E Lincolnway  Cheyenne  WY 82001  United States,900 E Lincolnway,Cheyenne,82001,Wyoming,US,America/Denver,13076370020,,https://shop.rockonwheels.net/,shop.rockonwheels.net,Bicycle store,Bicycle rental service,Yes,632,4.9,open,"Saturday, 9 AM-6 PM; Sunday, 11 AM-5 PM; Monday, 9:30 AM-6:30 PM; Tuesday, 9:30 AM-6:30 PM; Wednesday, Closed; Thursday, 9:30 AM-6:30 PM; Friday, 9:30 AM-6:30 PM; ",9 AM-6 PM,11 AM-5 PM,9:30 AM-6:30 PM,9:30 AM-6:30 PM,Closed,9:30 AM-6:30 PM,9:30 AM-6:30 PM,Lat 41.1367781,Lng -104.8051132,https://www.google.com/maps/place/?q=place_id:ChIJpwbx5N06b4cRfcH4QQ54n08,https://www.google.com/search?kgmid=/g/1td2bv3w,https://lh5.googleusercontent.com/p/AF1QipOvBdl_zKvd1oPHTIps54f1dYW73EiohSTZqe4h,"https://t1.gstatic.com/faviconV2?client=SOCIAL&type=FAVICON&fallback_opts=TYPE,SIZE,URL&url=https://shop.rockonwheels.net/&size=48","https://search.google.com/local/reviews?placeid=ChIJpwbx5N06b4cRfcH4QQ54n08&q=bicycle+shop+near+Thermopolis,+wyoming,+USA&authuser=0&hl=en",,https://www.facebook.com/rockonwheelswyo, ,https://www.instagram.com/rockonwheels_cycleski/,
The Bicycle Shop,504 East Lakeway Road  Gillette  WY 82718  United States,504 East Lakeway Road,Gillette,82718,Wyoming,US,America/Denver,13076829157,,https://shopprimetime.net/,shopprimetime.net,Bicycle store,Bicycle repair shop,Yes,35,4.7,open,"Friday, 10 AM-6 PM; Saturday, 10 AM-4 PM; Sunday, Closed; Monday, Closed; Tuesday, 10 AM-6 PM; Wednesday, 10 AM-6 PM; Thursday, 10 AM-6 PM; ",10 AM-4 PM,Closed,Closed,10 AM-6 PM,10 AM-6 PM,10 AM-6 PM,10 AM-6 PM,Lat 44.2686376,Lng -105.4961623,https://www.google.com/maps/place/?q=place_id:ChIJs_4YsM-VNFMROx8Uq57GRzo,https://www.google.com/search?kgmid=/g/1th0mkkc,https://lh5.googleusercontent.com/p/AF1QipNJ1vBxbN7H9dwV23iuqf_hM3lzy6U4oYcCpKZr,"https://t1.gstatic.com/faviconV2?client=SOCIAL&type=FAVICON&fallback_opts=TYPE,SIZE,URL&url=https://shopprimetime.net/&size=48","https://search.google.com/local/reviews?placeid=ChIJs_4YsM-VNFMROx8Uq57GRzo&q=bicycle+shop+near+Gillette,+wyoming,+USA&authuser=0&hl=en",,https://www.facebook.com/primetimewy/, ,https://www.instagram.com/primetimewy/,
Bicycle Station,2634 Dell Range Blvd  Cheyenne  WY 82009  United States,2634 Dell Range Blvd,Cheyenne,82009,Wyoming,US,America/Denver,13076344268,,http://bicyclestation.com/,bicyclestation.com,Bicycle store,Bicycle repair shop,Yes,112,4.6,open,"Saturday, 9 AM-6 PM; Sunday, 11 AM-5 PM; Monday, 9:30 AM-6:30 PM; Tuesday, 9:30 AM-6:30 PM; Wednesday, 9:30 AM-6:30 PM; Thursday, 9:30 AM-6:30 PM; Friday, 9:30 AM-6:30 PM; ",9 AM-6 PM,11 AM-5 PM,9:30 AM-6:30 PM,9:30 AM-6:30 PM,9:30 AM-6:30 PM,9:30 AM-6:30 PM,9:30 AM-6:30 PM,Lat 41.1603721,Lng -104.7764318,https://www.google.com/maps/place/?q=place_id:ChIJS-qQrwo7b4cRHgru7gMSnGk,https://www.google.com/search?kgmid=/g/1tkf1gmb,https://lh5.googleusercontent.com/p/AF1QipMzAuRmDkwSozot7tDszCeFWKxLmbjycULPpTY6,"https://t1.gstatic.com/faviconV2?client=SOCIAL&type=FAVICON&fallback_opts=TYPE,SIZE,URL&url=http://bicyclestation.com/&size=48","https://search.google.com/local/reviews?placeid=ChIJS-qQrwo7b4cRHgru7gMSnGk&q=bicycle+shop+near+Thermopolis,+wyoming,+USA&authuser=0&hl=en",13076344268,https://www.facebook.com/bicyclestationwy, ,,
Open Range Cycles (formerly Fitzgerald's Bicycles),500 US-89 #11852  Jackson  WY 83001  United States,500 US-89 #11852,Jackson,83001,Wyoming,US,America/Denver,13072015453,,https://www.openrangecycles.com/,openrangecycles.com,Bicycle store,Bicycle rental service,Yes,27,4.9,open,"Saturday, 10 AM-4 PM; Sunday, Closed; Monday, Closed; Tuesday, 10 AM-6 PM; Wednesday, 10 AM-6 PM; Thursday, 10 AM-6 PM; Friday, 10 AM-6 PM; ",10 AM-4 PM,Closed,Closed,10 AM-6 PM,10 AM-6 PM,10 AM-6 PM,10 AM-6 PM,Lat 43.4701281,Lng -110.79116719999999,https://www.google.com/maps/place/?q=place_id:ChIJWX7VFnoRU1MR3si5Tr70Rcg,https://www.google.com/search?kgmid=/g/11vq_p4200,https://lh5.googleusercontent.com/p/AF1QipOddyInmXI4_Wuc5EvgCK1zCY4Q_T9iOjdwEV0,"https://t1.gstatic.com/faviconV2?client=SOCIAL&type=FAVICON&fallback_opts=TYPE,SIZE,URL&url=https://www.openrangecycles.com/&size=48","https://search.google.com/local/reviews?placeid=ChIJWX7VFnoRU1MR3si5Tr70Rcg&q=bicycle+shop+near+Greybull,+wyoming,+USA&authuser=0&hl=en",,https://www.facebook.com/openrangecyclesjh, ,https://www.instagram.com/openrangecycles,
Zeelo's Cranks N Planks,4250 S Poplar St  Casper  WY 82601  United States,4250 S Poplar St,Casper,82601,Wyoming,US,America/Denver,13072334058,,https://www.facebook.com/zeeloscp/,facebook.com,Bicycle store,Bicycle repair shop,Yes,40,4.8,open,"Saturday, 10 AM-3 PM; Sunday, Closed; Monday, 10 AM-6 PM; Tuesday, 10 AM-6 PM; Wednesday, 10 AM-6 PM; Thursday, 10 AM-6 PM; Friday, 10 AM-6 PM; ",10 AM-3 PM,Closed,10 AM-6 PM,10 AM-6 PM,10 AM-6 PM,10 AM-6 PM,10 AM-6 PM,Lat 42.8088103,Lng -106.3450623,https://www.google.com/maps/place/?q=place_id:ChIJX3Vc3iy7YIcR3ozDtgHk2JM,https://www.google.com/search?kgmid=/g/11bwkkh17p,https://lh5.googleusercontent.com/p/AF1QipN5_dzlwYA2bnfbD8uJuPeuXWoti6Vf9od8owg2,"https://t1.gstatic.com/faviconV2?client=SOCIAL&type=FAVICON&fallback_opts=TYPE,SIZE,URL&url=https://www.facebook.com/zeeloscp/&size=48","https://search.google.com/local/reviews?placeid=ChIJX3Vc3iy7YIcR3ozDtgHk2JM&q=bicycle+shop+near+Thermopolis,+wyoming,+USA&authuser=0&hl=en",,https://www.facebook.com/recover/initiate/?ars=facebook_login&cancel_lara_pswd=0&next=https%3A%2F%2Fwww.facebook.com%2Fzeeloscp%2F, ,https://l.facebook.com/l.php?u=https%3A%2F%2Fwww.instagram.com%2F&h=AT3r3V_hwGz2p-HNO8-eNaqcjE1edka-RBe9ptjwtf9lAnuBho2xGJchfTsQP3Kda-M-0fMp78_CmJQorh7K3r_2QMJZsvoowB4hjWikgfbsNEHPq0E2Ll5AVfbq28dlDn4YSpMsqRqSq6d9x6LdxQ,
Mountain Sports,543 S Center St  Casper  WY 82601  United States,543 S Center St,Casper,82601,Wyoming,US,America/Denver,13072661136,,http://caspermtnsports.com/,caspermtnsports.com,Bicycle store,Rock climbing,Yes,310,4.9,open,"Saturday, 10 AM-6 PM; Sunday, 12-4 PM; Monday, 10 AM-6 PM; Tuesday, 10 AM-6 PM; Wednesday, 10 AM-6 PM; Thursday, 10 AM-6 PM; Friday, 10 AM-6 PM; ",10 AM-6 PM,12-4 PM,10 AM-6 PM,10 AM-6 PM,10 AM-6 PM,10 AM-6 PM,10 AM-6 PM,Lat 42.844781999999995,Lng -106.32492219999999,https://www.google.com/maps/place/?q=place_id:ChIJxQDFUaC8YIcRg4lWE8C3gvg,https://www.google.com/search?kgmid=/g/1td1dx75,https://lh5.googleusercontent.com/p/CIHM0ogKEICAgIDEw96kOQ,"https://t1.gstatic.com/faviconV2?client=SOCIAL&type=FAVICON&fallback_opts=TYPE,SIZE,URL&url=http://caspermtnsports.com/&size=48","https://search.google.com/local/reviews?placeid=ChIJxQDFUaC8YIcRg4lWE8C3gvg&q=bicycle+shop+near+Thermopolis,+wyoming,+USA&authuser=0&hl=en",13072661136,https://www.facebook.com/locally/, ,,
All Terrain Sports,412 Grand Ave  Laramie  WY 82070  United States,412 Grand Ave,Laramie,82070,Wyoming,US,America/Denver,13077218036,,https://allterrainsports.com/,allterrainsports.com,Bicycle store,Bicycle repair shop,Yes,156,4.9,open,"Friday, 10 AM-6 PM; Saturday, 10 AM-5:30 PM; Sunday, Closed; Monday, 10 AM-6 PM; Tuesday, 10 AM-6 PM; Wednesday, 10 AM-6 PM; Thursday, 10 AM-6 PM; ",10 AM-5:30 PM,Closed,10 AM-6 PM,10 AM-6 PM,10 AM-6 PM,10 AM-6 PM,10 AM-6 PM,Lat 41.3107085,Lng -105.5915445,https://www.google.com/maps/place/?q=place_id:ChIJXRqgYx6QaIcR-sKjJzOV5D8,https://www.google.com/search?kgmid=/g/1tcvccm5,https://lh5.googleusercontent.com/p/AF1QipNpdYNUK0hNg-828Urc-DQT_ls44Zh1uBN18Yma,"https://t1.gstatic.com/faviconV2?client=SOCIAL&type=FAVICON&fallback_opts=TYPE,SIZE,URL&url=https://allterrainsports.com/&size=48","https://search.google.com/local/reviews?placeid=ChIJXRqgYx6QaIcR-sKjJzOV5D8&q=bicycle+shop+near+Laramie,+wyoming,+USA&authuser=0&hl=en",, , , , 
The Hub Bicycles,410 W Pearl Ave  Jackson  WY 83001  United States,410 W Pearl Ave,Jackson,83001,Wyoming,US,America/Denver,13072006144,,http://www.thehubbikes.com/,thehubbikes.com,Bicycle store,Bicycle rental service,Yes,60,4.7,open,"Saturday, 10 AM-6 PM; Sunday, Closed; Monday, 10 AM-6 PM; Tuesday, 10 AM-6 PM; Wednesday, 10 AM-6 PM; Thursday, 10 AM-6 PM; Friday, 10 AM-6 PM; ",10 AM-6 PM,Closed,10 AM-6 PM,10 AM-6 PM,10 AM-6 PM,10 AM-6 PM,10 AM-6 PM,Lat 43.4782404,Lng -110.76805159999999,https://www.google.com/maps/place/?q=place_id:ChIJY1LXsZ0QU1MRLzFGNu3DSfg,https://www.google.com/search?kgmid=/g/1vmr110z,https://lh5.googleusercontent.com/p/AF1QipOkg_noClX6OUAcxauLgkGctg9TiMtl2l8ylxvQ,"https://t1.gstatic.com/faviconV2?client=SOCIAL&type=FAVICON&fallback_opts=TYPE,SIZE,URL&url=http://www.thehubbikes.com/&size=48","https://search.google.com/local/reviews?placeid=ChIJY1LXsZ0QU1MRLzFGNu3DSfg&q=bicycle+shop+near+Thermopolis,+wyoming,+USA&authuser=0&hl=en",13072006144,http://facebook.com/thehubbicycles, ,http://instagram.com/thehub_jh,
Electric Bike King,5830 E 2nd St Ste 7000 #17764  Casper  WY 82609  United States,5830 E 2nd St Ste 7000 #17764,Casper,82609,Wyoming,US,America/Denver,18556383216,,https://electricbikeking.com/,electricbikeking.com,Electric bicycle store, ,Yes,,,open,"Saturday, 9 AM-5 PM; Sunday, 9 AM-5 PM; Monday, 9 AM-5 PM; Tuesday, 9 AM-5 PM; Wednesday, 9 AM-5 PM; Thursday, 9 AM-5 PM; Friday, 9 AM-5 PM; ",9 AM-5 PM,9 AM-5 PM,9 AM-5 PM,9 AM-5 PM,9 AM-5 PM,9 AM-5 PM,9 AM-5 PM,Lat 42.8448132,Lng -106.23773489999999,https://www.google.com/maps/place/?q=place_id:ChIJ38oCFKB-tQ0RnoXSY1tTaVs,https://www.google.com/search?kgmid=/g/11w_m_tpyn,https://lh5.googleusercontent.com/p/AII_fMw9C-T5xrNUq-VYDA,"https://t1.gstatic.com/faviconV2?client=SOCIAL&type=FAVICON&fallback_opts=TYPE,SIZE,URL&url=https://electricbikeking.com/&size=48", ,, , , , 
JH Sports,7720 Granite Loop Rd  Teton Village  WY 83025  United States,7720 Granite Loop Rd,Teton Village,83025,Wyoming,US,America/Denver,13077392687,,https://www.jacksonhole.com/jh-sports.html,jacksonhole.com,Bicycle rental service,,Yes,122,4.6,open,"Saturday, 9 AM-5 PM; Sunday, 9 AM-5 PM; Monday, Closed; Tuesday, Closed; Wednesday, Closed; Thursday, 9 AM-5 PM; Friday, 9 AM-5 PM; ",9 AM-5 PM,9 AM-5 PM,Closed,Closed,Closed,9 AM-5 PM,9 AM-5 PM,Lat 43.5886352,Lng -110.8277612,https://www.google.com/maps/place/?q=place_id:ChIJq2Sy_tUFU1MR0N8gT9o2mDM,https://www.google.com/search?kgmid=/g/1vy7g7gg,https://lh5.googleusercontent.com/p/AF1QipPwDrBUB-9G1MFMithMKgv52frkfQ-i0cuktZsb,"https://t1.gstatic.com/faviconV2?client=SOCIAL&type=FAVICON&fallback_opts=TYPE,SIZE,URL&url=https://www.jacksonhole.com/jh-sports.html&size=48","https://search.google.com/local/reviews?placeid=ChIJq2Sy_tUFU1MR0N8gT9o2mDM&q=bicycle+shop+near+Teton+Village,+wyoming,+USA&authuser=0&hl=en",307-739-2687 | 307-739-2690 | 307-739-2689 | 1-888-333-7766 | 1-307-733-2292,https://www.facebook.com/jacksonhole/,https://twitter.com/jhski,https://www.instagram.com/JacksonHole/,https://www.youtube.com/user/jacksonholemtnresort
HIVE Ebikes,312 W 2nd St unit a4255  Casper  WY 82601  United States,312 W 2nd St unit a4255,Casper,82601,Wyoming,US,America/Denver,,,https://hiveebikes.com/,hiveebikes.com,Electric bicycle store,,No,1,5,open,"Saturday, 10 AM-6 PM; Sunday, Closed; Monday, 7 AM-6 PM; Tuesday, 7 AM-6 PM; Wednesday, 7 AM-6 PM; Thursday, 7 AM-6 PM; Friday, 7 AM-6 PM; ",10 AM-6 PM,Closed,7 AM-6 PM,7 AM-6 PM,7 AM-6 PM,7 AM-6 PM,7 AM-6 PM,Lat 42.8493232,Lng -106.3291481,https://www.google.com/maps/place/?q=place_id:ChIJc9RBP9-9YIcRdAt18cWM-ko,https://www.google.com/search?kgmid=/g/11y5g__233,https://lh5.googleusercontent.com/p/iuQ3gVy9IQA_6m1oL_3t1A,"https://t1.gstatic.com/faviconV2?client=SOCIAL&type=FAVICON&fallback_opts=TYPE,SIZE,URL&url=https://hiveebikes.com/&size=48","https://search.google.com/local/reviews?placeid=ChIJc9RBP9-9YIcRdAt18cWM-ko&q=bicycle+shop+near+Evansville,+wyoming,+USA&authuser=0&hl=en",, , , , 
The Sports Lure,66 S Main St  Buffalo  WY 82834  United States,66 S Main St,Buffalo,82834,Wyoming,US,America/Denver,13076847682,,https://www.sportslure.com/,sportslure.com,Bicycle Shop,,Yes,289,4.7,open,"Friday, 8 AM-6 PM; Saturday, 8 AM-6 PM; Sunday, 10 AM-4 PM; Monday, 8 AM-6 PM; Tuesday, 8 AM-6 PM; Wednesday, 8 AM-6 PM; Thursday, 8 AM-6 PM; ",8 AM-6 PM,10 AM-4 PM,8 AM-6 PM,8 AM-6 PM,8 AM-6 PM,8 AM-6 PM,8 AM-6 PM,Lat 44.3458861,Lng -106.6987278,https://www.google.com/maps/place/?q=place_id:ChIJyVgxMl14NVMRLEp_FYr4Pj8,https://www.google.com/search?kgmid=/g/1tm8dn9d,https://lh5.googleusercontent.com/p/2JBYrz7kHBIL6XEY2wNqLQ,"https://t1.gstatic.com/faviconV2?client=SOCIAL&type=FAVICON&fallback_opts=TYPE,SIZE,URL&url=https://www.sportslure.com/&size=48",https://search.google.com/local/reviews?placeid=ChIJyVgxMl14NVMRLEp_FYr4Pj8&q=The+Sports+Lure&authuser=0&hl=en,,https://www.facebook.com/sportslure/, ,https://www.instagram.com/thesportslure/,
Bates Creek Mobile Bicycle Repair,,,Rafter J Ranch,,wyoming,US,America/Denver,13072775167,,,,Bicycle repair shop,Bicycle rental service,Yes,,,open,"Saturday, 10 AM-4 PM; Sunday, Closed; Monday, Closed; Tuesday, 10 AM-5 PM; Wednesday, 10 AM-5 PM; Thursday, 10 AM-5 PM; Friday, 10 AM-5 PM; ",10 AM-4 PM,Closed,Closed,10 AM-5 PM,10 AM-5 PM,10 AM-5 PM,10 AM-5 PM,Lat 43.179905,Lng -110.7013144,https://www.google.com/maps/place/?q=place_id:ChIJq52wxUIaU1MREJM2MIGVh2s,https://www.google.com/search?kgmid=/g/11c58s_gtw,https://lh5.googleusercontent.com/p/AF1QipMQrxSnXADCIihplYGhBhb-TqwYnBEFQfNHZdTf, , , , , , , 
Door 2 Door E-Bike Rentals & Delivery in Jackson Hole,,,Rafter J Ranch,,wyoming,US,America/Denver,13072642648,,https://ebikerentalsjacksonhole.com/,ebikerentalsjacksonhole.com,Bicycle rental service,Service establishment,Yes,282,5,open,"Saturday, 9 AM-8 PM; Sunday, 9 AM-8 PM; Monday, 9 AM-8 PM; Tuesday, 9 AM-8 PM; Wednesday, 9 AM-8 PM; Thursday, 9 AM-8 PM; Friday, 9 AM-8 PM; ",9 AM-8 PM,9 AM-8 PM,9 AM-8 PM,9 AM-8 PM,9 AM-8 PM,9 AM-8 PM,9 AM-8 PM,Lat 43.523191499999996,Lng -110.84763149999999,https://www.google.com/maps/place/?q=place_id:ChIJv4lHsEQRU1MRj1evC5wpDJo,https://www.google.com/search?kgmid=/g/11q25x6g70,https://lh5.googleusercontent.com/p/AF1QipNErSbMY8GwCvB3hTZprNBTNHlGPX9-TSDLyIDt,"https://t1.gstatic.com/faviconV2?client=SOCIAL&type=FAVICON&fallback_opts=TYPE,SIZE,URL&url=https://ebikerentalsjacksonhole.com/&size=48","https://search.google.com/local/reviews?placeid=ChIJv4lHsEQRU1MRj1evC5wpDJo&q=bicycle+shop+near+Rafter+J+Ranch,+wyoming,+USA&authuser=0&hl=en",,https://www.facebook.com/door2doorebike, ,https://www.instagram.com/door2doorebikes/,
Jackson Mobile Bike Tuning,,,Rafter J Ranch,,wyoming,US,America/Denver,13072640975,,http://jacksonmobilebike.com/,jacksonmobilebike.com,Bicycle repair shop,Service establishment,Yes,8,5,open,"Saturday, Closed; Sunday, Closed; Monday, 8 AM-5 PM; Tuesday, 8 AM-5 PM; Wednesday, 8 AM-5 PM; Thursday, 8 AM-5 PM; Friday, 8 AM-5 PM; ",Closed,Closed,8 AM-5 PM,8 AM-5 PM,8 AM-5 PM,8 AM-5 PM,8 AM-5 PM,Lat 43.950897499999996,Lng -110.72599249999999,https://www.google.com/maps/place/?q=place_id:ChIJ0TobO0F-BgERrS86fn3GYvY,https://www.google.com/search?kgmid=/g/11t3203l6q,https://lh5.googleusercontent.com/p/AF1QipMGWm_9XzjfjunPh5kXoEApmsQrMN25TIeChvsC,"https://t1.gstatic.com/faviconV2?client=SOCIAL&type=FAVICON&fallback_opts=TYPE,SIZE,URL&url=http://jacksonmobilebike.com/&size=48","https://search.google.com/local/reviews?placeid=ChIJ0TobO0F-BgERrS86fn3GYvY&q=bicycle+shop+near+Rafter+J+Ranch,+wyoming,+USA&authuser=0&hl=en",,https://www.facebook.com/jacksonmobilebiketuning, ,https://www.instagram.com/jacksonmobilebike/,
Crazy Pedaler Bike Hub,254 W 1st St  Casper  WY 82601  United States,254 W 1st St,Casper,82601,Wyoming,US,America/Denver,13072356353,,http://gearupandgetoutthere.com/,gearupandgetoutthere.com,Bicycle store,Bicycle rental service,Yes,17,4.5,permanently closed, ,,,,,,,,Lat 42.8502952,Lng -106.32801979999999,https://www.google.com/maps/place/?q=place_id:ChIJb5bBcaO8YIcRRfmOcOBt7Go,https://www.google.com/search?kgmid=/g/11b_2xxy4w,https://lh5.googleusercontent.com/p/AF1QipO6l7wbbCuFSzIaP3cTW-K0kaIsq51DxUqOc5go,"https://t1.gstatic.com/faviconV2?client=SOCIAL&type=FAVICON&fallback_opts=TYPE,SIZE,URL&url=http://gearupandgetoutthere.com/&size=48","https://search.google.com/local/reviews?placeid=ChIJb5bBcaO8YIcRRfmOcOBt7Go&q=bicycle+shop+near+Evansville,+wyoming,+USA&authuser=0&hl=en",,https://www.facebook.com/GearUpCasper, ,https://instagram.com/gearup307/,
FITZGERALDS BICYCLES,500 US-89  Jackson  WY 83001  United States,500 US-89,Jackson,83001,Wyoming,US,America/Denver,13072015453,,http://www.openrangecycles.com/,openrangecycles.com,Bicycle store,Bicycle rental service,Yes,57,4.8,permanently closed, ,,,,,,,,Lat 43.4701281,Lng -110.79116719999999,https://www.google.com/maps/place/?q=place_id:ChIJGyYP-5sQU1MRoBz0vUMn5Fc,https://www.google.com/search?kgmid=/g/11dxkvsmrl,https://lh5.googleusercontent.com/p/AF1QipOkxqZhFyojpce401bzj3pMCLaEtLzmib1_OKos,"https://t1.gstatic.com/faviconV2?client=SOCIAL&type=FAVICON&fallback_opts=TYPE,SIZE,URL&url=http://www.openrangecycles.com/&size=48","https://search.google.com/local/reviews?placeid=ChIJGyYP-5sQU1MRoBz0vUMn5Fc&q=bicycle+shop+near+Taylor,+wyoming,+USA&authuser=0&hl=en",,https://www.facebook.com/openrangecyclesjh, ,https://www.instagram.com/openrangecycles,
Greyhair Bike Repair,1500 N Riverbend Dr  Green River  WY 82935  United States,1500 N Riverbend Dr,Green River,82935,Wyoming,US,America/Denver,13078751445,,,,Bicycle repair shop, ,No,1,5,Temporarily closed, ,,,,,,,,Lat 41.505899899999996,Lng -109.452553,https://www.google.com/maps/place/?q=place_id:ChIJBYM6__J9WocRUmbpnOn-ZnM,https://www.google.com/search?kgmid=/g/1thzv8lb,https://lh5.googleusercontent.com/p/tLxnKkvpGekQqqvuUjnHjw, ,"https://search.google.com/local/reviews?placeid=ChIJBYM6__J9WocRUmbpnOn-ZnM&q=bicycle+shop+near+Lyman,+wyoming,+USA&authuser=0&hl=en", , , , , 
Blazer Bicycle,530 E 19th Ave  Torrington  WY 82240  United States,530 E 19th Ave,Torrington,82240,Wyoming,US,America/Denver,13075346457,,,,Bicycle store, ,Yes,,,Temporarily closed, ,,,,,,,,Lat 42.063243899999996,Lng -104.17804079999999,https://www.google.com/maps/place/?q=place_id:ChIJe4yWsKcOZYcRS7lKE5M_sFQ,https://www.google.com/search?kgmid=/g/11d_dpvk11,https://lh5.googleusercontent.com/p/AF1QipMmi5G8vKoPoMMNYnbZP9Hh0OtWP5eV0vIusx8L, , , , , , , 
Adventure Sports,10 Moose Lane  Moose  WY 83012  United States,10 Moose Lane,Moose,83012,Wyoming,US,America/Denver,13077333307,,https://dornans.com/adventure/,dornans.com,Bicycle rental service,,Yes,29,4.3,Temporarily closed, ,,,,,,,,Lat 43.656635,Lng -110.7107686,https://www.google.com/maps/place/?q=place_id:ChIJR3LrPTAAU1MRkOP2O-b8AFQ,https://www.google.com/search?kgmid=/g/1tvylfkd,https://lh5.googleusercontent.com/p/CIHM0ogKEICAgIC48uLMjwE,"https://t1.gstatic.com/faviconV2?client=SOCIAL&type=FAVICON&fallback_opts=TYPE,SIZE,URL&url=https://dornans.com/adventure/&size=48","https://search.google.com/local/reviews?placeid=ChIJR3LrPTAAU1MRkOP2O-b8AFQ&q=bicycle+shop+near+Pavillion,+wyoming,+USA&authuser=0&hl=en",,https://www.facebook.com/MooseEnterprises/, ,https://www.instagram.com/dornans_in_moose/?hl=en,